Started GET "/" for 127.0.0.1 at 2017-05-19 15:31:40 +0530
  
Mysql2::Error (Access denied for user 'root'@'localhost' (using password: YES)):
  
mysql2 (0.4.6) lib/mysql2/client.rb:89:in `connect'
mysql2 (0.4.6) lib/mysql2/client.rb:89:in `initialize'
activerecord (5.0.3) lib/active_record/connection_adapters/mysql2_adapter.rb:25:in `new'
activerecord (5.0.3) lib/active_record/connection_adapters/mysql2_adapter.rb:25:in `mysql2_connection'
activerecord (5.0.3) lib/active_record/connection_adapters/abstract/connection_pool.rb:729:in `new_connection'
activerecord (5.0.3) lib/active_record/connection_adapters/abstract/connection_pool.rb:773:in `checkout_new_connection'
activerecord (5.0.3) lib/active_record/connection_adapters/abstract/connection_pool.rb:752:in `try_to_checkout_new_connection'
activerecord (5.0.3) lib/active_record/connection_adapters/abstract/connection_pool.rb:713:in `acquire_connection'
activerecord (5.0.3) lib/active_record/connection_adapters/abstract/connection_pool.rb:490:in `checkout'
activerecord (5.0.3) lib/active_record/connection_adapters/abstract/connection_pool.rb:364:in `connection'
activerecord (5.0.3) lib/active_record/connection_adapters/abstract/connection_pool.rb:883:in `retrieve_connection'
activerecord (5.0.3) lib/active_record/connection_handling.rb:128:in `retrieve_connection'
activerecord (5.0.3) lib/active_record/connection_handling.rb:91:in `connection'
activerecord (5.0.3) lib/active_record/migration.rb:559:in `connection'
activerecord (5.0.3) lib/active_record/migration.rb:546:in `call'
actionpack (5.0.3) lib/action_dispatch/middleware/callbacks.rb:38:in `block in call'
activesupport (5.0.3) lib/active_support/callbacks.rb:97:in `__run_callbacks__'
activesupport (5.0.3) lib/active_support/callbacks.rb:750:in `_run_call_callbacks'
activesupport (5.0.3) lib/active_support/callbacks.rb:90:in `run_callbacks'
actionpack (5.0.3) lib/action_dispatch/middleware/callbacks.rb:36:in `call'
actionpack (5.0.3) lib/action_dispatch/middleware/executor.rb:12:in `call'
actionpack (5.0.3) lib/action_dispatch/middleware/remote_ip.rb:79:in `call'
actionpack (5.0.3) lib/action_dispatch/middleware/debug_exceptions.rb:49:in `call'
web-console (3.5.1) lib/web_console/middleware.rb:135:in `call_app'
web-console (3.5.1) lib/web_console/middleware.rb:28:in `block in call'
web-console (3.5.1) lib/web_console/middleware.rb:18:in `catch'
web-console (3.5.1) lib/web_console/middleware.rb:18:in `call'
actionpack (5.0.3) lib/action_dispatch/middleware/show_exceptions.rb:31:in `call'
railties (5.0.3) lib/rails/rack/logger.rb:36:in `call_app'
railties (5.0.3) lib/rails/rack/logger.rb:24:in `block in call'
activesupport (5.0.3) lib/active_support/tagged_logging.rb:69:in `block in tagged'
activesupport (5.0.3) lib/active_support/tagged_logging.rb:26:in `tagged'
activesupport (5.0.3) lib/active_support/tagged_logging.rb:69:in `tagged'
railties (5.0.3) lib/rails/rack/logger.rb:24:in `call'
sprockets-rails (3.2.0) lib/sprockets/rails/quiet_assets.rb:13:in `call'
actionpack (5.0.3) lib/action_dispatch/middleware/request_id.rb:24:in `call'
rack (2.0.3) lib/rack/method_override.rb:22:in `call'
rack (2.0.3) lib/rack/runtime.rb:22:in `call'
activesupport (5.0.3) lib/active_support/cache/strategy/local_cache_middleware.rb:28:in `call'
actionpack (5.0.3) lib/action_dispatch/middleware/executor.rb:12:in `call'
actionpack (5.0.3) lib/action_dispatch/middleware/static.rb:136:in `call'
rack (2.0.3) lib/rack/sendfile.rb:111:in `call'
railties (5.0.3) lib/rails/engine.rb:522:in `call'
puma (3.8.2) lib/puma/configuration.rb:224:in `call'
puma (3.8.2) lib/puma/server.rb:600:in `handle_request'
puma (3.8.2) lib/puma/server.rb:435:in `process_client'
puma (3.8.2) lib/puma/server.rb:299:in `block in run'
puma (3.8.2) lib/puma/thread_pool.rb:120:in `block in spawn_thread'
  Rendering /home/usman/.rbenv/versions/2.4.0/lib/ruby/gems/2.4.0/gems/actionpack-5.0.3/lib/action_dispatch/middleware/templates/rescues/diagnostics.html.erb within rescues/layout
  Rendering /home/usman/.rbenv/versions/2.4.0/lib/ruby/gems/2.4.0/gems/actionpack-5.0.3/lib/action_dispatch/middleware/templates/rescues/_source.html.erb
  Rendered /home/usman/.rbenv/versions/2.4.0/lib/ruby/gems/2.4.0/gems/actionpack-5.0.3/lib/action_dispatch/middleware/templates/rescues/_source.html.erb (4.3ms)
  Rendering /home/usman/.rbenv/versions/2.4.0/lib/ruby/gems/2.4.0/gems/actionpack-5.0.3/lib/action_dispatch/middleware/templates/rescues/_trace.html.erb
  Rendered /home/usman/.rbenv/versions/2.4.0/lib/ruby/gems/2.4.0/gems/actionpack-5.0.3/lib/action_dispatch/middleware/templates/rescues/_trace.html.erb (2.4ms)
  Rendering /home/usman/.rbenv/versions/2.4.0/lib/ruby/gems/2.4.0/gems/actionpack-5.0.3/lib/action_dispatch/middleware/templates/rescues/_request_and_response.html.erb
  Rendered /home/usman/.rbenv/versions/2.4.0/lib/ruby/gems/2.4.0/gems/actionpack-5.0.3/lib/action_dispatch/middleware/templates/rescues/_request_and_response.html.erb (1.1ms)
  Rendered /home/usman/.rbenv/versions/2.4.0/lib/ruby/gems/2.4.0/gems/actionpack-5.0.3/lib/action_dispatch/middleware/templates/rescues/diagnostics.html.erb within rescues/layout (54.4ms)
Started GET "/" for 127.0.0.1 at 2017-05-19 15:40:42 +0530
  
Mysql2::Error (Access denied for user 'root'@'localhost' (using password: YES)):
  
mysql2 (0.4.6) lib/mysql2/client.rb:89:in `connect'
mysql2 (0.4.6) lib/mysql2/client.rb:89:in `initialize'
activerecord (5.0.3) lib/active_record/connection_adapters/mysql2_adapter.rb:25:in `new'
activerecord (5.0.3) lib/active_record/connection_adapters/mysql2_adapter.rb:25:in `mysql2_connection'
activerecord (5.0.3) lib/active_record/connection_adapters/abstract/connection_pool.rb:729:in `new_connection'
activerecord (5.0.3) lib/active_record/connection_adapters/abstract/connection_pool.rb:773:in `checkout_new_connection'
activerecord (5.0.3) lib/active_record/connection_adapters/abstract/connection_pool.rb:752:in `try_to_checkout_new_connection'
activerecord (5.0.3) lib/active_record/connection_adapters/abstract/connection_pool.rb:713:in `acquire_connection'
activerecord (5.0.3) lib/active_record/connection_adapters/abstract/connection_pool.rb:490:in `checkout'
activerecord (5.0.3) lib/active_record/connection_adapters/abstract/connection_pool.rb:364:in `connection'
activerecord (5.0.3) lib/active_record/connection_adapters/abstract/connection_pool.rb:883:in `retrieve_connection'
activerecord (5.0.3) lib/active_record/connection_handling.rb:128:in `retrieve_connection'
activerecord (5.0.3) lib/active_record/connection_handling.rb:91:in `connection'
activerecord (5.0.3) lib/active_record/migration.rb:559:in `connection'
activerecord (5.0.3) lib/active_record/migration.rb:546:in `call'
actionpack (5.0.3) lib/action_dispatch/middleware/callbacks.rb:38:in `block in call'
activesupport (5.0.3) lib/active_support/callbacks.rb:97:in `__run_callbacks__'
activesupport (5.0.3) lib/active_support/callbacks.rb:750:in `_run_call_callbacks'
activesupport (5.0.3) lib/active_support/callbacks.rb:90:in `run_callbacks'
actionpack (5.0.3) lib/action_dispatch/middleware/callbacks.rb:36:in `call'
actionpack (5.0.3) lib/action_dispatch/middleware/executor.rb:12:in `call'
actionpack (5.0.3) lib/action_dispatch/middleware/remote_ip.rb:79:in `call'
actionpack (5.0.3) lib/action_dispatch/middleware/debug_exceptions.rb:49:in `call'
web-console (3.5.1) lib/web_console/middleware.rb:135:in `call_app'
web-console (3.5.1) lib/web_console/middleware.rb:28:in `block in call'
web-console (3.5.1) lib/web_console/middleware.rb:18:in `catch'
web-console (3.5.1) lib/web_console/middleware.rb:18:in `call'
actionpack (5.0.3) lib/action_dispatch/middleware/show_exceptions.rb:31:in `call'
railties (5.0.3) lib/rails/rack/logger.rb:36:in `call_app'
railties (5.0.3) lib/rails/rack/logger.rb:24:in `block in call'
activesupport (5.0.3) lib/active_support/tagged_logging.rb:69:in `block in tagged'
activesupport (5.0.3) lib/active_support/tagged_logging.rb:26:in `tagged'
activesupport (5.0.3) lib/active_support/tagged_logging.rb:69:in `tagged'
railties (5.0.3) lib/rails/rack/logger.rb:24:in `call'
sprockets-rails (3.2.0) lib/sprockets/rails/quiet_assets.rb:13:in `call'
actionpack (5.0.3) lib/action_dispatch/middleware/request_id.rb:24:in `call'
rack (2.0.3) lib/rack/method_override.rb:22:in `call'
rack (2.0.3) lib/rack/runtime.rb:22:in `call'
activesupport (5.0.3) lib/active_support/cache/strategy/local_cache_middleware.rb:28:in `call'
actionpack (5.0.3) lib/action_dispatch/middleware/executor.rb:12:in `call'
actionpack (5.0.3) lib/action_dispatch/middleware/static.rb:136:in `call'
rack (2.0.3) lib/rack/sendfile.rb:111:in `call'
railties (5.0.3) lib/rails/engine.rb:522:in `call'
puma (3.8.2) lib/puma/configuration.rb:224:in `call'
puma (3.8.2) lib/puma/server.rb:600:in `handle_request'
puma (3.8.2) lib/puma/server.rb:435:in `process_client'
puma (3.8.2) lib/puma/server.rb:299:in `block in run'
puma (3.8.2) lib/puma/thread_pool.rb:120:in `block in spawn_thread'
  Rendering /home/usman/.rbenv/versions/2.4.0/lib/ruby/gems/2.4.0/gems/actionpack-5.0.3/lib/action_dispatch/middleware/templates/rescues/diagnostics.html.erb within rescues/layout
  Rendering /home/usman/.rbenv/versions/2.4.0/lib/ruby/gems/2.4.0/gems/actionpack-5.0.3/lib/action_dispatch/middleware/templates/rescues/_source.html.erb
  Rendered /home/usman/.rbenv/versions/2.4.0/lib/ruby/gems/2.4.0/gems/actionpack-5.0.3/lib/action_dispatch/middleware/templates/rescues/_source.html.erb (4.7ms)
  Rendering /home/usman/.rbenv/versions/2.4.0/lib/ruby/gems/2.4.0/gems/actionpack-5.0.3/lib/action_dispatch/middleware/templates/rescues/_trace.html.erb
  Rendered /home/usman/.rbenv/versions/2.4.0/lib/ruby/gems/2.4.0/gems/actionpack-5.0.3/lib/action_dispatch/middleware/templates/rescues/_trace.html.erb (3.0ms)
  Rendering /home/usman/.rbenv/versions/2.4.0/lib/ruby/gems/2.4.0/gems/actionpack-5.0.3/lib/action_dispatch/middleware/templates/rescues/_request_and_response.html.erb
  Rendered /home/usman/.rbenv/versions/2.4.0/lib/ruby/gems/2.4.0/gems/actionpack-5.0.3/lib/action_dispatch/middleware/templates/rescues/_request_and_response.html.erb (1.0ms)
  Rendered /home/usman/.rbenv/versions/2.4.0/lib/ruby/gems/2.4.0/gems/actionpack-5.0.3/lib/action_dispatch/middleware/templates/rescues/diagnostics.html.erb within rescues/layout (37.9ms)
Started GET "/" for 127.0.0.1 at 2017-05-19 15:43:58 +0530
  
Mysql2::Error (Access denied for user 'root'@'localhost' (using password: YES)):
  
mysql2 (0.4.6) lib/mysql2/client.rb:89:in `connect'
mysql2 (0.4.6) lib/mysql2/client.rb:89:in `initialize'
activerecord (5.0.3) lib/active_record/connection_adapters/mysql2_adapter.rb:25:in `new'
activerecord (5.0.3) lib/active_record/connection_adapters/mysql2_adapter.rb:25:in `mysql2_connection'
activerecord (5.0.3) lib/active_record/connection_adapters/abstract/connection_pool.rb:729:in `new_connection'
activerecord (5.0.3) lib/active_record/connection_adapters/abstract/connection_pool.rb:773:in `checkout_new_connection'
activerecord (5.0.3) lib/active_record/connection_adapters/abstract/connection_pool.rb:752:in `try_to_checkout_new_connection'
activerecord (5.0.3) lib/active_record/connection_adapters/abstract/connection_pool.rb:713:in `acquire_connection'
activerecord (5.0.3) lib/active_record/connection_adapters/abstract/connection_pool.rb:490:in `checkout'
activerecord (5.0.3) lib/active_record/connection_adapters/abstract/connection_pool.rb:364:in `connection'
activerecord (5.0.3) lib/active_record/connection_adapters/abstract/connection_pool.rb:883:in `retrieve_connection'
activerecord (5.0.3) lib/active_record/connection_handling.rb:128:in `retrieve_connection'
activerecord (5.0.3) lib/active_record/connection_handling.rb:91:in `connection'
activerecord (5.0.3) lib/active_record/migration.rb:559:in `connection'
activerecord (5.0.3) lib/active_record/migration.rb:546:in `call'
actionpack (5.0.3) lib/action_dispatch/middleware/callbacks.rb:38:in `block in call'
activesupport (5.0.3) lib/active_support/callbacks.rb:97:in `__run_callbacks__'
activesupport (5.0.3) lib/active_support/callbacks.rb:750:in `_run_call_callbacks'
activesupport (5.0.3) lib/active_support/callbacks.rb:90:in `run_callbacks'
actionpack (5.0.3) lib/action_dispatch/middleware/callbacks.rb:36:in `call'
actionpack (5.0.3) lib/action_dispatch/middleware/executor.rb:12:in `call'
actionpack (5.0.3) lib/action_dispatch/middleware/remote_ip.rb:79:in `call'
actionpack (5.0.3) lib/action_dispatch/middleware/debug_exceptions.rb:49:in `call'
web-console (3.5.1) lib/web_console/middleware.rb:135:in `call_app'
web-console (3.5.1) lib/web_console/middleware.rb:28:in `block in call'
web-console (3.5.1) lib/web_console/middleware.rb:18:in `catch'
web-console (3.5.1) lib/web_console/middleware.rb:18:in `call'
actionpack (5.0.3) lib/action_dispatch/middleware/show_exceptions.rb:31:in `call'
railties (5.0.3) lib/rails/rack/logger.rb:36:in `call_app'
railties (5.0.3) lib/rails/rack/logger.rb:24:in `block in call'
activesupport (5.0.3) lib/active_support/tagged_logging.rb:69:in `block in tagged'
activesupport (5.0.3) lib/active_support/tagged_logging.rb:26:in `tagged'
activesupport (5.0.3) lib/active_support/tagged_logging.rb:69:in `tagged'
railties (5.0.3) lib/rails/rack/logger.rb:24:in `call'
sprockets-rails (3.2.0) lib/sprockets/rails/quiet_assets.rb:13:in `call'
actionpack (5.0.3) lib/action_dispatch/middleware/request_id.rb:24:in `call'
rack (2.0.3) lib/rack/method_override.rb:22:in `call'
rack (2.0.3) lib/rack/runtime.rb:22:in `call'
activesupport (5.0.3) lib/active_support/cache/strategy/local_cache_middleware.rb:28:in `call'
actionpack (5.0.3) lib/action_dispatch/middleware/executor.rb:12:in `call'
actionpack (5.0.3) lib/action_dispatch/middleware/static.rb:136:in `call'
rack (2.0.3) lib/rack/sendfile.rb:111:in `call'
railties (5.0.3) lib/rails/engine.rb:522:in `call'
puma (3.8.2) lib/puma/configuration.rb:224:in `call'
puma (3.8.2) lib/puma/server.rb:600:in `handle_request'
puma (3.8.2) lib/puma/server.rb:435:in `process_client'
puma (3.8.2) lib/puma/server.rb:299:in `block in run'
puma (3.8.2) lib/puma/thread_pool.rb:120:in `block in spawn_thread'
  Rendering /home/usman/.rbenv/versions/2.4.0/lib/ruby/gems/2.4.0/gems/actionpack-5.0.3/lib/action_dispatch/middleware/templates/rescues/diagnostics.html.erb within rescues/layout
  Rendering /home/usman/.rbenv/versions/2.4.0/lib/ruby/gems/2.4.0/gems/actionpack-5.0.3/lib/action_dispatch/middleware/templates/rescues/_source.html.erb
  Rendered /home/usman/.rbenv/versions/2.4.0/lib/ruby/gems/2.4.0/gems/actionpack-5.0.3/lib/action_dispatch/middleware/templates/rescues/_source.html.erb (6.8ms)
  Rendering /home/usman/.rbenv/versions/2.4.0/lib/ruby/gems/2.4.0/gems/actionpack-5.0.3/lib/action_dispatch/middleware/templates/rescues/_trace.html.erb
  Rendered /home/usman/.rbenv/versions/2.4.0/lib/ruby/gems/2.4.0/gems/actionpack-5.0.3/lib/action_dispatch/middleware/templates/rescues/_trace.html.erb (2.7ms)
  Rendering /home/usman/.rbenv/versions/2.4.0/lib/ruby/gems/2.4.0/gems/actionpack-5.0.3/lib/action_dispatch/middleware/templates/rescues/_request_and_response.html.erb
  Rendered /home/usman/.rbenv/versions/2.4.0/lib/ruby/gems/2.4.0/gems/actionpack-5.0.3/lib/action_dispatch/middleware/templates/rescues/_request_and_response.html.erb (1.4ms)
  Rendered /home/usman/.rbenv/versions/2.4.0/lib/ruby/gems/2.4.0/gems/actionpack-5.0.3/lib/action_dispatch/middleware/templates/rescues/diagnostics.html.erb within rescues/layout (32.3ms)
Started GET "/" for 127.0.0.1 at 2017-05-19 15:43:59 +0530
  
Mysql2::Error (Access denied for user 'root'@'localhost' (using password: YES)):
  
mysql2 (0.4.6) lib/mysql2/client.rb:89:in `connect'
mysql2 (0.4.6) lib/mysql2/client.rb:89:in `initialize'
activerecord (5.0.3) lib/active_record/connection_adapters/mysql2_adapter.rb:25:in `new'
activerecord (5.0.3) lib/active_record/connection_adapters/mysql2_adapter.rb:25:in `mysql2_connection'
activerecord (5.0.3) lib/active_record/connection_adapters/abstract/connection_pool.rb:729:in `new_connection'
activerecord (5.0.3) lib/active_record/connection_adapters/abstract/connection_pool.rb:773:in `checkout_new_connection'
activerecord (5.0.3) lib/active_record/connection_adapters/abstract/connection_pool.rb:752:in `try_to_checkout_new_connection'
activerecord (5.0.3) lib/active_record/connection_adapters/abstract/connection_pool.rb:713:in `acquire_connection'
activerecord (5.0.3) lib/active_record/connection_adapters/abstract/connection_pool.rb:490:in `checkout'
activerecord (5.0.3) lib/active_record/connection_adapters/abstract/connection_pool.rb:364:in `connection'
activerecord (5.0.3) lib/active_record/connection_adapters/abstract/connection_pool.rb:883:in `retrieve_connection'
activerecord (5.0.3) lib/active_record/connection_handling.rb:128:in `retrieve_connection'
activerecord (5.0.3) lib/active_record/connection_handling.rb:91:in `connection'
activerecord (5.0.3) lib/active_record/migration.rb:559:in `connection'
activerecord (5.0.3) lib/active_record/migration.rb:546:in `call'
actionpack (5.0.3) lib/action_dispatch/middleware/callbacks.rb:38:in `block in call'
activesupport (5.0.3) lib/active_support/callbacks.rb:97:in `__run_callbacks__'
activesupport (5.0.3) lib/active_support/callbacks.rb:750:in `_run_call_callbacks'
activesupport (5.0.3) lib/active_support/callbacks.rb:90:in `run_callbacks'
actionpack (5.0.3) lib/action_dispatch/middleware/callbacks.rb:36:in `call'
actionpack (5.0.3) lib/action_dispatch/middleware/executor.rb:12:in `call'
actionpack (5.0.3) lib/action_dispatch/middleware/remote_ip.rb:79:in `call'
actionpack (5.0.3) lib/action_dispatch/middleware/debug_exceptions.rb:49:in `call'
web-console (3.5.1) lib/web_console/middleware.rb:135:in `call_app'
web-console (3.5.1) lib/web_console/middleware.rb:28:in `block in call'
web-console (3.5.1) lib/web_console/middleware.rb:18:in `catch'
web-console (3.5.1) lib/web_console/middleware.rb:18:in `call'
actionpack (5.0.3) lib/action_dispatch/middleware/show_exceptions.rb:31:in `call'
railties (5.0.3) lib/rails/rack/logger.rb:36:in `call_app'
railties (5.0.3) lib/rails/rack/logger.rb:24:in `block in call'
activesupport (5.0.3) lib/active_support/tagged_logging.rb:69:in `block in tagged'
activesupport (5.0.3) lib/active_support/tagged_logging.rb:26:in `tagged'
activesupport (5.0.3) lib/active_support/tagged_logging.rb:69:in `tagged'
railties (5.0.3) lib/rails/rack/logger.rb:24:in `call'
sprockets-rails (3.2.0) lib/sprockets/rails/quiet_assets.rb:13:in `call'
actionpack (5.0.3) lib/action_dispatch/middleware/request_id.rb:24:in `call'
rack (2.0.3) lib/rack/method_override.rb:22:in `call'
rack (2.0.3) lib/rack/runtime.rb:22:in `call'
activesupport (5.0.3) lib/active_support/cache/strategy/local_cache_middleware.rb:28:in `call'
actionpack (5.0.3) lib/action_dispatch/middleware/executor.rb:12:in `call'
actionpack (5.0.3) lib/action_dispatch/middleware/static.rb:136:in `call'
rack (2.0.3) lib/rack/sendfile.rb:111:in `call'
railties (5.0.3) lib/rails/engine.rb:522:in `call'
puma (3.8.2) lib/puma/configuration.rb:224:in `call'
puma (3.8.2) lib/puma/server.rb:600:in `handle_request'
puma (3.8.2) lib/puma/server.rb:435:in `process_client'
puma (3.8.2) lib/puma/server.rb:299:in `block in run'
puma (3.8.2) lib/puma/thread_pool.rb:120:in `block in spawn_thread'
  Rendering /home/usman/.rbenv/versions/2.4.0/lib/ruby/gems/2.4.0/gems/actionpack-5.0.3/lib/action_dispatch/middleware/templates/rescues/diagnostics.html.erb within rescues/layout
  Rendering /home/usman/.rbenv/versions/2.4.0/lib/ruby/gems/2.4.0/gems/actionpack-5.0.3/lib/action_dispatch/middleware/templates/rescues/_source.html.erb
  Rendered /home/usman/.rbenv/versions/2.4.0/lib/ruby/gems/2.4.0/gems/actionpack-5.0.3/lib/action_dispatch/middleware/templates/rescues/_source.html.erb (9.1ms)
  Rendering /home/usman/.rbenv/versions/2.4.0/lib/ruby/gems/2.4.0/gems/actionpack-5.0.3/lib/action_dispatch/middleware/templates/rescues/_trace.html.erb
  Rendered /home/usman/.rbenv/versions/2.4.0/lib/ruby/gems/2.4.0/gems/actionpack-5.0.3/lib/action_dispatch/middleware/templates/rescues/_trace.html.erb (2.5ms)
  Rendering /home/usman/.rbenv/versions/2.4.0/lib/ruby/gems/2.4.0/gems/actionpack-5.0.3/lib/action_dispatch/middleware/templates/rescues/_request_and_response.html.erb
  Rendered /home/usman/.rbenv/versions/2.4.0/lib/ruby/gems/2.4.0/gems/actionpack-5.0.3/lib/action_dispatch/middleware/templates/rescues/_request_and_response.html.erb (1.1ms)
  Rendered /home/usman/.rbenv/versions/2.4.0/lib/ruby/gems/2.4.0/gems/actionpack-5.0.3/lib/action_dispatch/middleware/templates/rescues/diagnostics.html.erb within rescues/layout (34.2ms)
Started GET "/" for 127.0.0.1 at 2017-05-19 15:44:00 +0530
  
Mysql2::Error (Access denied for user 'root'@'localhost' (using password: YES)):
  
mysql2 (0.4.6) lib/mysql2/client.rb:89:in `connect'
mysql2 (0.4.6) lib/mysql2/client.rb:89:in `initialize'
activerecord (5.0.3) lib/active_record/connection_adapters/mysql2_adapter.rb:25:in `new'
activerecord (5.0.3) lib/active_record/connection_adapters/mysql2_adapter.rb:25:in `mysql2_connection'
activerecord (5.0.3) lib/active_record/connection_adapters/abstract/connection_pool.rb:729:in `new_connection'
activerecord (5.0.3) lib/active_record/connection_adapters/abstract/connection_pool.rb:773:in `checkout_new_connection'
activerecord (5.0.3) lib/active_record/connection_adapters/abstract/connection_pool.rb:752:in `try_to_checkout_new_connection'
activerecord (5.0.3) lib/active_record/connection_adapters/abstract/connection_pool.rb:713:in `acquire_connection'
activerecord (5.0.3) lib/active_record/connection_adapters/abstract/connection_pool.rb:490:in `checkout'
activerecord (5.0.3) lib/active_record/connection_adapters/abstract/connection_pool.rb:364:in `connection'
activerecord (5.0.3) lib/active_record/connection_adapters/abstract/connection_pool.rb:883:in `retrieve_connection'
activerecord (5.0.3) lib/active_record/connection_handling.rb:128:in `retrieve_connection'
activerecord (5.0.3) lib/active_record/connection_handling.rb:91:in `connection'
activerecord (5.0.3) lib/active_record/migration.rb:559:in `connection'
activerecord (5.0.3) lib/active_record/migration.rb:546:in `call'
actionpack (5.0.3) lib/action_dispatch/middleware/callbacks.rb:38:in `block in call'
activesupport (5.0.3) lib/active_support/callbacks.rb:97:in `__run_callbacks__'
activesupport (5.0.3) lib/active_support/callbacks.rb:750:in `_run_call_callbacks'
activesupport (5.0.3) lib/active_support/callbacks.rb:90:in `run_callbacks'
actionpack (5.0.3) lib/action_dispatch/middleware/callbacks.rb:36:in `call'
actionpack (5.0.3) lib/action_dispatch/middleware/executor.rb:12:in `call'
actionpack (5.0.3) lib/action_dispatch/middleware/remote_ip.rb:79:in `call'
actionpack (5.0.3) lib/action_dispatch/middleware/debug_exceptions.rb:49:in `call'
web-console (3.5.1) lib/web_console/middleware.rb:135:in `call_app'
web-console (3.5.1) lib/web_console/middleware.rb:28:in `block in call'
web-console (3.5.1) lib/web_console/middleware.rb:18:in `catch'
web-console (3.5.1) lib/web_console/middleware.rb:18:in `call'
actionpack (5.0.3) lib/action_dispatch/middleware/show_exceptions.rb:31:in `call'
railties (5.0.3) lib/rails/rack/logger.rb:36:in `call_app'
railties (5.0.3) lib/rails/rack/logger.rb:24:in `block in call'
activesupport (5.0.3) lib/active_support/tagged_logging.rb:69:in `block in tagged'
activesupport (5.0.3) lib/active_support/tagged_logging.rb:26:in `tagged'
activesupport (5.0.3) lib/active_support/tagged_logging.rb:69:in `tagged'
railties (5.0.3) lib/rails/rack/logger.rb:24:in `call'
sprockets-rails (3.2.0) lib/sprockets/rails/quiet_assets.rb:13:in `call'
actionpack (5.0.3) lib/action_dispatch/middleware/request_id.rb:24:in `call'
rack (2.0.3) lib/rack/method_override.rb:22:in `call'
rack (2.0.3) lib/rack/runtime.rb:22:in `call'
activesupport (5.0.3) lib/active_support/cache/strategy/local_cache_middleware.rb:28:in `call'
actionpack (5.0.3) lib/action_dispatch/middleware/executor.rb:12:in `call'
actionpack (5.0.3) lib/action_dispatch/middleware/static.rb:136:in `call'
rack (2.0.3) lib/rack/sendfile.rb:111:in `call'
railties (5.0.3) lib/rails/engine.rb:522:in `call'
puma (3.8.2) lib/puma/configuration.rb:224:in `call'
puma (3.8.2) lib/puma/server.rb:600:in `handle_request'
puma (3.8.2) lib/puma/server.rb:435:in `process_client'
puma (3.8.2) lib/puma/server.rb:299:in `block in run'
puma (3.8.2) lib/puma/thread_pool.rb:120:in `block in spawn_thread'
  Rendering /home/usman/.rbenv/versions/2.4.0/lib/ruby/gems/2.4.0/gems/actionpack-5.0.3/lib/action_dispatch/middleware/templates/rescues/diagnostics.html.erb within rescues/layout
  Rendering /home/usman/.rbenv/versions/2.4.0/lib/ruby/gems/2.4.0/gems/actionpack-5.0.3/lib/action_dispatch/middleware/templates/rescues/_source.html.erb
  Rendered /home/usman/.rbenv/versions/2.4.0/lib/ruby/gems/2.4.0/gems/actionpack-5.0.3/lib/action_dispatch/middleware/templates/rescues/_source.html.erb (4.1ms)
  Rendering /home/usman/.rbenv/versions/2.4.0/lib/ruby/gems/2.4.0/gems/actionpack-5.0.3/lib/action_dispatch/middleware/templates/rescues/_trace.html.erb
  Rendered /home/usman/.rbenv/versions/2.4.0/lib/ruby/gems/2.4.0/gems/actionpack-5.0.3/lib/action_dispatch/middleware/templates/rescues/_trace.html.erb (2.5ms)
  Rendering /home/usman/.rbenv/versions/2.4.0/lib/ruby/gems/2.4.0/gems/actionpack-5.0.3/lib/action_dispatch/middleware/templates/rescues/_request_and_response.html.erb
  Rendered /home/usman/.rbenv/versions/2.4.0/lib/ruby/gems/2.4.0/gems/actionpack-5.0.3/lib/action_dispatch/middleware/templates/rescues/_request_and_response.html.erb (1.3ms)
  Rendered /home/usman/.rbenv/versions/2.4.0/lib/ruby/gems/2.4.0/gems/actionpack-5.0.3/lib/action_dispatch/middleware/templates/rescues/diagnostics.html.erb within rescues/layout (28.9ms)
Started GET "/" for 127.0.0.1 at 2017-05-19 19:24:49 +0530
  [1m[36mActiveRecord::SchemaMigration Load (0.8ms)[0m  [1m[34mSELECT `schema_migrations`.* FROM `schema_migrations`[0m
Processing by Rails::WelcomeController#index as HTML
  Parameters: {"internal"=>true}
  Rendering /home/usman/.rbenv/versions/2.4.0/lib/ruby/gems/2.4.0/gems/railties-5.0.3/lib/rails/templates/rails/welcome/index.html.erb
  Rendered /home/usman/.rbenv/versions/2.4.0/lib/ruby/gems/2.4.0/gems/railties-5.0.3/lib/rails/templates/rails/welcome/index.html.erb (4.1ms)
Completed 200 OK in 20ms (Views: 9.5ms | ActiveRecord: 0.0ms)


Started GET "/sellers/login" for 127.0.0.1 at 2017-05-19 19:25:21 +0530
  
SyntaxError (/home/usman/Projects/rails-project/flickon/app/controllers/sellers_controller.rb:92: syntax error, unexpected end-of-input, expecting keyword_end):
  
app/controllers/sellers_controller.rb:92: syntax error, unexpected end-of-input, expecting keyword_end
  Rendering /home/usman/.rbenv/versions/2.4.0/lib/ruby/gems/2.4.0/gems/actionpack-5.0.3/lib/action_dispatch/middleware/templates/rescues/diagnostics.html.erb within rescues/layout
  Rendering /home/usman/.rbenv/versions/2.4.0/lib/ruby/gems/2.4.0/gems/actionpack-5.0.3/lib/action_dispatch/middleware/templates/rescues/_source.html.erb
  Rendered /home/usman/.rbenv/versions/2.4.0/lib/ruby/gems/2.4.0/gems/actionpack-5.0.3/lib/action_dispatch/middleware/templates/rescues/_source.html.erb (5.6ms)
  Rendering /home/usman/.rbenv/versions/2.4.0/lib/ruby/gems/2.4.0/gems/actionpack-5.0.3/lib/action_dispatch/middleware/templates/rescues/_trace.html.erb
  Rendered /home/usman/.rbenv/versions/2.4.0/lib/ruby/gems/2.4.0/gems/actionpack-5.0.3/lib/action_dispatch/middleware/templates/rescues/_trace.html.erb (3.2ms)
  Rendering /home/usman/.rbenv/versions/2.4.0/lib/ruby/gems/2.4.0/gems/actionpack-5.0.3/lib/action_dispatch/middleware/templates/rescues/_request_and_response.html.erb
  Rendered /home/usman/.rbenv/versions/2.4.0/lib/ruby/gems/2.4.0/gems/actionpack-5.0.3/lib/action_dispatch/middleware/templates/rescues/_request_and_response.html.erb (2.1ms)
  Rendered /home/usman/.rbenv/versions/2.4.0/lib/ruby/gems/2.4.0/gems/actionpack-5.0.3/lib/action_dispatch/middleware/templates/rescues/diagnostics.html.erb within rescues/layout (48.7ms)
Started GET "/sellers/login" for 127.0.0.1 at 2017-05-19 19:26:08 +0530
Processing by SellersController#show as HTML
  Parameters: {"id"=>"login"}
  [1m[36mSeller Load (0.6ms)[0m  [1m[34mSELECT  `sellers`.* FROM `sellers` WHERE `sellers`.`seller_id` = 'login' LIMIT 1[0m
Completed 404 Not Found in 53ms (ActiveRecord: 2.2ms)


  
ActiveRecord::RecordNotFound (Couldn't find Seller with 'seller_id'=login):
  
app/controllers/sellers_controller.rb:82:in `set_seller'
  Rendering /home/usman/.rbenv/versions/2.4.0/lib/ruby/gems/2.4.0/gems/actionpack-5.0.3/lib/action_dispatch/middleware/templates/rescues/diagnostics.html.erb within rescues/layout
  Rendering /home/usman/.rbenv/versions/2.4.0/lib/ruby/gems/2.4.0/gems/actionpack-5.0.3/lib/action_dispatch/middleware/templates/rescues/_source.html.erb
  Rendered /home/usman/.rbenv/versions/2.4.0/lib/ruby/gems/2.4.0/gems/actionpack-5.0.3/lib/action_dispatch/middleware/templates/rescues/_source.html.erb (5.8ms)
  Rendering /home/usman/.rbenv/versions/2.4.0/lib/ruby/gems/2.4.0/gems/actionpack-5.0.3/lib/action_dispatch/middleware/templates/rescues/_trace.html.erb
  Rendered /home/usman/.rbenv/versions/2.4.0/lib/ruby/gems/2.4.0/gems/actionpack-5.0.3/lib/action_dispatch/middleware/templates/rescues/_trace.html.erb (2.3ms)
  Rendering /home/usman/.rbenv/versions/2.4.0/lib/ruby/gems/2.4.0/gems/actionpack-5.0.3/lib/action_dispatch/middleware/templates/rescues/_request_and_response.html.erb
  Rendered /home/usman/.rbenv/versions/2.4.0/lib/ruby/gems/2.4.0/gems/actionpack-5.0.3/lib/action_dispatch/middleware/templates/rescues/_request_and_response.html.erb (1.3ms)
  Rendered /home/usman/.rbenv/versions/2.4.0/lib/ruby/gems/2.4.0/gems/actionpack-5.0.3/lib/action_dispatch/middleware/templates/rescues/diagnostics.html.erb within rescues/layout (31.5ms)
Started GET "/sellers/login" for 127.0.0.1 at 2017-05-19 19:26:21 +0530
Processing by SellersController#show as HTML
  Parameters: {"id"=>"login"}
  [1m[36mSeller Load (0.7ms)[0m  [1m[34mSELECT  `sellers`.* FROM `sellers` WHERE `sellers`.`seller_id` = 'login' LIMIT 1[0m
Completed 404 Not Found in 3ms (ActiveRecord: 0.7ms)


  
ActiveRecord::RecordNotFound (Couldn't find Seller with 'seller_id'=login):
  
app/controllers/sellers_controller.rb:82:in `set_seller'
  Rendering /home/usman/.rbenv/versions/2.4.0/lib/ruby/gems/2.4.0/gems/actionpack-5.0.3/lib/action_dispatch/middleware/templates/rescues/diagnostics.html.erb within rescues/layout
  Rendering /home/usman/.rbenv/versions/2.4.0/lib/ruby/gems/2.4.0/gems/actionpack-5.0.3/lib/action_dispatch/middleware/templates/rescues/_source.html.erb
  Rendered /home/usman/.rbenv/versions/2.4.0/lib/ruby/gems/2.4.0/gems/actionpack-5.0.3/lib/action_dispatch/middleware/templates/rescues/_source.html.erb (6.9ms)
  Rendering /home/usman/.rbenv/versions/2.4.0/lib/ruby/gems/2.4.0/gems/actionpack-5.0.3/lib/action_dispatch/middleware/templates/rescues/_trace.html.erb
  Rendered /home/usman/.rbenv/versions/2.4.0/lib/ruby/gems/2.4.0/gems/actionpack-5.0.3/lib/action_dispatch/middleware/templates/rescues/_trace.html.erb (3.3ms)
  Rendering /home/usman/.rbenv/versions/2.4.0/lib/ruby/gems/2.4.0/gems/actionpack-5.0.3/lib/action_dispatch/middleware/templates/rescues/_request_and_response.html.erb
  Rendered /home/usman/.rbenv/versions/2.4.0/lib/ruby/gems/2.4.0/gems/actionpack-5.0.3/lib/action_dispatch/middleware/templates/rescues/_request_and_response.html.erb (1.5ms)
  Rendered /home/usman/.rbenv/versions/2.4.0/lib/ruby/gems/2.4.0/gems/actionpack-5.0.3/lib/action_dispatch/middleware/templates/rescues/diagnostics.html.erb within rescues/layout (35.9ms)
Started GET "/sellers" for 127.0.0.1 at 2017-05-19 19:27:08 +0530
Processing by SellersController#index as HTML
  Rendering sellers/index.html.erb within layouts/standard
  [1m[36mSeller Load (0.6ms)[0m  [1m[34mSELECT `sellers`.* FROM `sellers`[0m
  Rendered sellers/index.html.erb within layouts/standard (8.9ms)
  [1m[36mSeller Load (0.9ms)[0m  [1m[34mSELECT  `sellers`.* FROM `sellers` WHERE `sellers`.`id` IS NULL LIMIT 1[0m
Completed 500 Internal Server Error in 706ms (ActiveRecord: 1.4ms)


  
ActionView::Template::Error (Mysql2::Error: Unknown column 'sellers.id' in 'where clause': SELECT  `sellers`.* FROM `sellers` WHERE `sellers`.`id` IS NULL LIMIT 1):
    10:  
    11:   <body>
    12:     <nav>
    13:         <% if current_account_seller.present? %>
    14:             <p><%= @current_account.seller_id %></p>
    15:         <% else %>
    16:             <li><%= link_to 'log in', {:action => sellers_login_url} %></li>
  
app/controllers/application_controller.rb:13:in `current_account_seller'
app/views/layouts/standard.html.erb:13:in `_app_views_layouts_standard_html_erb___931169119242951884_70237483994760'
  Rendering /home/usman/.rbenv/versions/2.4.0/lib/ruby/gems/2.4.0/gems/actionpack-5.0.3/lib/action_dispatch/middleware/templates/rescues/template_error.html.erb within rescues/layout
  Rendering /home/usman/.rbenv/versions/2.4.0/lib/ruby/gems/2.4.0/gems/actionpack-5.0.3/lib/action_dispatch/middleware/templates/rescues/_source.html.erb
  Rendered /home/usman/.rbenv/versions/2.4.0/lib/ruby/gems/2.4.0/gems/actionpack-5.0.3/lib/action_dispatch/middleware/templates/rescues/_source.html.erb (17.8ms)
  Rendering /home/usman/.rbenv/versions/2.4.0/lib/ruby/gems/2.4.0/gems/actionpack-5.0.3/lib/action_dispatch/middleware/templates/rescues/_trace.html.erb
  Rendered /home/usman/.rbenv/versions/2.4.0/lib/ruby/gems/2.4.0/gems/actionpack-5.0.3/lib/action_dispatch/middleware/templates/rescues/_trace.html.erb (3.1ms)
  Rendering /home/usman/.rbenv/versions/2.4.0/lib/ruby/gems/2.4.0/gems/actionpack-5.0.3/lib/action_dispatch/middleware/templates/rescues/_request_and_response.html.erb
  Rendered /home/usman/.rbenv/versions/2.4.0/lib/ruby/gems/2.4.0/gems/actionpack-5.0.3/lib/action_dispatch/middleware/templates/rescues/_request_and_response.html.erb (1.5ms)
  Rendered /home/usman/.rbenv/versions/2.4.0/lib/ruby/gems/2.4.0/gems/actionpack-5.0.3/lib/action_dispatch/middleware/templates/rescues/template_error.html.erb within rescues/layout (46.4ms)
Started GET "/sellers" for 127.0.0.1 at 2017-05-19 19:27:48 +0530
Processing by SellersController#index as HTML
  Rendering sellers/index.html.erb within layouts/standard
  [1m[36mSeller Load (0.5ms)[0m  [1m[34mSELECT `sellers`.* FROM `sellers`[0m
  Rendered sellers/index.html.erb within layouts/standard (9.3ms)
  [1m[36mSeller Load (0.5ms)[0m  [1m[34mSELECT  `sellers`.* FROM `sellers` WHERE `sellers`.`seller_id` IS NULL LIMIT 1[0m
Completed 500 Internal Server Error in 50ms (ActiveRecord: 1.0ms)


  
ActionView::Template::Error (No route matches {:action=>"http://localhost:3000/sellers/login", :controller=>"sellers"}):
    13:         <% if current_account_seller.present? %>
    14:             <p><%= @current_account.seller_id %></p>
    15:         <% else %>
    16:             <li><%= link_to 'log in', {:action => sellers_login_url} %></li>
    17:         <% end %>
    18:     </nav>
    19:     <%= yield %>
  
app/views/layouts/standard.html.erb:16:in `_app_views_layouts_standard_html_erb___931169119242951884_70237495641140'
  Rendering /home/usman/.rbenv/versions/2.4.0/lib/ruby/gems/2.4.0/gems/actionpack-5.0.3/lib/action_dispatch/middleware/templates/rescues/template_error.html.erb within rescues/layout
  Rendering /home/usman/.rbenv/versions/2.4.0/lib/ruby/gems/2.4.0/gems/actionpack-5.0.3/lib/action_dispatch/middleware/templates/rescues/_source.html.erb
  Rendered /home/usman/.rbenv/versions/2.4.0/lib/ruby/gems/2.4.0/gems/actionpack-5.0.3/lib/action_dispatch/middleware/templates/rescues/_source.html.erb (11.8ms)
  Rendering /home/usman/.rbenv/versions/2.4.0/lib/ruby/gems/2.4.0/gems/actionpack-5.0.3/lib/action_dispatch/middleware/templates/rescues/_trace.html.erb
  Rendered /home/usman/.rbenv/versions/2.4.0/lib/ruby/gems/2.4.0/gems/actionpack-5.0.3/lib/action_dispatch/middleware/templates/rescues/_trace.html.erb (4.2ms)
  Rendering /home/usman/.rbenv/versions/2.4.0/lib/ruby/gems/2.4.0/gems/actionpack-5.0.3/lib/action_dispatch/middleware/templates/rescues/_request_and_response.html.erb
  Rendered /home/usman/.rbenv/versions/2.4.0/lib/ruby/gems/2.4.0/gems/actionpack-5.0.3/lib/action_dispatch/middleware/templates/rescues/_request_and_response.html.erb (1.4ms)
  Rendered /home/usman/.rbenv/versions/2.4.0/lib/ruby/gems/2.4.0/gems/actionpack-5.0.3/lib/action_dispatch/middleware/templates/rescues/template_error.html.erb within rescues/layout (42.3ms)
Started GET "/sellers/login" for 127.0.0.1 at 2017-05-19 19:28:18 +0530
Processing by SellersController#show as HTML
  Parameters: {"id"=>"login"}
  [1m[36mSeller Load (0.5ms)[0m  [1m[34mSELECT  `sellers`.* FROM `sellers` WHERE `sellers`.`seller_id` = 'login' LIMIT 1[0m
Completed 404 Not Found in 3ms (ActiveRecord: 0.5ms)


  
ActiveRecord::RecordNotFound (Couldn't find Seller with 'seller_id'=login):
  
app/controllers/sellers_controller.rb:82:in `set_seller'
  Rendering /home/usman/.rbenv/versions/2.4.0/lib/ruby/gems/2.4.0/gems/actionpack-5.0.3/lib/action_dispatch/middleware/templates/rescues/diagnostics.html.erb within rescues/layout
  Rendering /home/usman/.rbenv/versions/2.4.0/lib/ruby/gems/2.4.0/gems/actionpack-5.0.3/lib/action_dispatch/middleware/templates/rescues/_source.html.erb
  Rendered /home/usman/.rbenv/versions/2.4.0/lib/ruby/gems/2.4.0/gems/actionpack-5.0.3/lib/action_dispatch/middleware/templates/rescues/_source.html.erb (6.9ms)
  Rendering /home/usman/.rbenv/versions/2.4.0/lib/ruby/gems/2.4.0/gems/actionpack-5.0.3/lib/action_dispatch/middleware/templates/rescues/_trace.html.erb
  Rendered /home/usman/.rbenv/versions/2.4.0/lib/ruby/gems/2.4.0/gems/actionpack-5.0.3/lib/action_dispatch/middleware/templates/rescues/_trace.html.erb (3.3ms)
  Rendering /home/usman/.rbenv/versions/2.4.0/lib/ruby/gems/2.4.0/gems/actionpack-5.0.3/lib/action_dispatch/middleware/templates/rescues/_request_and_response.html.erb
  Rendered /home/usman/.rbenv/versions/2.4.0/lib/ruby/gems/2.4.0/gems/actionpack-5.0.3/lib/action_dispatch/middleware/templates/rescues/_request_and_response.html.erb (1.6ms)
  Rendered /home/usman/.rbenv/versions/2.4.0/lib/ruby/gems/2.4.0/gems/actionpack-5.0.3/lib/action_dispatch/middleware/templates/rescues/diagnostics.html.erb within rescues/layout (39.3ms)
Started GET "/sellers/login" for 127.0.0.1 at 2017-05-19 19:28:46 +0530
Processing by SellersController#show as HTML
  Parameters: {"id"=>"login"}
  [1m[36mSeller Load (0.3ms)[0m  [1m[34mSELECT  `sellers`.* FROM `sellers` WHERE `sellers`.`seller_id` = NULL LIMIT 1[0m
Completed 404 Not Found in 12ms (ActiveRecord: 1.8ms)


  
ActiveRecord::RecordNotFound (Couldn't find Seller with 'seller_id'=):
  
app/controllers/sellers_controller.rb:82:in `set_seller'
  Rendering /home/usman/.rbenv/versions/2.4.0/lib/ruby/gems/2.4.0/gems/actionpack-5.0.3/lib/action_dispatch/middleware/templates/rescues/diagnostics.html.erb within rescues/layout
  Rendering /home/usman/.rbenv/versions/2.4.0/lib/ruby/gems/2.4.0/gems/actionpack-5.0.3/lib/action_dispatch/middleware/templates/rescues/_source.html.erb
  Rendered /home/usman/.rbenv/versions/2.4.0/lib/ruby/gems/2.4.0/gems/actionpack-5.0.3/lib/action_dispatch/middleware/templates/rescues/_source.html.erb (6.7ms)
  Rendering /home/usman/.rbenv/versions/2.4.0/lib/ruby/gems/2.4.0/gems/actionpack-5.0.3/lib/action_dispatch/middleware/templates/rescues/_trace.html.erb
  Rendered /home/usman/.rbenv/versions/2.4.0/lib/ruby/gems/2.4.0/gems/actionpack-5.0.3/lib/action_dispatch/middleware/templates/rescues/_trace.html.erb (3.2ms)
  Rendering /home/usman/.rbenv/versions/2.4.0/lib/ruby/gems/2.4.0/gems/actionpack-5.0.3/lib/action_dispatch/middleware/templates/rescues/_request_and_response.html.erb
  Rendered /home/usman/.rbenv/versions/2.4.0/lib/ruby/gems/2.4.0/gems/actionpack-5.0.3/lib/action_dispatch/middleware/templates/rescues/_request_and_response.html.erb (1.7ms)
  Rendered /home/usman/.rbenv/versions/2.4.0/lib/ruby/gems/2.4.0/gems/actionpack-5.0.3/lib/action_dispatch/middleware/templates/rescues/diagnostics.html.erb within rescues/layout (37.9ms)
Started GET "/sellers" for 127.0.0.1 at 2017-05-19 19:29:06 +0530
Processing by SellersController#index as HTML
  Rendering sellers/index.html.erb within layouts/standard
  [1m[36mSeller Load (0.6ms)[0m  [1m[34mSELECT `sellers`.* FROM `sellers`[0m
  Rendered sellers/index.html.erb within layouts/standard (11.1ms)
  [1m[36mSeller Load (0.4ms)[0m  [1m[34mSELECT  `sellers`.* FROM `sellers` WHERE `sellers`.`seller_id` IS NULL LIMIT 1[0m
Completed 500 Internal Server Error in 45ms (ActiveRecord: 1.9ms)


  
ActionView::Template::Error (No route matches {:action=>"http://localhost:3000/sellers/login", :controller=>"sellers"}):
    13:         <% if current_account_seller.present? %>
    14:             <p><%= @current_account.seller_id %></p>
    15:         <% else %>
    16:             <li><%= link_to 'log in', {:action => sellers_login_url} %></li>
    17:         <% end %>
    18:     </nav>
    19:     <%= yield %>
  
app/views/layouts/standard.html.erb:16:in `_app_views_layouts_standard_html_erb___931169119242951884_70237496730040'
  Rendering /home/usman/.rbenv/versions/2.4.0/lib/ruby/gems/2.4.0/gems/actionpack-5.0.3/lib/action_dispatch/middleware/templates/rescues/template_error.html.erb within rescues/layout
  Rendering /home/usman/.rbenv/versions/2.4.0/lib/ruby/gems/2.4.0/gems/actionpack-5.0.3/lib/action_dispatch/middleware/templates/rescues/_source.html.erb
  Rendered /home/usman/.rbenv/versions/2.4.0/lib/ruby/gems/2.4.0/gems/actionpack-5.0.3/lib/action_dispatch/middleware/templates/rescues/_source.html.erb (11.8ms)
  Rendering /home/usman/.rbenv/versions/2.4.0/lib/ruby/gems/2.4.0/gems/actionpack-5.0.3/lib/action_dispatch/middleware/templates/rescues/_trace.html.erb
  Rendered /home/usman/.rbenv/versions/2.4.0/lib/ruby/gems/2.4.0/gems/actionpack-5.0.3/lib/action_dispatch/middleware/templates/rescues/_trace.html.erb (2.7ms)
  Rendering /home/usman/.rbenv/versions/2.4.0/lib/ruby/gems/2.4.0/gems/actionpack-5.0.3/lib/action_dispatch/middleware/templates/rescues/_request_and_response.html.erb
  Rendered /home/usman/.rbenv/versions/2.4.0/lib/ruby/gems/2.4.0/gems/actionpack-5.0.3/lib/action_dispatch/middleware/templates/rescues/_request_and_response.html.erb (1.4ms)
  Rendered /home/usman/.rbenv/versions/2.4.0/lib/ruby/gems/2.4.0/gems/actionpack-5.0.3/lib/action_dispatch/middleware/templates/rescues/template_error.html.erb within rescues/layout (39.8ms)
Started GET "/sellers" for 127.0.0.1 at 2017-05-19 19:29:52 +0530
Processing by SellersController#index as HTML
  Rendering sellers/index.html.erb within layouts/standard
  [1m[36mSeller Load (0.6ms)[0m  [1m[34mSELECT `sellers`.* FROM `sellers`[0m
  Rendered sellers/index.html.erb within layouts/standard (4.0ms)
  [1m[36mSeller Load (0.4ms)[0m  [1m[34mSELECT  `sellers`.* FROM `sellers` WHERE `sellers`.`seller_id` IS NULL LIMIT 1[0m
Completed 500 Internal Server Error in 35ms (ActiveRecord: 1.0ms)


  
ActionView::Template::Error (No route matches {:action=>"http://localhost:3000/sellers/login", :controller=>"sellers"}):
    13:         <% if current_account_seller.present? %>
    14:             <p><%= @current_account.seller_id %></p>
    15:         <% else %>
    16:             <li><%= link_to 'log in', {:action => sellers_login_url} %></li>
    17:         <% end %>
    18:     </nav>
    19:     <%= yield %>
  
app/views/layouts/standard.html.erb:16:in `_app_views_layouts_standard_html_erb___931169119242951884_70237494400580'
  Rendering /home/usman/.rbenv/versions/2.4.0/lib/ruby/gems/2.4.0/gems/actionpack-5.0.3/lib/action_dispatch/middleware/templates/rescues/template_error.html.erb within rescues/layout
  Rendering /home/usman/.rbenv/versions/2.4.0/lib/ruby/gems/2.4.0/gems/actionpack-5.0.3/lib/action_dispatch/middleware/templates/rescues/_source.html.erb
  Rendered /home/usman/.rbenv/versions/2.4.0/lib/ruby/gems/2.4.0/gems/actionpack-5.0.3/lib/action_dispatch/middleware/templates/rescues/_source.html.erb (11.8ms)
  Rendering /home/usman/.rbenv/versions/2.4.0/lib/ruby/gems/2.4.0/gems/actionpack-5.0.3/lib/action_dispatch/middleware/templates/rescues/_trace.html.erb
  Rendered /home/usman/.rbenv/versions/2.4.0/lib/ruby/gems/2.4.0/gems/actionpack-5.0.3/lib/action_dispatch/middleware/templates/rescues/_trace.html.erb (3.8ms)
  Rendering /home/usman/.rbenv/versions/2.4.0/lib/ruby/gems/2.4.0/gems/actionpack-5.0.3/lib/action_dispatch/middleware/templates/rescues/_request_and_response.html.erb
  Rendered /home/usman/.rbenv/versions/2.4.0/lib/ruby/gems/2.4.0/gems/actionpack-5.0.3/lib/action_dispatch/middleware/templates/rescues/_request_and_response.html.erb (1.6ms)
  Rendered /home/usman/.rbenv/versions/2.4.0/lib/ruby/gems/2.4.0/gems/actionpack-5.0.3/lib/action_dispatch/middleware/templates/rescues/template_error.html.erb within rescues/layout (42.0ms)
Started GET "/sellers" for 127.0.0.1 at 2017-05-19 19:30:41 +0530
Processing by SellersController#index as HTML
  Rendering sellers/index.html.erb within layouts/standard
  [1m[36mSeller Load (0.4ms)[0m  [1m[34mSELECT `sellers`.* FROM `sellers`[0m
  Rendered sellers/index.html.erb within layouts/standard (5.2ms)
  [1m[36mSeller Load (0.4ms)[0m  [1m[34mSELECT  `sellers`.* FROM `sellers` WHERE `sellers`.`seller_id` IS NULL LIMIT 1[0m
Completed 500 Internal Server Error in 280ms (ActiveRecord: 0.8ms)


  
ActionView::Template::Error (undefined local variable or method `sellers_login' for #<#<Class:0x007fc2e215fc78>:0x007fc2e1fd52b8>
Did you mean?  sellers_login_url):
    13:         <% if current_account_seller.present? %>
    14:             <p><%= @current_account.seller_id %></p>
    15:         <% else %>
    16:             <li><%= link_to 'log in', {:action => sellers_login} %></li>
    17:         <% end %>
    18:     </nav>
    19:     <%= yield %>
  
app/views/layouts/standard.html.erb:16:in `_app_views_layouts_standard_html_erb___931169119242951884_70237495899360'
  Rendering /home/usman/.rbenv/versions/2.4.0/lib/ruby/gems/2.4.0/gems/actionpack-5.0.3/lib/action_dispatch/middleware/templates/rescues/template_error.html.erb within rescues/layout
  Rendering /home/usman/.rbenv/versions/2.4.0/lib/ruby/gems/2.4.0/gems/actionpack-5.0.3/lib/action_dispatch/middleware/templates/rescues/_source.html.erb
  Rendered /home/usman/.rbenv/versions/2.4.0/lib/ruby/gems/2.4.0/gems/actionpack-5.0.3/lib/action_dispatch/middleware/templates/rescues/_source.html.erb (13.0ms)
  Rendering /home/usman/.rbenv/versions/2.4.0/lib/ruby/gems/2.4.0/gems/actionpack-5.0.3/lib/action_dispatch/middleware/templates/rescues/_trace.html.erb
  Rendered /home/usman/.rbenv/versions/2.4.0/lib/ruby/gems/2.4.0/gems/actionpack-5.0.3/lib/action_dispatch/middleware/templates/rescues/_trace.html.erb (5.2ms)
  Rendering /home/usman/.rbenv/versions/2.4.0/lib/ruby/gems/2.4.0/gems/actionpack-5.0.3/lib/action_dispatch/middleware/templates/rescues/_request_and_response.html.erb
  Rendered /home/usman/.rbenv/versions/2.4.0/lib/ruby/gems/2.4.0/gems/actionpack-5.0.3/lib/action_dispatch/middleware/templates/rescues/_request_and_response.html.erb (2.4ms)
  Rendered /home/usman/.rbenv/versions/2.4.0/lib/ruby/gems/2.4.0/gems/actionpack-5.0.3/lib/action_dispatch/middleware/templates/rescues/template_error.html.erb within rescues/layout (42.1ms)
Started GET "/sellers" for 127.0.0.1 at 2017-05-19 19:30:59 +0530
Processing by SellersController#index as HTML
  Rendering sellers/index.html.erb within layouts/standard
  [1m[36mSeller Load (0.4ms)[0m  [1m[34mSELECT `sellers`.* FROM `sellers`[0m
  Rendered sellers/index.html.erb within layouts/standard (3.8ms)
  [1m[36mSeller Load (0.4ms)[0m  [1m[34mSELECT  `sellers`.* FROM `sellers` WHERE `sellers`.`seller_id` IS NULL LIMIT 1[0m
Completed 500 Internal Server Error in 33ms (ActiveRecord: 0.8ms)


  
ActionView::Template::Error (No route matches {:action=>"http://localhost:3000/sellers/login", :controller=>"sellers"}):
    13:         <% if current_account_seller.present? %>
    14:             <p><%= @current_account.seller_id %></p>
    15:         <% else %>
    16:             <li><%= link_to 'log in', {:action => sellers_login_url} %></li>
    17:         <% end %>
    18:     </nav>
    19:     <%= yield %>
  
app/views/layouts/standard.html.erb:16:in `_app_views_layouts_standard_html_erb___931169119242951884_70237500093820'
  Rendering /home/usman/.rbenv/versions/2.4.0/lib/ruby/gems/2.4.0/gems/actionpack-5.0.3/lib/action_dispatch/middleware/templates/rescues/template_error.html.erb within rescues/layout
  Rendering /home/usman/.rbenv/versions/2.4.0/lib/ruby/gems/2.4.0/gems/actionpack-5.0.3/lib/action_dispatch/middleware/templates/rescues/_source.html.erb
  Rendered /home/usman/.rbenv/versions/2.4.0/lib/ruby/gems/2.4.0/gems/actionpack-5.0.3/lib/action_dispatch/middleware/templates/rescues/_source.html.erb (7.0ms)
  Rendering /home/usman/.rbenv/versions/2.4.0/lib/ruby/gems/2.4.0/gems/actionpack-5.0.3/lib/action_dispatch/middleware/templates/rescues/_trace.html.erb
  Rendered /home/usman/.rbenv/versions/2.4.0/lib/ruby/gems/2.4.0/gems/actionpack-5.0.3/lib/action_dispatch/middleware/templates/rescues/_trace.html.erb (3.3ms)
  Rendering /home/usman/.rbenv/versions/2.4.0/lib/ruby/gems/2.4.0/gems/actionpack-5.0.3/lib/action_dispatch/middleware/templates/rescues/_request_and_response.html.erb
  Rendered /home/usman/.rbenv/versions/2.4.0/lib/ruby/gems/2.4.0/gems/actionpack-5.0.3/lib/action_dispatch/middleware/templates/rescues/_request_and_response.html.erb (1.1ms)
  Rendered /home/usman/.rbenv/versions/2.4.0/lib/ruby/gems/2.4.0/gems/actionpack-5.0.3/lib/action_dispatch/middleware/templates/rescues/template_error.html.erb within rescues/layout (30.9ms)
Started GET "/sellers" for 127.0.0.1 at 2017-05-19 19:31:46 +0530
Processing by SellersController#index as HTML
  Rendering sellers/index.html.erb within layouts/standard
  [1m[36mSeller Load (0.4ms)[0m  [1m[34mSELECT `sellers`.* FROM `sellers`[0m
  Rendered sellers/index.html.erb within layouts/standard (7.0ms)
  [1m[36mSeller Load (0.4ms)[0m  [1m[34mSELECT  `sellers`.* FROM `sellers` WHERE `sellers`.`seller_id` IS NULL LIMIT 1[0m
Completed 500 Internal Server Error in 37ms (ActiveRecord: 0.8ms)


  
ActionView::Template::Error (No route matches {:action=>"http://localhost:3000/sellers/login", :controller=>"sellers"}):
    13:         <% if current_account_seller.present? %>
    14:             <p><%= @current_account.seller_id %></p>
    15:         <% else %>
    16:             <li><%= link_to 'log in', {:action => sellers_login_url} %></li>
    17:         <% end %>
    18:     </nav>
    19:     <%= yield %>
  
app/views/layouts/standard.html.erb:16:in `_app_views_layouts_standard_html_erb___931169119242951884_70237497590600'
  Rendering /home/usman/.rbenv/versions/2.4.0/lib/ruby/gems/2.4.0/gems/actionpack-5.0.3/lib/action_dispatch/middleware/templates/rescues/template_error.html.erb within rescues/layout
  Rendering /home/usman/.rbenv/versions/2.4.0/lib/ruby/gems/2.4.0/gems/actionpack-5.0.3/lib/action_dispatch/middleware/templates/rescues/_source.html.erb
  Rendered /home/usman/.rbenv/versions/2.4.0/lib/ruby/gems/2.4.0/gems/actionpack-5.0.3/lib/action_dispatch/middleware/templates/rescues/_source.html.erb (15.9ms)
  Rendering /home/usman/.rbenv/versions/2.4.0/lib/ruby/gems/2.4.0/gems/actionpack-5.0.3/lib/action_dispatch/middleware/templates/rescues/_trace.html.erb
  Rendered /home/usman/.rbenv/versions/2.4.0/lib/ruby/gems/2.4.0/gems/actionpack-5.0.3/lib/action_dispatch/middleware/templates/rescues/_trace.html.erb (2.8ms)
  Rendering /home/usman/.rbenv/versions/2.4.0/lib/ruby/gems/2.4.0/gems/actionpack-5.0.3/lib/action_dispatch/middleware/templates/rescues/_request_and_response.html.erb
  Rendered /home/usman/.rbenv/versions/2.4.0/lib/ruby/gems/2.4.0/gems/actionpack-5.0.3/lib/action_dispatch/middleware/templates/rescues/_request_and_response.html.erb (1.1ms)
  Rendered /home/usman/.rbenv/versions/2.4.0/lib/ruby/gems/2.4.0/gems/actionpack-5.0.3/lib/action_dispatch/middleware/templates/rescues/template_error.html.erb within rescues/layout (40.8ms)
Started GET "/sellers" for 127.0.0.1 at 2017-05-19 19:31:48 +0530
Processing by SellersController#index as HTML
  Rendering sellers/index.html.erb within layouts/standard
  [1m[36mSeller Load (0.4ms)[0m  [1m[34mSELECT `sellers`.* FROM `sellers`[0m
  Rendered sellers/index.html.erb within layouts/standard (3.0ms)
  [1m[36mSeller Load (0.4ms)[0m  [1m[34mSELECT  `sellers`.* FROM `sellers` WHERE `sellers`.`seller_id` IS NULL LIMIT 1[0m
Completed 500 Internal Server Error in 26ms (ActiveRecord: 0.8ms)


  
ActionView::Template::Error (No route matches {:action=>"http://localhost:3000/sellers/login", :controller=>"sellers"}):
    13:         <% if current_account_seller.present? %>
    14:             <p><%= @current_account.seller_id %></p>
    15:         <% else %>
    16:             <li><%= link_to 'log in', {:action => sellers_login_url} %></li>
    17:         <% end %>
    18:     </nav>
    19:     <%= yield %>
  
app/views/layouts/standard.html.erb:16:in `_app_views_layouts_standard_html_erb___931169119242951884_70237497417300'
  Rendering /home/usman/.rbenv/versions/2.4.0/lib/ruby/gems/2.4.0/gems/actionpack-5.0.3/lib/action_dispatch/middleware/templates/rescues/template_error.html.erb within rescues/layout
  Rendering /home/usman/.rbenv/versions/2.4.0/lib/ruby/gems/2.4.0/gems/actionpack-5.0.3/lib/action_dispatch/middleware/templates/rescues/_source.html.erb
  Rendered /home/usman/.rbenv/versions/2.4.0/lib/ruby/gems/2.4.0/gems/actionpack-5.0.3/lib/action_dispatch/middleware/templates/rescues/_source.html.erb (6.4ms)
  Rendering /home/usman/.rbenv/versions/2.4.0/lib/ruby/gems/2.4.0/gems/actionpack-5.0.3/lib/action_dispatch/middleware/templates/rescues/_trace.html.erb
  Rendered /home/usman/.rbenv/versions/2.4.0/lib/ruby/gems/2.4.0/gems/actionpack-5.0.3/lib/action_dispatch/middleware/templates/rescues/_trace.html.erb (2.9ms)
  Rendering /home/usman/.rbenv/versions/2.4.0/lib/ruby/gems/2.4.0/gems/actionpack-5.0.3/lib/action_dispatch/middleware/templates/rescues/_request_and_response.html.erb
  Rendered /home/usman/.rbenv/versions/2.4.0/lib/ruby/gems/2.4.0/gems/actionpack-5.0.3/lib/action_dispatch/middleware/templates/rescues/_request_and_response.html.erb (1.1ms)
  Rendered /home/usman/.rbenv/versions/2.4.0/lib/ruby/gems/2.4.0/gems/actionpack-5.0.3/lib/action_dispatch/middleware/templates/rescues/template_error.html.erb within rescues/layout (29.9ms)
Started GET "/sellers" for 127.0.0.1 at 2017-05-19 19:31:49 +0530
Processing by SellersController#index as HTML
  Rendering sellers/index.html.erb within layouts/standard
  [1m[36mSeller Load (0.4ms)[0m  [1m[34mSELECT `sellers`.* FROM `sellers`[0m
  Rendered sellers/index.html.erb within layouts/standard (3.7ms)
  [1m[36mSeller Load (0.4ms)[0m  [1m[34mSELECT  `sellers`.* FROM `sellers` WHERE `sellers`.`seller_id` IS NULL LIMIT 1[0m
Completed 500 Internal Server Error in 32ms (ActiveRecord: 0.8ms)


  
ActionView::Template::Error (No route matches {:action=>"http://localhost:3000/sellers/login", :controller=>"sellers"}):
    13:         <% if current_account_seller.present? %>
    14:             <p><%= @current_account.seller_id %></p>
    15:         <% else %>
    16:             <li><%= link_to 'log in', {:action => sellers_login_url} %></li>
    17:         <% end %>
    18:     </nav>
    19:     <%= yield %>
  
app/views/layouts/standard.html.erb:16:in `_app_views_layouts_standard_html_erb___931169119242951884_70237497305400'
  Rendering /home/usman/.rbenv/versions/2.4.0/lib/ruby/gems/2.4.0/gems/actionpack-5.0.3/lib/action_dispatch/middleware/templates/rescues/template_error.html.erb within rescues/layout
  Rendering /home/usman/.rbenv/versions/2.4.0/lib/ruby/gems/2.4.0/gems/actionpack-5.0.3/lib/action_dispatch/middleware/templates/rescues/_source.html.erb
  Rendered /home/usman/.rbenv/versions/2.4.0/lib/ruby/gems/2.4.0/gems/actionpack-5.0.3/lib/action_dispatch/middleware/templates/rescues/_source.html.erb (7.2ms)
  Rendering /home/usman/.rbenv/versions/2.4.0/lib/ruby/gems/2.4.0/gems/actionpack-5.0.3/lib/action_dispatch/middleware/templates/rescues/_trace.html.erb
  Rendered /home/usman/.rbenv/versions/2.4.0/lib/ruby/gems/2.4.0/gems/actionpack-5.0.3/lib/action_dispatch/middleware/templates/rescues/_trace.html.erb (2.8ms)
  Rendering /home/usman/.rbenv/versions/2.4.0/lib/ruby/gems/2.4.0/gems/actionpack-5.0.3/lib/action_dispatch/middleware/templates/rescues/_request_and_response.html.erb
  Rendered /home/usman/.rbenv/versions/2.4.0/lib/ruby/gems/2.4.0/gems/actionpack-5.0.3/lib/action_dispatch/middleware/templates/rescues/_request_and_response.html.erb (1.0ms)
  Rendered /home/usman/.rbenv/versions/2.4.0/lib/ruby/gems/2.4.0/gems/actionpack-5.0.3/lib/action_dispatch/middleware/templates/rescues/template_error.html.erb within rescues/layout (30.1ms)
Started GET "/sellers" for 127.0.0.1 at 2017-05-19 19:32:19 +0530
Processing by SellersController#index as HTML
  Rendering sellers/index.html.erb within layouts/standard
  [1m[36mSeller Load (0.5ms)[0m  [1m[34mSELECT `sellers`.* FROM `sellers`[0m
  Rendered sellers/index.html.erb within layouts/standard (7.1ms)
  [1m[36mSeller Load (0.4ms)[0m  [1m[34mSELECT  `sellers`.* FROM `sellers` WHERE `sellers`.`seller_id` IS NULL LIMIT 1[0m
Completed 500 Internal Server Error in 39ms (ActiveRecord: 0.8ms)


  
ActionView::Template::Error (No route matches {:action=>"http://localhost:3000/sellers/login", :controller=>"sellers"}):
    13:         <% if current_account_seller.present? %>
    14:             <p><%= @current_account.seller_id %></p>
    15:         <% else %>
    16:             <li><%= link_to 'log in', {:action => sellers_login_url} %></li>
    17:         <% end %>
    18:     </nav>
    19:     <%= yield %>
  
app/views/layouts/standard.html.erb:16:in `_app_views_layouts_standard_html_erb___931169119242951884_70237495965580'
  Rendering /home/usman/.rbenv/versions/2.4.0/lib/ruby/gems/2.4.0/gems/actionpack-5.0.3/lib/action_dispatch/middleware/templates/rescues/template_error.html.erb within rescues/layout
  Rendering /home/usman/.rbenv/versions/2.4.0/lib/ruby/gems/2.4.0/gems/actionpack-5.0.3/lib/action_dispatch/middleware/templates/rescues/_source.html.erb
  Rendered /home/usman/.rbenv/versions/2.4.0/lib/ruby/gems/2.4.0/gems/actionpack-5.0.3/lib/action_dispatch/middleware/templates/rescues/_source.html.erb (6.7ms)
  Rendering /home/usman/.rbenv/versions/2.4.0/lib/ruby/gems/2.4.0/gems/actionpack-5.0.3/lib/action_dispatch/middleware/templates/rescues/_trace.html.erb
  Rendered /home/usman/.rbenv/versions/2.4.0/lib/ruby/gems/2.4.0/gems/actionpack-5.0.3/lib/action_dispatch/middleware/templates/rescues/_trace.html.erb (3.0ms)
  Rendering /home/usman/.rbenv/versions/2.4.0/lib/ruby/gems/2.4.0/gems/actionpack-5.0.3/lib/action_dispatch/middleware/templates/rescues/_request_and_response.html.erb
  Rendered /home/usman/.rbenv/versions/2.4.0/lib/ruby/gems/2.4.0/gems/actionpack-5.0.3/lib/action_dispatch/middleware/templates/rescues/_request_and_response.html.erb (1.3ms)
  Rendered /home/usman/.rbenv/versions/2.4.0/lib/ruby/gems/2.4.0/gems/actionpack-5.0.3/lib/action_dispatch/middleware/templates/rescues/template_error.html.erb within rescues/layout (34.9ms)
Started GET "/sellers" for 127.0.0.1 at 2017-05-19 19:32:20 +0530
Processing by SellersController#index as HTML
  Rendering sellers/index.html.erb within layouts/standard
  [1m[36mSeller Load (0.5ms)[0m  [1m[34mSELECT `sellers`.* FROM `sellers`[0m
  Rendered sellers/index.html.erb within layouts/standard (3.3ms)
  [1m[36mSeller Load (0.4ms)[0m  [1m[34mSELECT  `sellers`.* FROM `sellers` WHERE `sellers`.`seller_id` IS NULL LIMIT 1[0m
Completed 500 Internal Server Error in 33ms (ActiveRecord: 0.9ms)


  
ActionView::Template::Error (No route matches {:action=>"http://localhost:3000/sellers/login", :controller=>"sellers"}):
    13:         <% if current_account_seller.present? %>
    14:             <p><%= @current_account.seller_id %></p>
    15:         <% else %>
    16:             <li><%= link_to 'log in', {:action => sellers_login_url} %></li>
    17:         <% end %>
    18:     </nav>
    19:     <%= yield %>
  
app/views/layouts/standard.html.erb:16:in `_app_views_layouts_standard_html_erb___931169119242951884_70237498058360'
  Rendering /home/usman/.rbenv/versions/2.4.0/lib/ruby/gems/2.4.0/gems/actionpack-5.0.3/lib/action_dispatch/middleware/templates/rescues/template_error.html.erb within rescues/layout
  Rendering /home/usman/.rbenv/versions/2.4.0/lib/ruby/gems/2.4.0/gems/actionpack-5.0.3/lib/action_dispatch/middleware/templates/rescues/_source.html.erb
  Rendered /home/usman/.rbenv/versions/2.4.0/lib/ruby/gems/2.4.0/gems/actionpack-5.0.3/lib/action_dispatch/middleware/templates/rescues/_source.html.erb (7.2ms)
  Rendering /home/usman/.rbenv/versions/2.4.0/lib/ruby/gems/2.4.0/gems/actionpack-5.0.3/lib/action_dispatch/middleware/templates/rescues/_trace.html.erb
  Rendered /home/usman/.rbenv/versions/2.4.0/lib/ruby/gems/2.4.0/gems/actionpack-5.0.3/lib/action_dispatch/middleware/templates/rescues/_trace.html.erb (3.3ms)
  Rendering /home/usman/.rbenv/versions/2.4.0/lib/ruby/gems/2.4.0/gems/actionpack-5.0.3/lib/action_dispatch/middleware/templates/rescues/_request_and_response.html.erb
  Rendered /home/usman/.rbenv/versions/2.4.0/lib/ruby/gems/2.4.0/gems/actionpack-5.0.3/lib/action_dispatch/middleware/templates/rescues/_request_and_response.html.erb (1.4ms)
  Rendered /home/usman/.rbenv/versions/2.4.0/lib/ruby/gems/2.4.0/gems/actionpack-5.0.3/lib/action_dispatch/middleware/templates/rescues/template_error.html.erb within rescues/layout (32.9ms)
Started GET "/sellers" for 127.0.0.1 at 2017-05-19 19:32:22 +0530
Processing by SellersController#index as HTML
  Rendering sellers/index.html.erb within layouts/standard
  [1m[36mSeller Load (0.4ms)[0m  [1m[34mSELECT `sellers`.* FROM `sellers`[0m
  Rendered sellers/index.html.erb within layouts/standard (3.3ms)
  [1m[36mSeller Load (0.4ms)[0m  [1m[34mSELECT  `sellers`.* FROM `sellers` WHERE `sellers`.`seller_id` IS NULL LIMIT 1[0m
Completed 500 Internal Server Error in 30ms (ActiveRecord: 0.8ms)


  
ActionView::Template::Error (No route matches {:action=>"http://localhost:3000/sellers/login", :controller=>"sellers"}):
    13:         <% if current_account_seller.present? %>
    14:             <p><%= @current_account.seller_id %></p>
    15:         <% else %>
    16:             <li><%= link_to 'log in', {:action => sellers_login_url} %></li>
    17:         <% end %>
    18:     </nav>
    19:     <%= yield %>
  
app/views/layouts/standard.html.erb:16:in `_app_views_layouts_standard_html_erb___931169119242951884_70237498405940'
  Rendering /home/usman/.rbenv/versions/2.4.0/lib/ruby/gems/2.4.0/gems/actionpack-5.0.3/lib/action_dispatch/middleware/templates/rescues/template_error.html.erb within rescues/layout
  Rendering /home/usman/.rbenv/versions/2.4.0/lib/ruby/gems/2.4.0/gems/actionpack-5.0.3/lib/action_dispatch/middleware/templates/rescues/_source.html.erb
  Rendered /home/usman/.rbenv/versions/2.4.0/lib/ruby/gems/2.4.0/gems/actionpack-5.0.3/lib/action_dispatch/middleware/templates/rescues/_source.html.erb (7.8ms)
  Rendering /home/usman/.rbenv/versions/2.4.0/lib/ruby/gems/2.4.0/gems/actionpack-5.0.3/lib/action_dispatch/middleware/templates/rescues/_trace.html.erb
  Rendered /home/usman/.rbenv/versions/2.4.0/lib/ruby/gems/2.4.0/gems/actionpack-5.0.3/lib/action_dispatch/middleware/templates/rescues/_trace.html.erb (3.3ms)
  Rendering /home/usman/.rbenv/versions/2.4.0/lib/ruby/gems/2.4.0/gems/actionpack-5.0.3/lib/action_dispatch/middleware/templates/rescues/_request_and_response.html.erb
  Rendered /home/usman/.rbenv/versions/2.4.0/lib/ruby/gems/2.4.0/gems/actionpack-5.0.3/lib/action_dispatch/middleware/templates/rescues/_request_and_response.html.erb (1.4ms)
  Rendered /home/usman/.rbenv/versions/2.4.0/lib/ruby/gems/2.4.0/gems/actionpack-5.0.3/lib/action_dispatch/middleware/templates/rescues/template_error.html.erb within rescues/layout (33.6ms)
Started GET "/sellers" for 127.0.0.1 at 2017-05-19 19:32:24 +0530
Processing by SellersController#index as HTML
  Rendering sellers/index.html.erb within layouts/standard
  [1m[36mSeller Load (0.4ms)[0m  [1m[34mSELECT `sellers`.* FROM `sellers`[0m
  Rendered sellers/index.html.erb within layouts/standard (3.1ms)
  [1m[36mSeller Load (0.4ms)[0m  [1m[34mSELECT  `sellers`.* FROM `sellers` WHERE `sellers`.`seller_id` IS NULL LIMIT 1[0m
Completed 500 Internal Server Error in 31ms (ActiveRecord: 0.8ms)


  
ActionView::Template::Error (No route matches {:action=>"http://localhost:3000/sellers/login", :controller=>"sellers"}):
    13:         <% if current_account_seller.present? %>
    14:             <p><%= @current_account.seller_id %></p>
    15:         <% else %>
    16:             <li><%= link_to 'log in', {:action => sellers_login_url} %></li>
    17:         <% end %>
    18:     </nav>
    19:     <%= yield %>
  
app/views/layouts/standard.html.erb:16:in `_app_views_layouts_standard_html_erb___931169119242951884_70237495793980'
  Rendering /home/usman/.rbenv/versions/2.4.0/lib/ruby/gems/2.4.0/gems/actionpack-5.0.3/lib/action_dispatch/middleware/templates/rescues/template_error.html.erb within rescues/layout
  Rendering /home/usman/.rbenv/versions/2.4.0/lib/ruby/gems/2.4.0/gems/actionpack-5.0.3/lib/action_dispatch/middleware/templates/rescues/_source.html.erb
  Rendered /home/usman/.rbenv/versions/2.4.0/lib/ruby/gems/2.4.0/gems/actionpack-5.0.3/lib/action_dispatch/middleware/templates/rescues/_source.html.erb (7.5ms)
  Rendering /home/usman/.rbenv/versions/2.4.0/lib/ruby/gems/2.4.0/gems/actionpack-5.0.3/lib/action_dispatch/middleware/templates/rescues/_trace.html.erb
  Rendered /home/usman/.rbenv/versions/2.4.0/lib/ruby/gems/2.4.0/gems/actionpack-5.0.3/lib/action_dispatch/middleware/templates/rescues/_trace.html.erb (3.4ms)
  Rendering /home/usman/.rbenv/versions/2.4.0/lib/ruby/gems/2.4.0/gems/actionpack-5.0.3/lib/action_dispatch/middleware/templates/rescues/_request_and_response.html.erb
  Rendered /home/usman/.rbenv/versions/2.4.0/lib/ruby/gems/2.4.0/gems/actionpack-5.0.3/lib/action_dispatch/middleware/templates/rescues/_request_and_response.html.erb (1.4ms)
  Rendered /home/usman/.rbenv/versions/2.4.0/lib/ruby/gems/2.4.0/gems/actionpack-5.0.3/lib/action_dispatch/middleware/templates/rescues/template_error.html.erb within rescues/layout (33.4ms)
Started GET "/sellers" for 127.0.0.1 at 2017-05-19 19:32:26 +0530
Processing by SellersController#index as HTML
  Rendering sellers/index.html.erb within layouts/standard
  [1m[36mSeller Load (0.4ms)[0m  [1m[34mSELECT `sellers`.* FROM `sellers`[0m
  Rendered sellers/index.html.erb within layouts/standard (3.4ms)
  [1m[36mSeller Load (0.4ms)[0m  [1m[34mSELECT  `sellers`.* FROM `sellers` WHERE `sellers`.`seller_id` IS NULL LIMIT 1[0m
Completed 500 Internal Server Error in 26ms (ActiveRecord: 0.8ms)


  
ActionView::Template::Error (No route matches {:action=>"http://localhost:3000/sellers/login", :controller=>"sellers"}):
    13:         <% if current_account_seller.present? %>
    14:             <p><%= @current_account.seller_id %></p>
    15:         <% else %>
    16:             <li><%= link_to 'log in', {:action => sellers_login_url} %></li>
    17:         <% end %>
    18:     </nav>
    19:     <%= yield %>
  
app/views/layouts/standard.html.erb:16:in `_app_views_layouts_standard_html_erb___931169119242951884_70237493846940'
  Rendering /home/usman/.rbenv/versions/2.4.0/lib/ruby/gems/2.4.0/gems/actionpack-5.0.3/lib/action_dispatch/middleware/templates/rescues/template_error.html.erb within rescues/layout
  Rendering /home/usman/.rbenv/versions/2.4.0/lib/ruby/gems/2.4.0/gems/actionpack-5.0.3/lib/action_dispatch/middleware/templates/rescues/_source.html.erb
  Rendered /home/usman/.rbenv/versions/2.4.0/lib/ruby/gems/2.4.0/gems/actionpack-5.0.3/lib/action_dispatch/middleware/templates/rescues/_source.html.erb (7.3ms)
  Rendering /home/usman/.rbenv/versions/2.4.0/lib/ruby/gems/2.4.0/gems/actionpack-5.0.3/lib/action_dispatch/middleware/templates/rescues/_trace.html.erb
  Rendered /home/usman/.rbenv/versions/2.4.0/lib/ruby/gems/2.4.0/gems/actionpack-5.0.3/lib/action_dispatch/middleware/templates/rescues/_trace.html.erb (3.0ms)
  Rendering /home/usman/.rbenv/versions/2.4.0/lib/ruby/gems/2.4.0/gems/actionpack-5.0.3/lib/action_dispatch/middleware/templates/rescues/_request_and_response.html.erb
  Rendered /home/usman/.rbenv/versions/2.4.0/lib/ruby/gems/2.4.0/gems/actionpack-5.0.3/lib/action_dispatch/middleware/templates/rescues/_request_and_response.html.erb (1.2ms)
  Rendered /home/usman/.rbenv/versions/2.4.0/lib/ruby/gems/2.4.0/gems/actionpack-5.0.3/lib/action_dispatch/middleware/templates/rescues/template_error.html.erb within rescues/layout (31.6ms)
Started GET "/sellers/login" for 127.0.0.1 at 2017-05-19 19:32:48 +0530
Processing by SellersController#login as HTML
  Rendering sellers/login.html.erb within layouts/standard
  Rendered sellers/login.html.erb within layouts/standard (9.1ms)
  [1m[36mSeller Load (0.4ms)[0m  [1m[34mSELECT  `sellers`.* FROM `sellers` WHERE `sellers`.`seller_id` IS NULL LIMIT 1[0m
Completed 500 Internal Server Error in 32ms (ActiveRecord: 0.4ms)


  
ActionView::Template::Error (No route matches {:action=>"http://localhost:3000/sellers/login", :controller=>"sellers"}):
    13:         <% if current_account_seller.present? %>
    14:             <p><%= @current_account.seller_id %></p>
    15:         <% else %>
    16:             <li><%= link_to 'log in', {:action => sellers_login_url} %></li>
    17:         <% end %>
    18:     </nav>
    19:     <%= yield %>
  
app/views/layouts/standard.html.erb:16:in `_app_views_layouts_standard_html_erb___931169119242951884_70237491638280'
  Rendering /home/usman/.rbenv/versions/2.4.0/lib/ruby/gems/2.4.0/gems/actionpack-5.0.3/lib/action_dispatch/middleware/templates/rescues/template_error.html.erb within rescues/layout
  Rendering /home/usman/.rbenv/versions/2.4.0/lib/ruby/gems/2.4.0/gems/actionpack-5.0.3/lib/action_dispatch/middleware/templates/rescues/_source.html.erb
  Rendered /home/usman/.rbenv/versions/2.4.0/lib/ruby/gems/2.4.0/gems/actionpack-5.0.3/lib/action_dispatch/middleware/templates/rescues/_source.html.erb (7.3ms)
  Rendering /home/usman/.rbenv/versions/2.4.0/lib/ruby/gems/2.4.0/gems/actionpack-5.0.3/lib/action_dispatch/middleware/templates/rescues/_trace.html.erb
  Rendered /home/usman/.rbenv/versions/2.4.0/lib/ruby/gems/2.4.0/gems/actionpack-5.0.3/lib/action_dispatch/middleware/templates/rescues/_trace.html.erb (2.8ms)
  Rendering /home/usman/.rbenv/versions/2.4.0/lib/ruby/gems/2.4.0/gems/actionpack-5.0.3/lib/action_dispatch/middleware/templates/rescues/_request_and_response.html.erb
  Rendered /home/usman/.rbenv/versions/2.4.0/lib/ruby/gems/2.4.0/gems/actionpack-5.0.3/lib/action_dispatch/middleware/templates/rescues/_request_and_response.html.erb (1.1ms)
  Rendered /home/usman/.rbenv/versions/2.4.0/lib/ruby/gems/2.4.0/gems/actionpack-5.0.3/lib/action_dispatch/middleware/templates/rescues/template_error.html.erb within rescues/layout (30.6ms)
Started GET "/sellers/login" for 127.0.0.1 at 2017-05-19 19:34:47 +0530
Processing by SellersController#show as HTML
  Parameters: {"id"=>"login"}
  [1m[36mSeller Load (0.4ms)[0m  [1m[34mSELECT  `sellers`.* FROM `sellers` WHERE `sellers`.`seller_id` = NULL LIMIT 1[0m
Completed 404 Not Found in 13ms (ActiveRecord: 2.2ms)


  
ActiveRecord::RecordNotFound (Couldn't find Seller with 'seller_id'=):
  
app/controllers/sellers_controller.rb:82:in `set_seller'
  Rendering /home/usman/.rbenv/versions/2.4.0/lib/ruby/gems/2.4.0/gems/actionpack-5.0.3/lib/action_dispatch/middleware/templates/rescues/diagnostics.html.erb within rescues/layout
  Rendering /home/usman/.rbenv/versions/2.4.0/lib/ruby/gems/2.4.0/gems/actionpack-5.0.3/lib/action_dispatch/middleware/templates/rescues/_source.html.erb
  Rendered /home/usman/.rbenv/versions/2.4.0/lib/ruby/gems/2.4.0/gems/actionpack-5.0.3/lib/action_dispatch/middleware/templates/rescues/_source.html.erb (4.8ms)
  Rendering /home/usman/.rbenv/versions/2.4.0/lib/ruby/gems/2.4.0/gems/actionpack-5.0.3/lib/action_dispatch/middleware/templates/rescues/_trace.html.erb
  Rendered /home/usman/.rbenv/versions/2.4.0/lib/ruby/gems/2.4.0/gems/actionpack-5.0.3/lib/action_dispatch/middleware/templates/rescues/_trace.html.erb (2.5ms)
  Rendering /home/usman/.rbenv/versions/2.4.0/lib/ruby/gems/2.4.0/gems/actionpack-5.0.3/lib/action_dispatch/middleware/templates/rescues/_request_and_response.html.erb
  Rendered /home/usman/.rbenv/versions/2.4.0/lib/ruby/gems/2.4.0/gems/actionpack-5.0.3/lib/action_dispatch/middleware/templates/rescues/_request_and_response.html.erb (1.3ms)
  Rendered /home/usman/.rbenv/versions/2.4.0/lib/ruby/gems/2.4.0/gems/actionpack-5.0.3/lib/action_dispatch/middleware/templates/rescues/diagnostics.html.erb within rescues/layout (28.6ms)
Started GET "/sellers" for 127.0.0.1 at 2017-05-19 19:34:51 +0530
Processing by SellersController#index as HTML
  Rendering sellers/index.html.erb within layouts/standard
  [1m[36mSeller Load (0.4ms)[0m  [1m[34mSELECT `sellers`.* FROM `sellers`[0m
  Rendered sellers/index.html.erb within layouts/standard (10.2ms)
  [1m[36mSeller Load (0.4ms)[0m  [1m[34mSELECT  `sellers`.* FROM `sellers` WHERE `sellers`.`seller_id` IS NULL LIMIT 1[0m
Completed 500 Internal Server Error in 311ms (ActiveRecord: 1.5ms)


  
ActionView::Template::Error (undefined local variable or method `sellers_login_url' for #<#<Class:0x007fc2e1984080>:0x007fc2e197ca38>
Did you mean?  sellers_url):
    13:         <% if current_account_seller.present? %>
    14:             <p><%= @current_account.seller_id %></p>
    15:         <% else %>
    16:             <li><%= link_to 'log in', {:action => sellers_login_url} %></li>
    17:         <% end %>
    18:     </nav>
    19:     <%= yield %>
  
app/views/layouts/standard.html.erb:16:in `_app_views_layouts_standard_html_erb___931169119242951884_70237492554020'
  Rendering /home/usman/.rbenv/versions/2.4.0/lib/ruby/gems/2.4.0/gems/actionpack-5.0.3/lib/action_dispatch/middleware/templates/rescues/template_error.html.erb within rescues/layout
  Rendering /home/usman/.rbenv/versions/2.4.0/lib/ruby/gems/2.4.0/gems/actionpack-5.0.3/lib/action_dispatch/middleware/templates/rescues/_source.html.erb
  Rendered /home/usman/.rbenv/versions/2.4.0/lib/ruby/gems/2.4.0/gems/actionpack-5.0.3/lib/action_dispatch/middleware/templates/rescues/_source.html.erb (18.1ms)
  Rendering /home/usman/.rbenv/versions/2.4.0/lib/ruby/gems/2.4.0/gems/actionpack-5.0.3/lib/action_dispatch/middleware/templates/rescues/_trace.html.erb
  Rendered /home/usman/.rbenv/versions/2.4.0/lib/ruby/gems/2.4.0/gems/actionpack-5.0.3/lib/action_dispatch/middleware/templates/rescues/_trace.html.erb (6.5ms)
  Rendering /home/usman/.rbenv/versions/2.4.0/lib/ruby/gems/2.4.0/gems/actionpack-5.0.3/lib/action_dispatch/middleware/templates/rescues/_request_and_response.html.erb
  Rendered /home/usman/.rbenv/versions/2.4.0/lib/ruby/gems/2.4.0/gems/actionpack-5.0.3/lib/action_dispatch/middleware/templates/rescues/_request_and_response.html.erb (2.2ms)
  Rendered /home/usman/.rbenv/versions/2.4.0/lib/ruby/gems/2.4.0/gems/actionpack-5.0.3/lib/action_dispatch/middleware/templates/rescues/template_error.html.erb within rescues/layout (48.2ms)
Started GET "/sellers" for 127.0.0.1 at 2017-05-19 19:36:08 +0530
Processing by SellersController#index as HTML
  Rendering sellers/index.html.erb within layouts/standard
  [1m[36mSeller Load (0.4ms)[0m  [1m[34mSELECT `sellers`.* FROM `sellers`[0m
  Rendered sellers/index.html.erb within layouts/standard (8.8ms)
  [1m[36mSeller Load (0.4ms)[0m  [1m[34mSELECT  `sellers`.* FROM `sellers` WHERE `sellers`.`seller_id` IS NULL LIMIT 1[0m
Completed 500 Internal Server Error in 288ms (ActiveRecord: 2.2ms)


  
ActionView::Template::Error (undefined local variable or method `sellers_login_url' for #<#<Class:0x007fc2e23307a0>:0x007fc2e232b200>
Did you mean?  sellers_url):
    13:         <% if current_account_seller.present? %>
    14:             <p><%= @current_account.seller_id %></p>
    15:         <% else %>
    16:             <li><%= link_to 'log in', {:action => sellers_login_url} %></li>
    17:         <% end %>
    18:     </nav>
    19:     <%= yield %>
  
app/views/layouts/standard.html.erb:16:in `_app_views_layouts_standard_html_erb___931169119242951884_70237497671760'
  Rendering /home/usman/.rbenv/versions/2.4.0/lib/ruby/gems/2.4.0/gems/actionpack-5.0.3/lib/action_dispatch/middleware/templates/rescues/template_error.html.erb within rescues/layout
  Rendering /home/usman/.rbenv/versions/2.4.0/lib/ruby/gems/2.4.0/gems/actionpack-5.0.3/lib/action_dispatch/middleware/templates/rescues/_source.html.erb
  Rendered /home/usman/.rbenv/versions/2.4.0/lib/ruby/gems/2.4.0/gems/actionpack-5.0.3/lib/action_dispatch/middleware/templates/rescues/_source.html.erb (6.0ms)
  Rendering /home/usman/.rbenv/versions/2.4.0/lib/ruby/gems/2.4.0/gems/actionpack-5.0.3/lib/action_dispatch/middleware/templates/rescues/_trace.html.erb
  Rendered /home/usman/.rbenv/versions/2.4.0/lib/ruby/gems/2.4.0/gems/actionpack-5.0.3/lib/action_dispatch/middleware/templates/rescues/_trace.html.erb (2.8ms)
  Rendering /home/usman/.rbenv/versions/2.4.0/lib/ruby/gems/2.4.0/gems/actionpack-5.0.3/lib/action_dispatch/middleware/templates/rescues/_request_and_response.html.erb
  Rendered /home/usman/.rbenv/versions/2.4.0/lib/ruby/gems/2.4.0/gems/actionpack-5.0.3/lib/action_dispatch/middleware/templates/rescues/_request_and_response.html.erb (1.2ms)
  Rendered /home/usman/.rbenv/versions/2.4.0/lib/ruby/gems/2.4.0/gems/actionpack-5.0.3/lib/action_dispatch/middleware/templates/rescues/template_error.html.erb within rescues/layout (29.9ms)
Started GET "/sellers" for 127.0.0.1 at 2017-05-19 19:36:40 +0530
Processing by SellersController#index as HTML
  Rendering sellers/index.html.erb within layouts/standard
  [1m[36mSeller Load (0.6ms)[0m  [1m[34mSELECT `sellers`.* FROM `sellers`[0m
  Rendered sellers/index.html.erb within layouts/standard (3.9ms)
  [1m[36mSeller Load (0.4ms)[0m  [1m[34mSELECT  `sellers`.* FROM `sellers` WHERE `sellers`.`seller_id` IS NULL LIMIT 1[0m
Completed 500 Internal Server Error in 35ms (ActiveRecord: 1.0ms)


  
ActionView::Template::Error (No route matches {:action=>"http://localhost:3000/login", :controller=>"sellers"}):
    13:         <% if current_account_seller.present? %>
    14:             <p><%= @current_account.seller_id %></p>
    15:         <% else %>
    16:             <li><%= link_to 'log in', {:action => login_url} %></li>
    17:         <% end %>
    18:     </nav>
    19:     <%= yield %>
  
app/views/layouts/standard.html.erb:16:in `_app_views_layouts_standard_html_erb___931169119242951884_70237500115840'
  Rendering /home/usman/.rbenv/versions/2.4.0/lib/ruby/gems/2.4.0/gems/actionpack-5.0.3/lib/action_dispatch/middleware/templates/rescues/template_error.html.erb within rescues/layout
  Rendering /home/usman/.rbenv/versions/2.4.0/lib/ruby/gems/2.4.0/gems/actionpack-5.0.3/lib/action_dispatch/middleware/templates/rescues/_source.html.erb
  Rendered /home/usman/.rbenv/versions/2.4.0/lib/ruby/gems/2.4.0/gems/actionpack-5.0.3/lib/action_dispatch/middleware/templates/rescues/_source.html.erb (7.4ms)
  Rendering /home/usman/.rbenv/versions/2.4.0/lib/ruby/gems/2.4.0/gems/actionpack-5.0.3/lib/action_dispatch/middleware/templates/rescues/_trace.html.erb
  Rendered /home/usman/.rbenv/versions/2.4.0/lib/ruby/gems/2.4.0/gems/actionpack-5.0.3/lib/action_dispatch/middleware/templates/rescues/_trace.html.erb (3.3ms)
  Rendering /home/usman/.rbenv/versions/2.4.0/lib/ruby/gems/2.4.0/gems/actionpack-5.0.3/lib/action_dispatch/middleware/templates/rescues/_request_and_response.html.erb
  Rendered /home/usman/.rbenv/versions/2.4.0/lib/ruby/gems/2.4.0/gems/actionpack-5.0.3/lib/action_dispatch/middleware/templates/rescues/_request_and_response.html.erb (1.4ms)
  Rendered /home/usman/.rbenv/versions/2.4.0/lib/ruby/gems/2.4.0/gems/actionpack-5.0.3/lib/action_dispatch/middleware/templates/rescues/template_error.html.erb within rescues/layout (33.0ms)
Started GET "/sellers" for 127.0.0.1 at 2017-05-19 19:37:28 +0530
Processing by SellersController#index as HTML
  Rendering sellers/index.html.erb within layouts/standard
  [1m[36mSeller Load (0.5ms)[0m  [1m[34mSELECT `sellers`.* FROM `sellers`[0m
  Rendered sellers/index.html.erb within layouts/standard (5.0ms)
  [1m[36mSeller Load (0.3ms)[0m  [1m[34mSELECT  `sellers`.* FROM `sellers` WHERE `sellers`.`seller_id` IS NULL LIMIT 1[0m
Completed 200 OK in 34ms (Views: 31.4ms | ActiveRecord: 0.8ms)


Started GET "/login" for 127.0.0.1 at 2017-05-19 19:37:47 +0530
Processing by SellersController#login as HTML
  Rendering sellers/login.html.erb within layouts/standard
  Rendered sellers/login.html.erb within layouts/standard (2.4ms)
  [1m[36mSeller Load (1.6ms)[0m  [1m[34mSELECT  `sellers`.* FROM `sellers` WHERE `sellers`.`seller_id` IS NULL LIMIT 1[0m
Completed 200 OK in 35ms (Views: 31.3ms | ActiveRecord: 1.6ms)


Started POST "/login" for 127.0.0.1 at 2017-05-19 19:38:25 +0530
Processing by SellersController#loggedin as HTML
  Parameters: {"utf8"=>"✓", "authenticity_token"=>"uSPlTCv4qpkG2Ce87wGfy6zK9wFjWIAcFySPdPkCbNCVaG3KB+CJQLBk1xK7t7TZQtGG2yFNpWkXSIY9kLzGZg==", "sellers"=>{"seller_id"=>"harsha", "Password"=>"[FILTERED]"}, "commit"=>"Login"}
Completed 400 Bad Request in 2ms (ActiveRecord: 0.0ms)


  
ActionController::ParameterMissing (param is missing or the value is empty: seller):
  
app/controllers/sellers_controller.rb:91:in `login_params'
app/controllers/sellers_controller.rb:47:in `loggedin'
  Rendering /home/usman/.rbenv/versions/2.4.0/lib/ruby/gems/2.4.0/gems/actionpack-5.0.3/lib/action_dispatch/middleware/templates/rescues/diagnostics.html.erb within rescues/layout
  Rendering /home/usman/.rbenv/versions/2.4.0/lib/ruby/gems/2.4.0/gems/actionpack-5.0.3/lib/action_dispatch/middleware/templates/rescues/_source.html.erb
  Rendered /home/usman/.rbenv/versions/2.4.0/lib/ruby/gems/2.4.0/gems/actionpack-5.0.3/lib/action_dispatch/middleware/templates/rescues/_source.html.erb (7.9ms)
  Rendering /home/usman/.rbenv/versions/2.4.0/lib/ruby/gems/2.4.0/gems/actionpack-5.0.3/lib/action_dispatch/middleware/templates/rescues/_trace.html.erb
  Rendered /home/usman/.rbenv/versions/2.4.0/lib/ruby/gems/2.4.0/gems/actionpack-5.0.3/lib/action_dispatch/middleware/templates/rescues/_trace.html.erb (3.2ms)
  Rendering /home/usman/.rbenv/versions/2.4.0/lib/ruby/gems/2.4.0/gems/actionpack-5.0.3/lib/action_dispatch/middleware/templates/rescues/_request_and_response.html.erb
  Rendered /home/usman/.rbenv/versions/2.4.0/lib/ruby/gems/2.4.0/gems/actionpack-5.0.3/lib/action_dispatch/middleware/templates/rescues/_request_and_response.html.erb (2.0ms)
  Rendered /home/usman/.rbenv/versions/2.4.0/lib/ruby/gems/2.4.0/gems/actionpack-5.0.3/lib/action_dispatch/middleware/templates/rescues/diagnostics.html.erb within rescues/layout (35.6ms)
Started POST "/login" for 127.0.0.1 at 2017-05-19 19:39:40 +0530
Processing by SellersController#loggedin as HTML
  Parameters: {"utf8"=>"✓", "authenticity_token"=>"uSPlTCv4qpkG2Ce87wGfy6zK9wFjWIAcFySPdPkCbNCVaG3KB+CJQLBk1xK7t7TZQtGG2yFNpWkXSIY9kLzGZg==", "sellers"=>{"seller_id"=>"harsha", "Password"=>"[FILTERED]"}, "commit"=>"Login"}
Completed 400 Bad Request in 1ms (ActiveRecord: 0.0ms)


  
ActionController::ParameterMissing (param is missing or the value is empty: seller):
  
app/controllers/sellers_controller.rb:91:in `login_params'
app/controllers/sellers_controller.rb:47:in `loggedin'
  Rendering /home/usman/.rbenv/versions/2.4.0/lib/ruby/gems/2.4.0/gems/actionpack-5.0.3/lib/action_dispatch/middleware/templates/rescues/diagnostics.html.erb within rescues/layout
  Rendering /home/usman/.rbenv/versions/2.4.0/lib/ruby/gems/2.4.0/gems/actionpack-5.0.3/lib/action_dispatch/middleware/templates/rescues/_source.html.erb
  Rendered /home/usman/.rbenv/versions/2.4.0/lib/ruby/gems/2.4.0/gems/actionpack-5.0.3/lib/action_dispatch/middleware/templates/rescues/_source.html.erb (5.7ms)
  Rendering /home/usman/.rbenv/versions/2.4.0/lib/ruby/gems/2.4.0/gems/actionpack-5.0.3/lib/action_dispatch/middleware/templates/rescues/_trace.html.erb
  Rendered /home/usman/.rbenv/versions/2.4.0/lib/ruby/gems/2.4.0/gems/actionpack-5.0.3/lib/action_dispatch/middleware/templates/rescues/_trace.html.erb (2.9ms)
  Rendering /home/usman/.rbenv/versions/2.4.0/lib/ruby/gems/2.4.0/gems/actionpack-5.0.3/lib/action_dispatch/middleware/templates/rescues/_request_and_response.html.erb
  Rendered /home/usman/.rbenv/versions/2.4.0/lib/ruby/gems/2.4.0/gems/actionpack-5.0.3/lib/action_dispatch/middleware/templates/rescues/_request_and_response.html.erb (1.6ms)
  Rendered /home/usman/.rbenv/versions/2.4.0/lib/ruby/gems/2.4.0/gems/actionpack-5.0.3/lib/action_dispatch/middleware/templates/rescues/diagnostics.html.erb within rescues/layout (33.5ms)
Started POST "/login" for 127.0.0.1 at 2017-05-19 19:40:14 +0530
Processing by SellersController#loggedin as HTML
  Parameters: {"utf8"=>"✓", "authenticity_token"=>"uSPlTCv4qpkG2Ce87wGfy6zK9wFjWIAcFySPdPkCbNCVaG3KB+CJQLBk1xK7t7TZQtGG2yFNpWkXSIY9kLzGZg==", "sellers"=>{"seller_id"=>"harsha", "Password"=>"[FILTERED]"}, "commit"=>"Login"}
Unpermitted parameter: Password
  [1m[36mSeller Load (0.6ms)[0m  [1m[34mSELECT  `sellers`.* FROM `sellers` WHERE (LOWER(seller_id) = 'harsha') LIMIT 1[0m
Unpermitted parameter: Password
No template found for SellersController#loggedin, rendering head :no_content
Completed 204 No Content in 119ms (ActiveRecord: 0.6ms)


Started POST "/login" for 127.0.0.1 at 2017-05-19 19:40:20 +0530
Processing by SellersController#loggedin as HTML
  Parameters: {"utf8"=>"✓", "authenticity_token"=>"uSPlTCv4qpkG2Ce87wGfy6zK9wFjWIAcFySPdPkCbNCVaG3KB+CJQLBk1xK7t7TZQtGG2yFNpWkXSIY9kLzGZg==", "sellers"=>{"seller_id"=>"harsha", "Password"=>"[FILTERED]"}, "commit"=>"Login"}
Unpermitted parameter: Password
  [1m[36mSeller Load (0.5ms)[0m  [1m[34mSELECT  `sellers`.* FROM `sellers` WHERE (LOWER(seller_id) = 'harsha') LIMIT 1[0m
Unpermitted parameter: Password
No template found for SellersController#loggedin, rendering head :no_content
Completed 204 No Content in 110ms (ActiveRecord: 0.5ms)


Started POST "/login" for 127.0.0.1 at 2017-05-19 19:40:39 +0530
  [1m[36mActiveRecord::SchemaMigration Load (0.5ms)[0m  [1m[34mSELECT `schema_migrations`.* FROM `schema_migrations`[0m
Processing by SellersController#loggedin as HTML
  Parameters: {"utf8"=>"✓", "authenticity_token"=>"uSPlTCv4qpkG2Ce87wGfy6zK9wFjWIAcFySPdPkCbNCVaG3KB+CJQLBk1xK7t7TZQtGG2yFNpWkXSIY9kLzGZg==", "sellers"=>{"seller_id"=>"harsha", "Password"=>"[FILTERED]"}, "commit"=>"Login"}
Unpermitted parameter: Password
  [1m[36mSeller Load (0.7ms)[0m  [1m[34mSELECT  `sellers`.* FROM `sellers` WHERE (LOWER(seller_id) = 'harsha') LIMIT 1[0m
Unpermitted parameter: Password
No template found for SellersController#loggedin, rendering head :no_content
Completed 204 No Content in 134ms (ActiveRecord: 2.3ms)


Started GET "/sellers" for 127.0.0.1 at 2017-05-19 19:40:47 +0530
Processing by SellersController#index as HTML
  Rendering sellers/index.html.erb within layouts/standard
  [1m[36mSeller Load (0.7ms)[0m  [1m[34mSELECT `sellers`.* FROM `sellers`[0m
  Rendered sellers/index.html.erb within layouts/standard (13.0ms)
  [1m[36mSeller Load (0.4ms)[0m  [1m[34mSELECT  `sellers`.* FROM `sellers` WHERE `sellers`.`seller_id` IS NULL LIMIT 1[0m
Completed 500 Internal Server Error in 299ms (ActiveRecord: 1.0ms)


  
ActionView::Template::Error (No route matches {:action=>"http://localhost:3000/login", :controller=>"sellers"}):
    13:         <% if current_account_seller.present? %>
    14:             <p><%= @current_account.seller_id %></p>
    15:         <% else %>
    16:             <li><%= link_to 'log in', {:action => login_url} %></li>
    17:         <% end %>
    18:     </nav>
    19:     <%= yield %>
  
app/views/layouts/standard.html.erb:16:in `_app_views_layouts_standard_html_erb__4296132564210340086_70294723436320'
  Rendering /home/usman/.rbenv/versions/2.4.0/lib/ruby/gems/2.4.0/gems/actionpack-5.0.3/lib/action_dispatch/middleware/templates/rescues/template_error.html.erb within rescues/layout
  Rendering /home/usman/.rbenv/versions/2.4.0/lib/ruby/gems/2.4.0/gems/actionpack-5.0.3/lib/action_dispatch/middleware/templates/rescues/_source.html.erb
  Rendered /home/usman/.rbenv/versions/2.4.0/lib/ruby/gems/2.4.0/gems/actionpack-5.0.3/lib/action_dispatch/middleware/templates/rescues/_source.html.erb (8.2ms)
  Rendering /home/usman/.rbenv/versions/2.4.0/lib/ruby/gems/2.4.0/gems/actionpack-5.0.3/lib/action_dispatch/middleware/templates/rescues/_trace.html.erb
  Rendered /home/usman/.rbenv/versions/2.4.0/lib/ruby/gems/2.4.0/gems/actionpack-5.0.3/lib/action_dispatch/middleware/templates/rescues/_trace.html.erb (3.8ms)
  Rendering /home/usman/.rbenv/versions/2.4.0/lib/ruby/gems/2.4.0/gems/actionpack-5.0.3/lib/action_dispatch/middleware/templates/rescues/_request_and_response.html.erb
  Rendered /home/usman/.rbenv/versions/2.4.0/lib/ruby/gems/2.4.0/gems/actionpack-5.0.3/lib/action_dispatch/middleware/templates/rescues/_request_and_response.html.erb (1.6ms)
  Rendered /home/usman/.rbenv/versions/2.4.0/lib/ruby/gems/2.4.0/gems/actionpack-5.0.3/lib/action_dispatch/middleware/templates/rescues/template_error.html.erb within rescues/layout (39.0ms)
Started GET "/sellers" for 127.0.0.1 at 2017-05-19 19:43:37 +0530
  [1m[36mActiveRecord::SchemaMigration Load (0.6ms)[0m  [1m[34mSELECT `schema_migrations`.* FROM `schema_migrations`[0m
Processing by SellersController#index as HTML
  Rendering sellers/index.html.erb within layouts/standard
  [1m[36mSeller Load (0.5ms)[0m  [1m[34mSELECT `sellers`.* FROM `sellers`[0m
  Rendered sellers/index.html.erb within layouts/standard (18.6ms)
  [1m[36mSeller Load (0.4ms)[0m  [1m[34mSELECT  `sellers`.* FROM `sellers` WHERE `sellers`.`seller_id` IS NULL LIMIT 1[0m
Completed 500 Internal Server Error in 598ms (ActiveRecord: 2.5ms)


  
ActionView::Template::Error (undefined local variable or method `login_url' for #<#<Class:0x0055b0aa992d10>:0x007f7a089f90f0>):
    13:         <% if current_account_seller.present? %>
    14:             <p><%= @current_account.seller_id %></p>
    15:         <% else %>
    16:             <li><%= link_to 'log in', {:action => login_url} %></li>
    17:         <% end %>
    18:     </nav>
    19:     <%= yield %>
  
app/views/layouts/standard.html.erb:16:in `_app_views_layouts_standard_html_erb___2777757576606934320_47108632348020'
  Rendering /home/usman/.rbenv/versions/2.4.0/lib/ruby/gems/2.4.0/gems/actionpack-5.0.3/lib/action_dispatch/middleware/templates/rescues/template_error.html.erb within rescues/layout
  Rendering /home/usman/.rbenv/versions/2.4.0/lib/ruby/gems/2.4.0/gems/actionpack-5.0.3/lib/action_dispatch/middleware/templates/rescues/_source.html.erb
  Rendered /home/usman/.rbenv/versions/2.4.0/lib/ruby/gems/2.4.0/gems/actionpack-5.0.3/lib/action_dispatch/middleware/templates/rescues/_source.html.erb (30.4ms)
  Rendering /home/usman/.rbenv/versions/2.4.0/lib/ruby/gems/2.4.0/gems/actionpack-5.0.3/lib/action_dispatch/middleware/templates/rescues/_trace.html.erb
  Rendered /home/usman/.rbenv/versions/2.4.0/lib/ruby/gems/2.4.0/gems/actionpack-5.0.3/lib/action_dispatch/middleware/templates/rescues/_trace.html.erb (3.4ms)
  Rendering /home/usman/.rbenv/versions/2.4.0/lib/ruby/gems/2.4.0/gems/actionpack-5.0.3/lib/action_dispatch/middleware/templates/rescues/_request_and_response.html.erb
  Rendered /home/usman/.rbenv/versions/2.4.0/lib/ruby/gems/2.4.0/gems/actionpack-5.0.3/lib/action_dispatch/middleware/templates/rescues/_request_and_response.html.erb (1.4ms)
  Rendered /home/usman/.rbenv/versions/2.4.0/lib/ruby/gems/2.4.0/gems/actionpack-5.0.3/lib/action_dispatch/middleware/templates/rescues/template_error.html.erb within rescues/layout (62.1ms)
Started GET "/sellers" for 127.0.0.1 at 2017-05-19 19:45:23 +0530
  [1m[36mActiveRecord::SchemaMigration Load (0.7ms)[0m  [1m[34mSELECT `schema_migrations`.* FROM `schema_migrations`[0m
Processing by SellersController#index as HTML
  Rendering sellers/index.html.erb within layouts/standard
  [1m[36mSeller Load (0.5ms)[0m  [1m[34mSELECT `sellers`.* FROM `sellers`[0m
  Rendered sellers/index.html.erb within layouts/standard (18.1ms)
  [1m[36mSeller Load (0.4ms)[0m  [1m[34mSELECT  `sellers`.* FROM `sellers` WHERE `sellers`.`seller_id` IS NULL LIMIT 1[0m
Completed 500 Internal Server Error in 332ms (ActiveRecord: 2.8ms)


  
ActionView::Template::Error (No route matches {:action=>"http://localhost:3000/sellers/login", :controller=>"sellers"}):
    13:         <% if current_account_seller.present? %>
    14:             <p><%= @current_account.seller_id %></p>
    15:         <% else %>
    16:             <li><%= link_to 'log in', {:action => sellers_login_url} %></li>
    17:         <% end %>
    18:     </nav>
    19:     <%= yield %>
  
app/views/layouts/standard.html.erb:16:in `_app_views_layouts_standard_html_erb__637596111888720343_70275262518880'
  Rendering /home/usman/.rbenv/versions/2.4.0/lib/ruby/gems/2.4.0/gems/actionpack-5.0.3/lib/action_dispatch/middleware/templates/rescues/template_error.html.erb within rescues/layout
  Rendering /home/usman/.rbenv/versions/2.4.0/lib/ruby/gems/2.4.0/gems/actionpack-5.0.3/lib/action_dispatch/middleware/templates/rescues/_source.html.erb
  Rendered /home/usman/.rbenv/versions/2.4.0/lib/ruby/gems/2.4.0/gems/actionpack-5.0.3/lib/action_dispatch/middleware/templates/rescues/_source.html.erb (9.1ms)
  Rendering /home/usman/.rbenv/versions/2.4.0/lib/ruby/gems/2.4.0/gems/actionpack-5.0.3/lib/action_dispatch/middleware/templates/rescues/_trace.html.erb
  Rendered /home/usman/.rbenv/versions/2.4.0/lib/ruby/gems/2.4.0/gems/actionpack-5.0.3/lib/action_dispatch/middleware/templates/rescues/_trace.html.erb (3.6ms)
  Rendering /home/usman/.rbenv/versions/2.4.0/lib/ruby/gems/2.4.0/gems/actionpack-5.0.3/lib/action_dispatch/middleware/templates/rescues/_request_and_response.html.erb
  Rendered /home/usman/.rbenv/versions/2.4.0/lib/ruby/gems/2.4.0/gems/actionpack-5.0.3/lib/action_dispatch/middleware/templates/rescues/_request_and_response.html.erb (1.4ms)
  Rendered /home/usman/.rbenv/versions/2.4.0/lib/ruby/gems/2.4.0/gems/actionpack-5.0.3/lib/action_dispatch/middleware/templates/rescues/template_error.html.erb within rescues/layout (39.0ms)
Started GET "/sellers" for 127.0.0.1 at 2017-05-19 19:46:42 +0530
Processing by SellersController#index as HTML
  Rendering sellers/index.html.erb within layouts/standard
  [1m[36mSeller Load (0.6ms)[0m  [1m[34mSELECT `sellers`.* FROM `sellers`[0m
  Rendered sellers/index.html.erb within layouts/standard (4.3ms)
  [1m[36mSeller Load (0.5ms)[0m  [1m[34mSELECT  `sellers`.* FROM `sellers` WHERE `sellers`.`seller_id` IS NULL LIMIT 1[0m
Completed 500 Internal Server Error in 34ms (ActiveRecord: 1.2ms)


  
ActionView::Template::Error (No route matches {:action=>"http://localhost:3000/sellers/login", :controller=>"sellers"}):
    13:         <% if current_account_seller.present? %>
    14:             <p><%= @current_account.seller_id %></p>
    15:         <% else %>
    16:             <li><%= link_to 'log in', :action => sellers_login_url %></li>
    17:         <% end %>
    18:     </nav>
    19:     <%= yield %>
  
app/views/layouts/standard.html.erb:16:in `_app_views_layouts_standard_html_erb__637596111888720343_70275280229040'
  Rendering /home/usman/.rbenv/versions/2.4.0/lib/ruby/gems/2.4.0/gems/actionpack-5.0.3/lib/action_dispatch/middleware/templates/rescues/template_error.html.erb within rescues/layout
  Rendering /home/usman/.rbenv/versions/2.4.0/lib/ruby/gems/2.4.0/gems/actionpack-5.0.3/lib/action_dispatch/middleware/templates/rescues/_source.html.erb
  Rendered /home/usman/.rbenv/versions/2.4.0/lib/ruby/gems/2.4.0/gems/actionpack-5.0.3/lib/action_dispatch/middleware/templates/rescues/_source.html.erb (11.8ms)
  Rendering /home/usman/.rbenv/versions/2.4.0/lib/ruby/gems/2.4.0/gems/actionpack-5.0.3/lib/action_dispatch/middleware/templates/rescues/_trace.html.erb
  Rendered /home/usman/.rbenv/versions/2.4.0/lib/ruby/gems/2.4.0/gems/actionpack-5.0.3/lib/action_dispatch/middleware/templates/rescues/_trace.html.erb (3.9ms)
  Rendering /home/usman/.rbenv/versions/2.4.0/lib/ruby/gems/2.4.0/gems/actionpack-5.0.3/lib/action_dispatch/middleware/templates/rescues/_request_and_response.html.erb
  Rendered /home/usman/.rbenv/versions/2.4.0/lib/ruby/gems/2.4.0/gems/actionpack-5.0.3/lib/action_dispatch/middleware/templates/rescues/_request_and_response.html.erb (1.3ms)
  Rendered /home/usman/.rbenv/versions/2.4.0/lib/ruby/gems/2.4.0/gems/actionpack-5.0.3/lib/action_dispatch/middleware/templates/rescues/template_error.html.erb within rescues/layout (41.8ms)
Started GET "/sellers" for 127.0.0.1 at 2017-05-19 19:47:56 +0530
  
ActionController::RoutingError (No route matches [GET] "/sellers"):
  
actionpack (5.0.3) lib/action_dispatch/middleware/debug_exceptions.rb:53:in `call'
web-console (3.5.1) lib/web_console/middleware.rb:135:in `call_app'
web-console (3.5.1) lib/web_console/middleware.rb:28:in `block in call'
web-console (3.5.1) lib/web_console/middleware.rb:18:in `catch'
web-console (3.5.1) lib/web_console/middleware.rb:18:in `call'
actionpack (5.0.3) lib/action_dispatch/middleware/show_exceptions.rb:31:in `call'
railties (5.0.3) lib/rails/rack/logger.rb:36:in `call_app'
railties (5.0.3) lib/rails/rack/logger.rb:24:in `block in call'
activesupport (5.0.3) lib/active_support/tagged_logging.rb:69:in `block in tagged'
activesupport (5.0.3) lib/active_support/tagged_logging.rb:26:in `tagged'
activesupport (5.0.3) lib/active_support/tagged_logging.rb:69:in `tagged'
railties (5.0.3) lib/rails/rack/logger.rb:24:in `call'
sprockets-rails (3.2.0) lib/sprockets/rails/quiet_assets.rb:13:in `call'
actionpack (5.0.3) lib/action_dispatch/middleware/request_id.rb:24:in `call'
rack (2.0.3) lib/rack/method_override.rb:22:in `call'
rack (2.0.3) lib/rack/runtime.rb:22:in `call'
activesupport (5.0.3) lib/active_support/cache/strategy/local_cache_middleware.rb:28:in `call'
actionpack (5.0.3) lib/action_dispatch/middleware/executor.rb:12:in `call'
actionpack (5.0.3) lib/action_dispatch/middleware/static.rb:136:in `call'
rack (2.0.3) lib/rack/sendfile.rb:111:in `call'
railties (5.0.3) lib/rails/engine.rb:522:in `call'
puma (3.8.2) lib/puma/configuration.rb:224:in `call'
puma (3.8.2) lib/puma/server.rb:600:in `handle_request'
puma (3.8.2) lib/puma/server.rb:435:in `process_client'
puma (3.8.2) lib/puma/server.rb:299:in `block in run'
puma (3.8.2) lib/puma/thread_pool.rb:120:in `block in spawn_thread'
  Rendering /home/usman/.rbenv/versions/2.4.0/lib/ruby/gems/2.4.0/gems/actionpack-5.0.3/lib/action_dispatch/middleware/templates/rescues/routing_error.html.erb within rescues/layout
  Rendering /home/usman/.rbenv/versions/2.4.0/lib/ruby/gems/2.4.0/gems/actionpack-5.0.3/lib/action_dispatch/middleware/templates/rescues/_trace.html.erb
  Rendered /home/usman/.rbenv/versions/2.4.0/lib/ruby/gems/2.4.0/gems/actionpack-5.0.3/lib/action_dispatch/middleware/templates/rescues/_trace.html.erb (2.2ms)
  Rendered collection of /home/usman/.rbenv/versions/2.4.0/lib/ruby/gems/2.4.0/gems/actionpack-5.0.3/lib/action_dispatch/middleware/templates/routes/_route.html.erb [18 times] (6.8ms)
  Rendered /home/usman/.rbenv/versions/2.4.0/lib/ruby/gems/2.4.0/gems/actionpack-5.0.3/lib/action_dispatch/middleware/templates/routes/_table.html.erb (8.3ms)
  Rendering /home/usman/.rbenv/versions/2.4.0/lib/ruby/gems/2.4.0/gems/actionpack-5.0.3/lib/action_dispatch/middleware/templates/rescues/_request_and_response.html.erb
  Rendered /home/usman/.rbenv/versions/2.4.0/lib/ruby/gems/2.4.0/gems/actionpack-5.0.3/lib/action_dispatch/middleware/templates/rescues/_request_and_response.html.erb (2.1ms)
  Rendered /home/usman/.rbenv/versions/2.4.0/lib/ruby/gems/2.4.0/gems/actionpack-5.0.3/lib/action_dispatch/middleware/templates/rescues/routing_error.html.erb within rescues/layout (49.8ms)
Started GET "/sellers/login" for 127.0.0.1 at 2017-05-19 19:48:30 +0530
Processing by SellersController#login as HTML
  Rendering sellers/login.html.erb within layouts/standard
  Rendered sellers/login.html.erb within layouts/standard (4.1ms)
  [1m[36mSeller Load (0.5ms)[0m  [1m[34mSELECT  `sellers`.* FROM `sellers` WHERE `sellers`.`seller_id` IS NULL LIMIT 1[0m
Completed 500 Internal Server Error in 45ms (ActiveRecord: 2.1ms)


  
ActionView::Template::Error (No route matches {:action=>"http://localhost:3000/sellers/login", :controller=>"sellers"}):
    13:         <% if current_account_seller.present? %>
    14:             <p><%= @current_account.seller_id %></p>
    15:         <% else %>
    16:             <li><%= link_to 'log in', :action => sellers_login_url %></li>
    17:         <% end %>
    18:     </nav>
    19:     <%= yield %>
  
app/views/layouts/standard.html.erb:16:in `_app_views_layouts_standard_html_erb__637596111888720343_70275275390820'
  Rendering /home/usman/.rbenv/versions/2.4.0/lib/ruby/gems/2.4.0/gems/actionpack-5.0.3/lib/action_dispatch/middleware/templates/rescues/template_error.html.erb within rescues/layout
  Rendering /home/usman/.rbenv/versions/2.4.0/lib/ruby/gems/2.4.0/gems/actionpack-5.0.3/lib/action_dispatch/middleware/templates/rescues/_source.html.erb
  Rendered /home/usman/.rbenv/versions/2.4.0/lib/ruby/gems/2.4.0/gems/actionpack-5.0.3/lib/action_dispatch/middleware/templates/rescues/_source.html.erb (7.8ms)
  Rendering /home/usman/.rbenv/versions/2.4.0/lib/ruby/gems/2.4.0/gems/actionpack-5.0.3/lib/action_dispatch/middleware/templates/rescues/_trace.html.erb
  Rendered /home/usman/.rbenv/versions/2.4.0/lib/ruby/gems/2.4.0/gems/actionpack-5.0.3/lib/action_dispatch/middleware/templates/rescues/_trace.html.erb (4.4ms)
  Rendering /home/usman/.rbenv/versions/2.4.0/lib/ruby/gems/2.4.0/gems/actionpack-5.0.3/lib/action_dispatch/middleware/templates/rescues/_request_and_response.html.erb
  Rendered /home/usman/.rbenv/versions/2.4.0/lib/ruby/gems/2.4.0/gems/actionpack-5.0.3/lib/action_dispatch/middleware/templates/rescues/_request_and_response.html.erb (1.3ms)
  Rendered /home/usman/.rbenv/versions/2.4.0/lib/ruby/gems/2.4.0/gems/actionpack-5.0.3/lib/action_dispatch/middleware/templates/rescues/template_error.html.erb within rescues/layout (37.3ms)
Started GET "/sellers/login" for 127.0.0.1 at 2017-05-19 19:49:40 +0530
Processing by SellersController#login as HTML
  Rendering sellers/login.html.erb within layouts/standard
  Rendered sellers/login.html.erb within layouts/standard (2.6ms)
  [1m[36mSeller Load (0.4ms)[0m  [1m[34mSELECT  `sellers`.* FROM `sellers` WHERE `sellers`.`seller_id` IS NULL LIMIT 1[0m
Completed 500 Internal Server Error in 44ms (ActiveRecord: 2.3ms)


  
ActionView::Template::Error (No route matches {:action=>"http://localhost:3000/sellers/login", :controller=>"sellers"}):
    13:         <% if current_account_seller.present? %>
    14:             <p><%= @current_account.seller_id %></p>
    15:         <% else %>
    16:             <li><%= link_to 'log in', :action => sellers_login_url %></li>
    17:         <% end %>
    18:     </nav>
    19:     <%= yield %>
  
app/views/layouts/standard.html.erb:16:in `_app_views_layouts_standard_html_erb__637596111888720343_70275272951780'
  Rendering /home/usman/.rbenv/versions/2.4.0/lib/ruby/gems/2.4.0/gems/actionpack-5.0.3/lib/action_dispatch/middleware/templates/rescues/template_error.html.erb within rescues/layout
  Rendering /home/usman/.rbenv/versions/2.4.0/lib/ruby/gems/2.4.0/gems/actionpack-5.0.3/lib/action_dispatch/middleware/templates/rescues/_source.html.erb
  Rendered /home/usman/.rbenv/versions/2.4.0/lib/ruby/gems/2.4.0/gems/actionpack-5.0.3/lib/action_dispatch/middleware/templates/rescues/_source.html.erb (8.1ms)
  Rendering /home/usman/.rbenv/versions/2.4.0/lib/ruby/gems/2.4.0/gems/actionpack-5.0.3/lib/action_dispatch/middleware/templates/rescues/_trace.html.erb
  Rendered /home/usman/.rbenv/versions/2.4.0/lib/ruby/gems/2.4.0/gems/actionpack-5.0.3/lib/action_dispatch/middleware/templates/rescues/_trace.html.erb (4.1ms)
  Rendering /home/usman/.rbenv/versions/2.4.0/lib/ruby/gems/2.4.0/gems/actionpack-5.0.3/lib/action_dispatch/middleware/templates/rescues/_request_and_response.html.erb
  Rendered /home/usman/.rbenv/versions/2.4.0/lib/ruby/gems/2.4.0/gems/actionpack-5.0.3/lib/action_dispatch/middleware/templates/rescues/_request_and_response.html.erb (1.1ms)
  Rendered /home/usman/.rbenv/versions/2.4.0/lib/ruby/gems/2.4.0/gems/actionpack-5.0.3/lib/action_dispatch/middleware/templates/rescues/template_error.html.erb within rescues/layout (35.4ms)
Started GET "/sellers/login" for 127.0.0.1 at 2017-05-19 19:50:02 +0530
Processing by SellersController#login as HTML
  Rendering sellers/login.html.erb within layouts/standard
  Rendered sellers/login.html.erb within layouts/standard (2.9ms)
  [1m[36mSeller Load (0.5ms)[0m  [1m[34mSELECT  `sellers`.* FROM `sellers` WHERE `sellers`.`seller_id` IS NULL LIMIT 1[0m
Completed 500 Internal Server Error in 49ms (ActiveRecord: 0.5ms)


  
ActionView::Template::Error (No route matches {:action=>"http://localhost:3000/sellers/login", :controller=>"sellers"}):
    13:         <% if current_account_seller.present? %>
    14:             <p><%= @current_account.seller_id %></p>
    15:         <% else %>
    16:             <li><%= link_to 'log in', :action => sellers_login_url %></li>
    17:         <% end %>
    18:     </nav>
    19:     <%= yield %>
  
app/views/layouts/standard.html.erb:16:in `_app_views_layouts_standard_html_erb__637596111888720343_70275282784380'
  Rendering /home/usman/.rbenv/versions/2.4.0/lib/ruby/gems/2.4.0/gems/actionpack-5.0.3/lib/action_dispatch/middleware/templates/rescues/template_error.html.erb within rescues/layout
  Rendering /home/usman/.rbenv/versions/2.4.0/lib/ruby/gems/2.4.0/gems/actionpack-5.0.3/lib/action_dispatch/middleware/templates/rescues/_source.html.erb
  Rendered /home/usman/.rbenv/versions/2.4.0/lib/ruby/gems/2.4.0/gems/actionpack-5.0.3/lib/action_dispatch/middleware/templates/rescues/_source.html.erb (7.8ms)
  Rendering /home/usman/.rbenv/versions/2.4.0/lib/ruby/gems/2.4.0/gems/actionpack-5.0.3/lib/action_dispatch/middleware/templates/rescues/_trace.html.erb
  Rendered /home/usman/.rbenv/versions/2.4.0/lib/ruby/gems/2.4.0/gems/actionpack-5.0.3/lib/action_dispatch/middleware/templates/rescues/_trace.html.erb (3.8ms)
  Rendering /home/usman/.rbenv/versions/2.4.0/lib/ruby/gems/2.4.0/gems/actionpack-5.0.3/lib/action_dispatch/middleware/templates/rescues/_request_and_response.html.erb
  Rendered /home/usman/.rbenv/versions/2.4.0/lib/ruby/gems/2.4.0/gems/actionpack-5.0.3/lib/action_dispatch/middleware/templates/rescues/_request_and_response.html.erb (1.6ms)
  Rendered /home/usman/.rbenv/versions/2.4.0/lib/ruby/gems/2.4.0/gems/actionpack-5.0.3/lib/action_dispatch/middleware/templates/rescues/template_error.html.erb within rescues/layout (37.5ms)
Started GET "/sellers/login" for 127.0.0.1 at 2017-05-19 19:50:39 +0530
Processing by SellersController#login as HTML
  Rendering sellers/login.html.erb within layouts/standard
  Rendered sellers/login.html.erb within layouts/standard (2.1ms)
  [1m[36mSeller Load (0.4ms)[0m  [1m[34mSELECT  `sellers`.* FROM `sellers` WHERE `sellers`.`seller_id` IS NULL LIMIT 1[0m
Completed 200 OK in 35ms (Views: 32.9ms | ActiveRecord: 0.4ms)


Started GET "/sellers/login" for 127.0.0.1 at 2017-05-19 19:52:05 +0530
Processing by SellersController#login as HTML
  Rendering sellers/login.html.erb within layouts/standard
  Rendered sellers/login.html.erb within layouts/standard (2.2ms)
  [1m[36mSeller Load (0.4ms)[0m  [1m[34mSELECT  `sellers`.* FROM `sellers` WHERE `sellers`.`seller_id` IS NULL LIMIT 1[0m
Completed 200 OK in 29ms (Views: 26.4ms | ActiveRecord: 0.4ms)


Started GET "/sellers/login" for 127.0.0.1 at 2017-05-19 19:52:16 +0530
Processing by SellersController#login as HTML
  Rendering sellers/login.html.erb within layouts/standard
  Rendered sellers/login.html.erb within layouts/standard (6.6ms)
  [1m[36mSeller Load (0.4ms)[0m  [1m[34mSELECT  `sellers`.* FROM `sellers` WHERE `sellers`.`seller_id` IS NULL LIMIT 1[0m
Completed 200 OK in 31ms (Views: 28.6ms | ActiveRecord: 0.4ms)


Started POST "/sellers/login" for 127.0.0.1 at 2017-05-19 19:52:48 +0530
Processing by SellersController#loggedin as HTML
  Parameters: {"utf8"=>"✓", "authenticity_token"=>"WfF65iAGY8G/Vk6uAEtccC5/Ymc2YWl2HI1nkOguxt9HMkGv4iMoC5kOHddFvNvPwVZBCn7GKqi1DOyYE6/F6Q==", "sellers"=>{"seller_id"=>"usman", "Password"=>"[FILTERED]"}, "commit"=>"Login"}
Unpermitted parameter: Password
  [1m[36mSeller Load (0.6ms)[0m  [1m[34mSELECT  `sellers`.* FROM `sellers` WHERE (LOWER(seller_id) = 'usman') LIMIT 1[0m
Unpermitted parameter: Password
No template found for SellersController#loggedin, rendering head :no_content
Completed 204 No Content in 117ms (ActiveRecord: 0.6ms)


Started GET "/sellers/login" for 127.0.0.1 at 2017-05-19 19:52:53 +0530
Processing by SellersController#login as HTML
  Rendering sellers/login.html.erb within layouts/standard
  Rendered sellers/login.html.erb within layouts/standard (2.2ms)
  [1m[36mSeller Load (0.5ms)[0m  [1m[34mSELECT  `sellers`.* FROM `sellers` WHERE `sellers`.`seller_id` IS NULL LIMIT 1[0m
Completed 200 OK in 36ms (Views: 33.6ms | ActiveRecord: 0.5ms)


Started POST "/sellers/login" for 127.0.0.1 at 2017-05-19 19:53:03 +0530
Processing by SellersController#loggedin as HTML
  Parameters: {"utf8"=>"✓", "authenticity_token"=>"vYmNPrnV+DkFwKEAo7GQN4CDOg+EWwwFjxrcWxfPOHyjSrZ3e/Cz8yOY8nnmRheIb6oZYsz8T9smm1dT7E47Sg==", "sellers"=>{"seller_id"=>"harsha", "Password"=>"[FILTERED]"}, "commit"=>"Login"}
Unpermitted parameter: Password
  [1m[36mSeller Load (0.6ms)[0m  [1m[34mSELECT  `sellers`.* FROM `sellers` WHERE (LOWER(seller_id) = 'harsha') LIMIT 1[0m
Unpermitted parameter: Password
No template found for SellersController#loggedin, rendering head :no_content
Completed 204 No Content in 112ms (ActiveRecord: 0.6ms)


Started GET "/sellers" for 127.0.0.1 at 2017-05-19 19:53:40 +0530
Processing by SellersController#index as HTML
  Rendering sellers/index.html.erb within layouts/standard
  [1m[36mSeller Load (0.4ms)[0m  [1m[34mSELECT `sellers`.* FROM `sellers`[0m
  Rendered sellers/index.html.erb within layouts/standard (3.9ms)
  [1m[36mSeller Load (0.4ms)[0m  [1m[34mSELECT  `sellers`.* FROM `sellers` WHERE `sellers`.`seller_id` IS NULL LIMIT 1[0m
Completed 200 OK in 32ms (Views: 29.7ms | ActiveRecord: 0.9ms)


Started GET "/sellers/new" for 127.0.0.1 at 2017-05-19 19:53:52 +0530
Processing by SellersController#new as HTML
  Rendering sellers/new.html.erb within layouts/standard
  Rendered sellers/_form.html.erb (90.0ms)
  Rendered sellers/new.html.erb within layouts/standard (92.8ms)
  [1m[36mSeller Load (0.4ms)[0m  [1m[34mSELECT  `sellers`.* FROM `sellers` WHERE `sellers`.`seller_id` IS NULL LIMIT 1[0m
Completed 200 OK in 130ms (Views: 118.8ms | ActiveRecord: 0.4ms)


Started POST "/sellers" for 127.0.0.1 at 2017-05-19 19:54:12 +0530
Processing by SellersController#create as HTML
  Parameters: {"utf8"=>"✓", "authenticity_token"=>"9cQbc015IuOyxSet27lo3eqVa0jOgsSJE0hnOPFnVNNYILkE2meeIk/ChTiuT0xTuA8TUMexYymBjv1qCOJy0g==", "seller"=>{"seller_id"=>"someone", "organization"=>"some", "password"=>"[FILTERED]"}, "commit"=>"Create Seller"}
  [1m[35m (0.2ms)[0m  [1m[35mBEGIN[0m
  [1m[35mSQL (0.4ms)[0m  [1m[32mINSERT INTO `sellers` (`seller_id`, `organization`, `password_digest`) VALUES ('someone', 'some', '$2a$10$SfpVvOMW9rFLiTQu1rpXV.qJ2Jv69zYLuy1ym4YFtUHgeyjP70MD.')[0m
  [1m[35m (70.9ms)[0m  [1m[35mCOMMIT[0m
Redirected to http://localhost:3000/sellers/someone
Completed 302 Found in 169ms (ActiveRecord: 71.4ms)


Started GET "/sellers/someone" for 127.0.0.1 at 2017-05-19 19:54:12 +0530
Processing by SellersController#show as HTML
  Parameters: {"id"=>"someone"}
  [1m[36mSeller Load (0.6ms)[0m  [1m[34mSELECT  `sellers`.* FROM `sellers` WHERE `sellers`.`seller_id` = NULL LIMIT 1[0m
Completed 404 Not Found in 5ms (ActiveRecord: 0.6ms)


  
ActiveRecord::RecordNotFound (Couldn't find Seller with 'seller_id'=):
  
app/controllers/sellers_controller.rb:82:in `set_seller'
  Rendering /home/usman/.rbenv/versions/2.4.0/lib/ruby/gems/2.4.0/gems/actionpack-5.0.3/lib/action_dispatch/middleware/templates/rescues/diagnostics.html.erb within rescues/layout
  Rendering /home/usman/.rbenv/versions/2.4.0/lib/ruby/gems/2.4.0/gems/actionpack-5.0.3/lib/action_dispatch/middleware/templates/rescues/_source.html.erb
  Rendered /home/usman/.rbenv/versions/2.4.0/lib/ruby/gems/2.4.0/gems/actionpack-5.0.3/lib/action_dispatch/middleware/templates/rescues/_source.html.erb (5.5ms)
  Rendering /home/usman/.rbenv/versions/2.4.0/lib/ruby/gems/2.4.0/gems/actionpack-5.0.3/lib/action_dispatch/middleware/templates/rescues/_trace.html.erb
  Rendered /home/usman/.rbenv/versions/2.4.0/lib/ruby/gems/2.4.0/gems/actionpack-5.0.3/lib/action_dispatch/middleware/templates/rescues/_trace.html.erb (2.9ms)
  Rendering /home/usman/.rbenv/versions/2.4.0/lib/ruby/gems/2.4.0/gems/actionpack-5.0.3/lib/action_dispatch/middleware/templates/rescues/_request_and_response.html.erb
  Rendered /home/usman/.rbenv/versions/2.4.0/lib/ruby/gems/2.4.0/gems/actionpack-5.0.3/lib/action_dispatch/middleware/templates/rescues/_request_and_response.html.erb (1.7ms)
  Rendered /home/usman/.rbenv/versions/2.4.0/lib/ruby/gems/2.4.0/gems/actionpack-5.0.3/lib/action_dispatch/middleware/templates/rescues/diagnostics.html.erb within rescues/layout (31.7ms)
Started GET "/sellers/someone" for 127.0.0.1 at 2017-05-19 19:54:56 +0530
Processing by SellersController#show as HTML
  Parameters: {"id"=>"someone"}
  [1m[36mSeller Load (0.4ms)[0m  [1m[34mSELECT  `sellers`.* FROM `sellers` WHERE `sellers`.`seller_id` = 'someone' LIMIT 1[0m
  Rendering sellers/show.html.erb within layouts/standard
  Rendered sellers/show.html.erb within layouts/standard (1.6ms)
  [1m[36mCACHE (0.0ms)[0m  [1m[34mSELECT  `sellers`.* FROM `sellers` WHERE `sellers`.`seller_id` = 'someone' LIMIT 1[0m  [["seller_id", "someone"], ["LIMIT", 1]]
Completed 500 Internal Server Error in 57ms (ActiveRecord: 2.5ms)


  
ActionView::Template::Error (undefined method `seller_id' for nil:NilClass):
    11:   <body>
    12:     <nav>
    13:         <% if current_account_seller.present? %>
    14:             <p><%= @current_account.seller_id %></p>
    15:         <% else %>
    16:             <li><%= link_to 'log in', { :action => 'login' } %></li>
    17:         <% end %>
  
app/views/layouts/standard.html.erb:14:in `_app_views_layouts_standard_html_erb__637596111888720343_70275265421900'
  Rendering /home/usman/.rbenv/versions/2.4.0/lib/ruby/gems/2.4.0/gems/actionpack-5.0.3/lib/action_dispatch/middleware/templates/rescues/template_error.html.erb within rescues/layout
  Rendering /home/usman/.rbenv/versions/2.4.0/lib/ruby/gems/2.4.0/gems/actionpack-5.0.3/lib/action_dispatch/middleware/templates/rescues/_source.html.erb
  Rendered /home/usman/.rbenv/versions/2.4.0/lib/ruby/gems/2.4.0/gems/actionpack-5.0.3/lib/action_dispatch/middleware/templates/rescues/_source.html.erb (7.3ms)
  Rendering /home/usman/.rbenv/versions/2.4.0/lib/ruby/gems/2.4.0/gems/actionpack-5.0.3/lib/action_dispatch/middleware/templates/rescues/_trace.html.erb
  Rendered /home/usman/.rbenv/versions/2.4.0/lib/ruby/gems/2.4.0/gems/actionpack-5.0.3/lib/action_dispatch/middleware/templates/rescues/_trace.html.erb (3.2ms)
  Rendering /home/usman/.rbenv/versions/2.4.0/lib/ruby/gems/2.4.0/gems/actionpack-5.0.3/lib/action_dispatch/middleware/templates/rescues/_request_and_response.html.erb
  Rendered /home/usman/.rbenv/versions/2.4.0/lib/ruby/gems/2.4.0/gems/actionpack-5.0.3/lib/action_dispatch/middleware/templates/rescues/_request_and_response.html.erb (1.7ms)
  Rendered /home/usman/.rbenv/versions/2.4.0/lib/ruby/gems/2.4.0/gems/actionpack-5.0.3/lib/action_dispatch/middleware/templates/rescues/template_error.html.erb within rescues/layout (34.6ms)
Started GET "/sellers/someone" for 127.0.0.1 at 2017-05-19 19:54:58 +0530
Processing by SellersController#show as HTML
  Parameters: {"id"=>"someone"}
  [1m[36mSeller Load (0.6ms)[0m  [1m[34mSELECT  `sellers`.* FROM `sellers` WHERE `sellers`.`seller_id` = 'someone' LIMIT 1[0m
  Rendering sellers/show.html.erb within layouts/standard
  Rendered sellers/show.html.erb within layouts/standard (3.1ms)
  [1m[36mCACHE (0.0ms)[0m  [1m[34mSELECT  `sellers`.* FROM `sellers` WHERE `sellers`.`seller_id` = 'someone' LIMIT 1[0m  [["seller_id", "someone"], ["LIMIT", 1]]
Completed 500 Internal Server Error in 45ms (ActiveRecord: 0.6ms)


  
ActionView::Template::Error (undefined method `seller_id' for nil:NilClass):
    11:   <body>
    12:     <nav>
    13:         <% if current_account_seller.present? %>
    14:             <p><%= @current_account.seller_id %></p>
    15:         <% else %>
    16:             <li><%= link_to 'log in', { :action => 'login' } %></li>
    17:         <% end %>
  
app/views/layouts/standard.html.erb:14:in `_app_views_layouts_standard_html_erb__637596111888720343_70275261744900'
  Rendering /home/usman/.rbenv/versions/2.4.0/lib/ruby/gems/2.4.0/gems/actionpack-5.0.3/lib/action_dispatch/middleware/templates/rescues/template_error.html.erb within rescues/layout
  Rendering /home/usman/.rbenv/versions/2.4.0/lib/ruby/gems/2.4.0/gems/actionpack-5.0.3/lib/action_dispatch/middleware/templates/rescues/_source.html.erb
  Rendered /home/usman/.rbenv/versions/2.4.0/lib/ruby/gems/2.4.0/gems/actionpack-5.0.3/lib/action_dispatch/middleware/templates/rescues/_source.html.erb (9.2ms)
  Rendering /home/usman/.rbenv/versions/2.4.0/lib/ruby/gems/2.4.0/gems/actionpack-5.0.3/lib/action_dispatch/middleware/templates/rescues/_trace.html.erb
  Rendered /home/usman/.rbenv/versions/2.4.0/lib/ruby/gems/2.4.0/gems/actionpack-5.0.3/lib/action_dispatch/middleware/templates/rescues/_trace.html.erb (3.7ms)
  Rendering /home/usman/.rbenv/versions/2.4.0/lib/ruby/gems/2.4.0/gems/actionpack-5.0.3/lib/action_dispatch/middleware/templates/rescues/_request_and_response.html.erb
  Rendered /home/usman/.rbenv/versions/2.4.0/lib/ruby/gems/2.4.0/gems/actionpack-5.0.3/lib/action_dispatch/middleware/templates/rescues/_request_and_response.html.erb (1.6ms)
  Rendered /home/usman/.rbenv/versions/2.4.0/lib/ruby/gems/2.4.0/gems/actionpack-5.0.3/lib/action_dispatch/middleware/templates/rescues/template_error.html.erb within rescues/layout (40.7ms)
Started GET "/sellers/someone" for 127.0.0.1 at 2017-05-19 19:56:13 +0530
Processing by SellersController#show as HTML
  Parameters: {"id"=>"someone"}
  [1m[36mSeller Load (2.4ms)[0m  [1m[34mSELECT  `sellers`.* FROM `sellers` WHERE `sellers`.`seller_id` = 'someone' LIMIT 1[0m
  Rendering sellers/show.html.erb within layouts/standard
  Rendered sellers/show.html.erb within layouts/standard (1.3ms)
  [1m[36mCACHE (0.0ms)[0m  [1m[34mSELECT  `sellers`.* FROM `sellers` WHERE `sellers`.`seller_id` = 'someone' LIMIT 1[0m  [["seller_id", "someone"], ["LIMIT", 1]]
Completed 200 OK in 29ms (Views: 24.1ms | ActiveRecord: 2.4ms)


Started GET "/sellers/login" for 127.0.0.1 at 2017-05-19 19:56:18 +0530
Processing by SellersController#login as HTML
  Rendering sellers/login.html.erb within layouts/standard
  Rendered sellers/login.html.erb within layouts/standard (5.0ms)
  [1m[36mSeller Load (0.7ms)[0m  [1m[34mSELECT  `sellers`.* FROM `sellers` WHERE `sellers`.`seller_id` = 'someone' LIMIT 1[0m
Completed 200 OK in 40ms (Views: 37.5ms | ActiveRecord: 0.7ms)


Started POST "/sellers/login" for 127.0.0.1 at 2017-05-19 19:56:25 +0530
Processing by SellersController#loggedin as HTML
  Parameters: {"utf8"=>"✓", "authenticity_token"=>"/9f62/Lm+9gUqDjrVkvbOASKavjI9yU4jK7jh7hbBZbhFMGSMMOwEjLwa5ITvFyH66NJlYBQZuYlL2iPQ9oGoA==", "sellers"=>{"seller_id"=>"someone", "Password"=>"[FILTERED]"}, "commit"=>"Login"}
Unpermitted parameter: Password
  [1m[36mSeller Load (0.6ms)[0m  [1m[34mSELECT  `sellers`.* FROM `sellers` WHERE (LOWER(seller_id) = 'someone') LIMIT 1[0m
Unpermitted parameter: Password
No template found for SellersController#loggedin, rendering head :no_content
Completed 204 No Content in 112ms (ActiveRecord: 0.6ms)


Started GET "/sellers/login" for 127.0.0.1 at 2017-05-19 19:56:32 +0530
Processing by SellersController#login as HTML
  Rendering sellers/login.html.erb within layouts/standard
  Rendered sellers/login.html.erb within layouts/standard (1.9ms)
  [1m[36mSeller Load (0.6ms)[0m  [1m[34mSELECT  `sellers`.* FROM `sellers` WHERE `sellers`.`seller_id` = 'someone' LIMIT 1[0m
Completed 200 OK in 32ms (Views: 29.7ms | ActiveRecord: 0.6ms)


Started GET "/sellers/login" for 127.0.0.1 at 2017-05-19 19:58:04 +0530
Processing by SellersController#login as HTML
  Rendering sellers/login.html.erb within layouts/standard
  Rendered sellers/login.html.erb within layouts/standard (2.7ms)
  [1m[36mSeller Load (0.6ms)[0m  [1m[34mSELECT  `sellers`.* FROM `sellers` WHERE `sellers`.`seller_id` = 'someone' LIMIT 1[0m
Completed 200 OK in 40ms (Views: 30.2ms | ActiveRecord: 0.6ms)


Started POST "/sellers/loggedin" for 127.0.0.1 at 2017-05-19 19:58:11 +0530
Processing by SellersController#loggedin as HTML
  Parameters: {"utf8"=>"✓", "authenticity_token"=>"2GaGEGKCJq1kOE4FoKCBzhTM2DboZg/cYhY0HoWTcnP0LQ6WTpoFdNKEvqv0Fqrc+tep7KpzKqliej1X7C3YxQ==", "sellers"=>{"seller_id"=>"someone", "Password"=>"[FILTERED]"}, "commit"=>"Login"}
Unpermitted parameter: Password
  [1m[36mSeller Load (3.6ms)[0m  [1m[34mSELECT  `sellers`.* FROM `sellers` WHERE (LOWER(seller_id) = 'someone') LIMIT 1[0m
Unpermitted parameter: Password
No template found for SellersController#loggedin, rendering head :no_content
Completed 204 No Content in 112ms (ActiveRecord: 3.6ms)


Started GET "/sellers/login" for 127.0.0.1 at 2017-05-19 19:58:59 +0530
Processing by SellersController#login as HTML
  Rendering sellers/login.html.erb within layouts/standard
  Rendered sellers/login.html.erb within layouts/standard (2.5ms)
  [1m[36mSeller Load (0.6ms)[0m  [1m[34mSELECT  `sellers`.* FROM `sellers` WHERE `sellers`.`seller_id` = 'someone' LIMIT 1[0m
Completed 200 OK in 42ms (Views: 27.4ms | ActiveRecord: 3.1ms)


Started POST "/sellers/loggedin" for 127.0.0.1 at 2017-05-19 19:59:05 +0530
Processing by SellersController#loggedin as HTML
  Parameters: {"utf8"=>"✓", "authenticity_token"=>"eTKH4eAbL0BoSyMndQ/TYAvyC1nG6zuUeJOedKrg+0pVeQ9nzAMMmd7304khufhy5el6g4T+HuF4/5c9w15R/A==", "sellers"=>{"seller_id"=>"someone", "Password"=>"[FILTERED]"}, "commit"=>"Login"}
Completed 400 Bad Request in 1ms (ActiveRecord: 0.0ms)


  
ActionController::ParameterMissing (param is missing or the value is empty: seller):
  
app/controllers/sellers_controller.rb:91:in `login_params'
app/controllers/sellers_controller.rb:47:in `loggedin'
  Rendering /home/usman/.rbenv/versions/2.4.0/lib/ruby/gems/2.4.0/gems/actionpack-5.0.3/lib/action_dispatch/middleware/templates/rescues/diagnostics.html.erb within rescues/layout
  Rendering /home/usman/.rbenv/versions/2.4.0/lib/ruby/gems/2.4.0/gems/actionpack-5.0.3/lib/action_dispatch/middleware/templates/rescues/_source.html.erb
  Rendered /home/usman/.rbenv/versions/2.4.0/lib/ruby/gems/2.4.0/gems/actionpack-5.0.3/lib/action_dispatch/middleware/templates/rescues/_source.html.erb (16.4ms)
  Rendering /home/usman/.rbenv/versions/2.4.0/lib/ruby/gems/2.4.0/gems/actionpack-5.0.3/lib/action_dispatch/middleware/templates/rescues/_trace.html.erb
  Rendered /home/usman/.rbenv/versions/2.4.0/lib/ruby/gems/2.4.0/gems/actionpack-5.0.3/lib/action_dispatch/middleware/templates/rescues/_trace.html.erb (2.2ms)
  Rendering /home/usman/.rbenv/versions/2.4.0/lib/ruby/gems/2.4.0/gems/actionpack-5.0.3/lib/action_dispatch/middleware/templates/rescues/_request_and_response.html.erb
  Rendered /home/usman/.rbenv/versions/2.4.0/lib/ruby/gems/2.4.0/gems/actionpack-5.0.3/lib/action_dispatch/middleware/templates/rescues/_request_and_response.html.erb (2.0ms)
  Rendered /home/usman/.rbenv/versions/2.4.0/lib/ruby/gems/2.4.0/gems/actionpack-5.0.3/lib/action_dispatch/middleware/templates/rescues/diagnostics.html.erb within rescues/layout (43.0ms)
Started GET "/sellers" for 127.0.0.1 at 2017-05-19 20:29:49 +0530
Processing by SellersController#index as HTML
  Rendering sellers/index.html.erb within layouts/standard
  [1m[36mSeller Load (0.6ms)[0m  [1m[34mSELECT `sellers`.* FROM `sellers`[0m
  Rendered sellers/index.html.erb within layouts/standard (4.0ms)
  [1m[36mSeller Load (0.6ms)[0m  [1m[34mSELECT  `sellers`.* FROM `sellers` WHERE `sellers`.`seller_id` = 'someone' LIMIT 1[0m
Completed 200 OK in 34ms (Views: 31.2ms | ActiveRecord: 1.2ms)


Started GET "/sellers/login" for 127.0.0.1 at 2017-05-19 20:29:55 +0530
Processing by SellersController#login as HTML
  Rendering sellers/login.html.erb within layouts/standard
  Rendered sellers/login.html.erb within layouts/standard (2.0ms)
  [1m[36mSeller Load (0.6ms)[0m  [1m[34mSELECT  `sellers`.* FROM `sellers` WHERE `sellers`.`seller_id` = 'someone' LIMIT 1[0m
Completed 200 OK in 34ms (Views: 31.4ms | ActiveRecord: 0.6ms)


Started POST "/sellers/loggedin" for 127.0.0.1 at 2017-05-19 20:30:01 +0530
Processing by SellersController#loggedin as HTML
  Parameters: {"utf8"=>"✓", "authenticity_token"=>"LJo8Mzb3S7pKkc3wFRYgGfBfIQMKfsmY9c7GHf/Kc4wA0bS1Gu9oY/wtPV5BoAsLHkRQ2Uhr7O31os9UlnTZOg==", "sellers"=>{"seller_id"=>"someone", "Password"=>"[FILTERED]"}, "commit"=>"Login"}
Completed 400 Bad Request in 1ms (ActiveRecord: 0.0ms)


  
ActionController::ParameterMissing (param is missing or the value is empty: seller):
  
app/controllers/sellers_controller.rb:91:in `login_params'
app/controllers/sellers_controller.rb:47:in `loggedin'
  Rendering /home/usman/.rbenv/versions/2.4.0/lib/ruby/gems/2.4.0/gems/actionpack-5.0.3/lib/action_dispatch/middleware/templates/rescues/diagnostics.html.erb within rescues/layout
  Rendering /home/usman/.rbenv/versions/2.4.0/lib/ruby/gems/2.4.0/gems/actionpack-5.0.3/lib/action_dispatch/middleware/templates/rescues/_source.html.erb
  Rendered /home/usman/.rbenv/versions/2.4.0/lib/ruby/gems/2.4.0/gems/actionpack-5.0.3/lib/action_dispatch/middleware/templates/rescues/_source.html.erb (16.3ms)
  Rendering /home/usman/.rbenv/versions/2.4.0/lib/ruby/gems/2.4.0/gems/actionpack-5.0.3/lib/action_dispatch/middleware/templates/rescues/_trace.html.erb
  Rendered /home/usman/.rbenv/versions/2.4.0/lib/ruby/gems/2.4.0/gems/actionpack-5.0.3/lib/action_dispatch/middleware/templates/rescues/_trace.html.erb (3.6ms)
  Rendering /home/usman/.rbenv/versions/2.4.0/lib/ruby/gems/2.4.0/gems/actionpack-5.0.3/lib/action_dispatch/middleware/templates/rescues/_request_and_response.html.erb
  Rendered /home/usman/.rbenv/versions/2.4.0/lib/ruby/gems/2.4.0/gems/actionpack-5.0.3/lib/action_dispatch/middleware/templates/rescues/_request_and_response.html.erb (2.0ms)
  Rendered /home/usman/.rbenv/versions/2.4.0/lib/ruby/gems/2.4.0/gems/actionpack-5.0.3/lib/action_dispatch/middleware/templates/rescues/diagnostics.html.erb within rescues/layout (47.4ms)
Started GET "/sellers/login" for 127.0.0.1 at 2017-05-19 20:33:26 +0530
Processing by SellersController#login as HTML
  Rendering sellers/login.html.erb within layouts/standard
  Rendered sellers/login.html.erb within layouts/standard (2.0ms)
  [1m[36mSeller Load (0.7ms)[0m  [1m[34mSELECT  `sellers`.* FROM `sellers` WHERE `sellers`.`seller_id` = 'someone' LIMIT 1[0m
Completed 200 OK in 33ms (Views: 30.9ms | ActiveRecord: 0.7ms)


Started POST "/sellers/loggedin" for 127.0.0.1 at 2017-05-19 20:33:36 +0530
Processing by SellersController#loggedin as HTML
  Parameters: {"utf8"=>"✓", "authenticity_token"=>"neoE6er5zoUKpXe4YfHzUNRptc/zsmxTp+doet8zq/KxoYxvxuHtXLwZhxY1R9hCOnLEFbGnSSani2Ezto0BRA==", "sellers"=>{"seller_id"=>"someone", "password"=>"[FILTERED]"}, "commit"=>"Login"}
Completed 400 Bad Request in 1ms (ActiveRecord: 0.0ms)


  
ActionController::ParameterMissing (param is missing or the value is empty: seller):
  
app/controllers/sellers_controller.rb:91:in `login_params'
app/controllers/sellers_controller.rb:47:in `loggedin'
  Rendering /home/usman/.rbenv/versions/2.4.0/lib/ruby/gems/2.4.0/gems/actionpack-5.0.3/lib/action_dispatch/middleware/templates/rescues/diagnostics.html.erb within rescues/layout
  Rendering /home/usman/.rbenv/versions/2.4.0/lib/ruby/gems/2.4.0/gems/actionpack-5.0.3/lib/action_dispatch/middleware/templates/rescues/_source.html.erb
  Rendered /home/usman/.rbenv/versions/2.4.0/lib/ruby/gems/2.4.0/gems/actionpack-5.0.3/lib/action_dispatch/middleware/templates/rescues/_source.html.erb (5.7ms)
  Rendering /home/usman/.rbenv/versions/2.4.0/lib/ruby/gems/2.4.0/gems/actionpack-5.0.3/lib/action_dispatch/middleware/templates/rescues/_trace.html.erb
  Rendered /home/usman/.rbenv/versions/2.4.0/lib/ruby/gems/2.4.0/gems/actionpack-5.0.3/lib/action_dispatch/middleware/templates/rescues/_trace.html.erb (2.3ms)
  Rendering /home/usman/.rbenv/versions/2.4.0/lib/ruby/gems/2.4.0/gems/actionpack-5.0.3/lib/action_dispatch/middleware/templates/rescues/_request_and_response.html.erb
  Rendered /home/usman/.rbenv/versions/2.4.0/lib/ruby/gems/2.4.0/gems/actionpack-5.0.3/lib/action_dispatch/middleware/templates/rescues/_request_and_response.html.erb (1.7ms)
  Rendered /home/usman/.rbenv/versions/2.4.0/lib/ruby/gems/2.4.0/gems/actionpack-5.0.3/lib/action_dispatch/middleware/templates/rescues/diagnostics.html.erb within rescues/layout (34.0ms)
Started POST "/sellers/loggedin" for 127.0.0.1 at 2017-05-19 21:06:48 +0530
Processing by SellersController#loggedin as HTML
  Parameters: {"utf8"=>"✓", "authenticity_token"=>"neoE6er5zoUKpXe4YfHzUNRptc/zsmxTp+doet8zq/KxoYxvxuHtXLwZhxY1R9hCOnLEFbGnSSani2Ezto0BRA==", "sellers"=>{"seller_id"=>"someone", "password"=>"[FILTERED]"}, "commit"=>"Login"}
Completed 400 Bad Request in 1ms (ActiveRecord: 0.0ms)


  
ActionController::ParameterMissing (param is missing or the value is empty: seller):
  
app/controllers/sellers_controller.rb:91:in `login_params'
app/controllers/sellers_controller.rb:47:in `loggedin'
  Rendering /home/usman/.rbenv/versions/2.4.0/lib/ruby/gems/2.4.0/gems/actionpack-5.0.3/lib/action_dispatch/middleware/templates/rescues/diagnostics.html.erb within rescues/layout
  Rendering /home/usman/.rbenv/versions/2.4.0/lib/ruby/gems/2.4.0/gems/actionpack-5.0.3/lib/action_dispatch/middleware/templates/rescues/_source.html.erb
  Rendered /home/usman/.rbenv/versions/2.4.0/lib/ruby/gems/2.4.0/gems/actionpack-5.0.3/lib/action_dispatch/middleware/templates/rescues/_source.html.erb (7.0ms)
  Rendering /home/usman/.rbenv/versions/2.4.0/lib/ruby/gems/2.4.0/gems/actionpack-5.0.3/lib/action_dispatch/middleware/templates/rescues/_trace.html.erb
  Rendered /home/usman/.rbenv/versions/2.4.0/lib/ruby/gems/2.4.0/gems/actionpack-5.0.3/lib/action_dispatch/middleware/templates/rescues/_trace.html.erb (3.3ms)
  Rendering /home/usman/.rbenv/versions/2.4.0/lib/ruby/gems/2.4.0/gems/actionpack-5.0.3/lib/action_dispatch/middleware/templates/rescues/_request_and_response.html.erb
  Rendered /home/usman/.rbenv/versions/2.4.0/lib/ruby/gems/2.4.0/gems/actionpack-5.0.3/lib/action_dispatch/middleware/templates/rescues/_request_and_response.html.erb (1.7ms)
  Rendered /home/usman/.rbenv/versions/2.4.0/lib/ruby/gems/2.4.0/gems/actionpack-5.0.3/lib/action_dispatch/middleware/templates/rescues/diagnostics.html.erb within rescues/layout (34.3ms)
Started POST "/sellers/loggedin" for 127.0.0.1 at 2017-05-19 21:08:25 +0530
Processing by SellersController#loggedin as HTML
  Parameters: {"utf8"=>"✓", "authenticity_token"=>"neoE6er5zoUKpXe4YfHzUNRptc/zsmxTp+doet8zq/KxoYxvxuHtXLwZhxY1R9hCOnLEFbGnSSani2Ezto0BRA==", "sellers"=>{"seller_id"=>"someone", "password"=>"[FILTERED]"}, "commit"=>"Login"}
Completed 400 Bad Request in 9ms (ActiveRecord: 0.0ms)


  
ActionController::ParameterMissing (param is missing or the value is empty: seller):
  
app/controllers/sellers_controller.rb:91:in `login_params'
app/controllers/sellers_controller.rb:47:in `loggedin'
  Rendering /home/usman/.rbenv/versions/2.4.0/lib/ruby/gems/2.4.0/gems/actionpack-5.0.3/lib/action_dispatch/middleware/templates/rescues/diagnostics.html.erb within rescues/layout
  Rendering /home/usman/.rbenv/versions/2.4.0/lib/ruby/gems/2.4.0/gems/actionpack-5.0.3/lib/action_dispatch/middleware/templates/rescues/_source.html.erb
  Rendered /home/usman/.rbenv/versions/2.4.0/lib/ruby/gems/2.4.0/gems/actionpack-5.0.3/lib/action_dispatch/middleware/templates/rescues/_source.html.erb (5.5ms)
  Rendering /home/usman/.rbenv/versions/2.4.0/lib/ruby/gems/2.4.0/gems/actionpack-5.0.3/lib/action_dispatch/middleware/templates/rescues/_trace.html.erb
  Rendered /home/usman/.rbenv/versions/2.4.0/lib/ruby/gems/2.4.0/gems/actionpack-5.0.3/lib/action_dispatch/middleware/templates/rescues/_trace.html.erb (2.9ms)
  Rendering /home/usman/.rbenv/versions/2.4.0/lib/ruby/gems/2.4.0/gems/actionpack-5.0.3/lib/action_dispatch/middleware/templates/rescues/_request_and_response.html.erb
  Rendered /home/usman/.rbenv/versions/2.4.0/lib/ruby/gems/2.4.0/gems/actionpack-5.0.3/lib/action_dispatch/middleware/templates/rescues/_request_and_response.html.erb (1.7ms)
  Rendered /home/usman/.rbenv/versions/2.4.0/lib/ruby/gems/2.4.0/gems/actionpack-5.0.3/lib/action_dispatch/middleware/templates/rescues/diagnostics.html.erb within rescues/layout (33.9ms)
Started GET "/sellers/login" for 127.0.0.1 at 2017-05-19 21:08:30 +0530
Processing by SellersController#login as HTML
  Rendering sellers/login.html.erb within layouts/standard
  Rendered sellers/login.html.erb within layouts/standard (2.9ms)
  [1m[36mSeller Load (0.6ms)[0m  [1m[34mSELECT  `sellers`.* FROM `sellers` WHERE `sellers`.`seller_id` = 'someone' LIMIT 1[0m
Completed 200 OK in 42ms (Views: 32.3ms | ActiveRecord: 2.9ms)


Started POST "/sellers/loggedin" for 127.0.0.1 at 2017-05-19 21:08:38 +0530
Processing by SellersController#loggedin as HTML
  Parameters: {"utf8"=>"✓", "authenticity_token"=>"QoiJYvk/zdzp+EUKg8dFa7pQd6QPQlz0v6UjvZmxF1luwwHk1SfuBV9EtaTXcW55VEsGfk1XeYG/ySr08A+97w==", "sellers"=>{"seller_id"=>"someone", "password"=>"[FILTERED]"}, "commit"=>"Login"}
Completed 400 Bad Request in 1ms (ActiveRecord: 0.0ms)


  
ActionController::ParameterMissing (param is missing or the value is empty: seller):
  
app/controllers/sellers_controller.rb:91:in `login_params'
app/controllers/sellers_controller.rb:47:in `loggedin'
  Rendering /home/usman/.rbenv/versions/2.4.0/lib/ruby/gems/2.4.0/gems/actionpack-5.0.3/lib/action_dispatch/middleware/templates/rescues/diagnostics.html.erb within rescues/layout
  Rendering /home/usman/.rbenv/versions/2.4.0/lib/ruby/gems/2.4.0/gems/actionpack-5.0.3/lib/action_dispatch/middleware/templates/rescues/_source.html.erb
  Rendered /home/usman/.rbenv/versions/2.4.0/lib/ruby/gems/2.4.0/gems/actionpack-5.0.3/lib/action_dispatch/middleware/templates/rescues/_source.html.erb (12.0ms)
  Rendering /home/usman/.rbenv/versions/2.4.0/lib/ruby/gems/2.4.0/gems/actionpack-5.0.3/lib/action_dispatch/middleware/templates/rescues/_trace.html.erb
  Rendered /home/usman/.rbenv/versions/2.4.0/lib/ruby/gems/2.4.0/gems/actionpack-5.0.3/lib/action_dispatch/middleware/templates/rescues/_trace.html.erb (5.7ms)
  Rendering /home/usman/.rbenv/versions/2.4.0/lib/ruby/gems/2.4.0/gems/actionpack-5.0.3/lib/action_dispatch/middleware/templates/rescues/_request_and_response.html.erb
  Rendered /home/usman/.rbenv/versions/2.4.0/lib/ruby/gems/2.4.0/gems/actionpack-5.0.3/lib/action_dispatch/middleware/templates/rescues/_request_and_response.html.erb (3.3ms)
  Rendered /home/usman/.rbenv/versions/2.4.0/lib/ruby/gems/2.4.0/gems/actionpack-5.0.3/lib/action_dispatch/middleware/templates/rescues/diagnostics.html.erb within rescues/layout (48.4ms)
Started GET "/sellers/login" for 127.0.0.1 at 2017-05-19 21:09:04 +0530
  [1m[36mActiveRecord::SchemaMigration Load (0.7ms)[0m  [1m[34mSELECT `schema_migrations`.* FROM `schema_migrations`[0m
Processing by SellersController#login as HTML
  Rendering sellers/login.html.erb within layouts/standard
  Rendered sellers/login.html.erb within layouts/standard (13.5ms)
  [1m[36mSeller Load (0.6ms)[0m  [1m[34mSELECT  `sellers`.* FROM `sellers` WHERE `sellers`.`seller_id` = 'someone' LIMIT 1[0m
Completed 200 OK in 331ms (Views: 304.7ms | ActiveRecord: 3.3ms)


Started POST "/sellers/loggedin" for 127.0.0.1 at 2017-05-19 21:09:10 +0530
Processing by SellersController#loggedin as HTML
  Parameters: {"utf8"=>"✓", "authenticity_token"=>"K3F5RaZbYmSR25zxN854/ZDVIF77zMapyDwE/cwOzNoHOvHDikNBvSdnbF9jeFPvfs5RhLnZ49zIUA20pbBmbA==", "sellers"=>{"seller_id"=>"someon", "password"=>"[FILTERED]"}, "commit"=>"Login"}
Completed 400 Bad Request in 2ms (ActiveRecord: 0.0ms)


  
ActionController::ParameterMissing (param is missing or the value is empty: seller):
  
app/controllers/sellers_controller.rb:91:in `login_params'
app/controllers/sellers_controller.rb:47:in `loggedin'
  Rendering /home/usman/.rbenv/versions/2.4.0/lib/ruby/gems/2.4.0/gems/actionpack-5.0.3/lib/action_dispatch/middleware/templates/rescues/diagnostics.html.erb within rescues/layout
  Rendering /home/usman/.rbenv/versions/2.4.0/lib/ruby/gems/2.4.0/gems/actionpack-5.0.3/lib/action_dispatch/middleware/templates/rescues/_source.html.erb
  Rendered /home/usman/.rbenv/versions/2.4.0/lib/ruby/gems/2.4.0/gems/actionpack-5.0.3/lib/action_dispatch/middleware/templates/rescues/_source.html.erb (6.0ms)
  Rendering /home/usman/.rbenv/versions/2.4.0/lib/ruby/gems/2.4.0/gems/actionpack-5.0.3/lib/action_dispatch/middleware/templates/rescues/_trace.html.erb
  Rendered /home/usman/.rbenv/versions/2.4.0/lib/ruby/gems/2.4.0/gems/actionpack-5.0.3/lib/action_dispatch/middleware/templates/rescues/_trace.html.erb (2.7ms)
  Rendering /home/usman/.rbenv/versions/2.4.0/lib/ruby/gems/2.4.0/gems/actionpack-5.0.3/lib/action_dispatch/middleware/templates/rescues/_request_and_response.html.erb
  Rendered /home/usman/.rbenv/versions/2.4.0/lib/ruby/gems/2.4.0/gems/actionpack-5.0.3/lib/action_dispatch/middleware/templates/rescues/_request_and_response.html.erb (1.6ms)
  Rendered /home/usman/.rbenv/versions/2.4.0/lib/ruby/gems/2.4.0/gems/actionpack-5.0.3/lib/action_dispatch/middleware/templates/rescues/diagnostics.html.erb within rescues/layout (33.1ms)
Started POST "/sellers/loggedin" for 127.0.0.1 at 2017-05-19 21:09:18 +0530
Processing by SellersController#loggedin as HTML
  Parameters: {"utf8"=>"✓", "authenticity_token"=>"K3F5RaZbYmSR25zxN854/ZDVIF77zMapyDwE/cwOzNoHOvHDikNBvSdnbF9jeFPvfs5RhLnZ49zIUA20pbBmbA==", "sellers"=>{"seller_id"=>"someone", "password"=>"[FILTERED]"}, "commit"=>"Login"}
Completed 400 Bad Request in 2ms (ActiveRecord: 0.0ms)


  
ActionController::ParameterMissing (param is missing or the value is empty: seller):
  
app/controllers/sellers_controller.rb:91:in `login_params'
app/controllers/sellers_controller.rb:47:in `loggedin'
  Rendering /home/usman/.rbenv/versions/2.4.0/lib/ruby/gems/2.4.0/gems/actionpack-5.0.3/lib/action_dispatch/middleware/templates/rescues/diagnostics.html.erb within rescues/layout
  Rendering /home/usman/.rbenv/versions/2.4.0/lib/ruby/gems/2.4.0/gems/actionpack-5.0.3/lib/action_dispatch/middleware/templates/rescues/_source.html.erb
  Rendered /home/usman/.rbenv/versions/2.4.0/lib/ruby/gems/2.4.0/gems/actionpack-5.0.3/lib/action_dispatch/middleware/templates/rescues/_source.html.erb (6.3ms)
  Rendering /home/usman/.rbenv/versions/2.4.0/lib/ruby/gems/2.4.0/gems/actionpack-5.0.3/lib/action_dispatch/middleware/templates/rescues/_trace.html.erb
  Rendered /home/usman/.rbenv/versions/2.4.0/lib/ruby/gems/2.4.0/gems/actionpack-5.0.3/lib/action_dispatch/middleware/templates/rescues/_trace.html.erb (3.3ms)
  Rendering /home/usman/.rbenv/versions/2.4.0/lib/ruby/gems/2.4.0/gems/actionpack-5.0.3/lib/action_dispatch/middleware/templates/rescues/_request_and_response.html.erb
  Rendered /home/usman/.rbenv/versions/2.4.0/lib/ruby/gems/2.4.0/gems/actionpack-5.0.3/lib/action_dispatch/middleware/templates/rescues/_request_and_response.html.erb (1.8ms)
  Rendered /home/usman/.rbenv/versions/2.4.0/lib/ruby/gems/2.4.0/gems/actionpack-5.0.3/lib/action_dispatch/middleware/templates/rescues/diagnostics.html.erb within rescues/layout (35.1ms)
Started GET "/sellers" for 127.0.0.1 at 2017-05-19 21:09:37 +0530
Processing by SellersController#index as HTML
  Rendering sellers/index.html.erb within layouts/standard
  [1m[36mSeller Load (0.5ms)[0m  [1m[34mSELECT `sellers`.* FROM `sellers`[0m
  Rendered sellers/index.html.erb within layouts/standard (8.6ms)
  [1m[36mSeller Load (0.6ms)[0m  [1m[34mSELECT  `sellers`.* FROM `sellers` WHERE `sellers`.`seller_id` = 'someone' LIMIT 1[0m
Completed 200 OK in 47ms (Views: 37.2ms | ActiveRecord: 1.1ms)


Started GET "/sellers/login" for 127.0.0.1 at 2017-05-19 21:09:51 +0530
Processing by SellersController#login as HTML
  Rendering sellers/login.html.erb within layouts/standard
  Rendered sellers/login.html.erb within layouts/standard (2.2ms)
  [1m[36mSeller Load (0.6ms)[0m  [1m[34mSELECT  `sellers`.* FROM `sellers` WHERE `sellers`.`seller_id` = 'someone' LIMIT 1[0m
Completed 200 OK in 40ms (Views: 37.6ms | ActiveRecord: 0.6ms)


Started POST "/sellers/loggedin" for 127.0.0.1 at 2017-05-19 21:09:59 +0530
Processing by SellersController#loggedin as HTML
  Parameters: {"utf8"=>"✓", "authenticity_token"=>"Y/2tj/IAf9w9/n30Cl0fPbsYjPFZwVp4iQ0Rdv3ugyEwvpj4jgNcKXYVfbTa8IEMAjzF8N3wulq5Rv2LBtBLrw==", "sellers"=>{"seller_id"=>"someone", "password"=>"[FILTERED]"}, "commit"=>"Login"}
  [1m[36mSeller Load (0.5ms)[0m  [1m[34mSELECT  `sellers`.* FROM `sellers` WHERE (LOWER(seller_id) = 'someone') LIMIT 1[0m
Redirected to http://localhost:3000/items
Completed 302 Found in 97ms (ActiveRecord: 0.5ms)


Started GET "/items" for 127.0.0.1 at 2017-05-19 21:09:59 +0530
Processing by ItemsController#index as HTML
  Rendering items/index.html.erb within layouts/application
  [1m[36mItem Load (0.6ms)[0m  [1m[34mSELECT `items`.* FROM `items`[0m
  [1m[36mCategory Load (0.4ms)[0m  [1m[34mSELECT  `categories`.* FROM `categories` WHERE `categories`.`category_id` = 1 LIMIT 1[0m
  [1m[36mSubCategory Load (0.4ms)[0m  [1m[34mSELECT  `sub_categories`.* FROM `sub_categories` WHERE `sub_categories`.`sub_category_id` = 1 LIMIT 1[0m
  [1m[36mCACHE (0.0ms)[0m  [1m[34mSELECT  `categories`.* FROM `categories` WHERE `categories`.`category_id` = 1 LIMIT 1[0m  [["category_id", 1], ["LIMIT", 1]]
  [1m[36mCACHE (0.0ms)[0m  [1m[34mSELECT  `sub_categories`.* FROM `sub_categories` WHERE `sub_categories`.`sub_category_id` = 1 LIMIT 1[0m  [["sub_category_id", 1], ["LIMIT", 1]]
  [1m[36mCategory Load (0.5ms)[0m  [1m[34mSELECT  `categories`.* FROM `categories` WHERE `categories`.`category_id` = 3 LIMIT 1[0m
  [1m[36mSubCategory Load (0.4ms)[0m  [1m[34mSELECT  `sub_categories`.* FROM `sub_categories` WHERE `sub_categories`.`sub_category_id` = 9 LIMIT 1[0m
  [1m[36mCACHE (0.0ms)[0m  [1m[34mSELECT  `categories`.* FROM `categories` WHERE `categories`.`category_id` = 3 LIMIT 1[0m  [["category_id", 3], ["LIMIT", 1]]
  [1m[36mCACHE (0.0ms)[0m  [1m[34mSELECT  `sub_categories`.* FROM `sub_categories` WHERE `sub_categories`.`sub_category_id` = 9 LIMIT 1[0m  [["sub_category_id", 9], ["LIMIT", 1]]
  [1m[36mCACHE (0.0ms)[0m  [1m[34mSELECT  `categories`.* FROM `categories` WHERE `categories`.`category_id` = 3 LIMIT 1[0m  [["category_id", 3], ["LIMIT", 1]]
  [1m[36mSubCategory Load (0.5ms)[0m  [1m[34mSELECT  `sub_categories`.* FROM `sub_categories` WHERE `sub_categories`.`sub_category_id` = 3 LIMIT 1[0m
  [1m[36mCACHE (0.0ms)[0m  [1m[34mSELECT  `categories`.* FROM `categories` WHERE `categories`.`category_id` = 3 LIMIT 1[0m  [["category_id", 3], ["LIMIT", 1]]
  [1m[36mSubCategory Load (0.5ms)[0m  [1m[34mSELECT  `sub_categories`.* FROM `sub_categories` WHERE `sub_categories`.`sub_category_id` = 2 LIMIT 1[0m
  Rendered items/index.html.erb within layouts/application (76.4ms)
Completed 200 OK in 236ms (Views: 122.1ms | ActiveRecord: 8.7ms)


Started GET "/items" for 127.0.0.1 at 2017-05-19 21:10:44 +0530
Processing by ItemsController#index as HTML
  Rendering items/index.html.erb within layouts/standard
  [1m[36mItem Load (0.7ms)[0m  [1m[34mSELECT `items`.* FROM `items`[0m
  [1m[36mCategory Load (0.4ms)[0m  [1m[34mSELECT  `categories`.* FROM `categories` WHERE `categories`.`category_id` = 1 LIMIT 1[0m
  [1m[36mSubCategory Load (0.5ms)[0m  [1m[34mSELECT  `sub_categories`.* FROM `sub_categories` WHERE `sub_categories`.`sub_category_id` = 1 LIMIT 1[0m
  [1m[36mCACHE (0.0ms)[0m  [1m[34mSELECT  `categories`.* FROM `categories` WHERE `categories`.`category_id` = 1 LIMIT 1[0m  [["category_id", 1], ["LIMIT", 1]]
  [1m[36mCACHE (0.0ms)[0m  [1m[34mSELECT  `sub_categories`.* FROM `sub_categories` WHERE `sub_categories`.`sub_category_id` = 1 LIMIT 1[0m  [["sub_category_id", 1], ["LIMIT", 1]]
  [1m[36mCategory Load (0.5ms)[0m  [1m[34mSELECT  `categories`.* FROM `categories` WHERE `categories`.`category_id` = 3 LIMIT 1[0m
  [1m[36mSubCategory Load (0.5ms)[0m  [1m[34mSELECT  `sub_categories`.* FROM `sub_categories` WHERE `sub_categories`.`sub_category_id` = 9 LIMIT 1[0m
  [1m[36mCACHE (0.0ms)[0m  [1m[34mSELECT  `categories`.* FROM `categories` WHERE `categories`.`category_id` = 3 LIMIT 1[0m  [["category_id", 3], ["LIMIT", 1]]
  [1m[36mCACHE (0.0ms)[0m  [1m[34mSELECT  `sub_categories`.* FROM `sub_categories` WHERE `sub_categories`.`sub_category_id` = 9 LIMIT 1[0m  [["sub_category_id", 9], ["LIMIT", 1]]
  [1m[36mCACHE (0.0ms)[0m  [1m[34mSELECT  `categories`.* FROM `categories` WHERE `categories`.`category_id` = 3 LIMIT 1[0m  [["category_id", 3], ["LIMIT", 1]]
  [1m[36mSubCategory Load (0.5ms)[0m  [1m[34mSELECT  `sub_categories`.* FROM `sub_categories` WHERE `sub_categories`.`sub_category_id` = 3 LIMIT 1[0m
  [1m[36mCACHE (0.0ms)[0m  [1m[34mSELECT  `categories`.* FROM `categories` WHERE `categories`.`category_id` = 3 LIMIT 1[0m  [["category_id", 3], ["LIMIT", 1]]
  [1m[36mSubCategory Load (0.6ms)[0m  [1m[34mSELECT  `sub_categories`.* FROM `sub_categories` WHERE `sub_categories`.`sub_category_id` = 2 LIMIT 1[0m
  Rendered items/index.html.erb within layouts/standard (62.9ms)
  [1m[36mSeller Load (0.5ms)[0m  [1m[34mSELECT  `sellers`.* FROM `sellers` WHERE `sellers`.`seller_id` = 'someone' LIMIT 1[0m
Completed 500 Internal Server Error in 119ms (ActiveRecord: 9.9ms)


  
ActionView::Template::Error (No route matches {:action=>"login", :controller=>"items"}):
    13:         <% if current_account_seller.blank? %>
    14:             <p><%= @current_account.seller_id %></p>
    15:         <% else %>
    16:             <li><%= link_to 'log in', { :action => 'login' } %></li>
    17:         <% end %>
    18:     </nav>
    19:     <%= yield %>
  
app/views/layouts/standard.html.erb:16:in `_app_views_layouts_standard_html_erb___1188503284051678673_69944753780160'
  Rendering /home/usman/.rbenv/versions/2.4.0/lib/ruby/gems/2.4.0/gems/actionpack-5.0.3/lib/action_dispatch/middleware/templates/rescues/template_error.html.erb within rescues/layout
  Rendering /home/usman/.rbenv/versions/2.4.0/lib/ruby/gems/2.4.0/gems/actionpack-5.0.3/lib/action_dispatch/middleware/templates/rescues/_source.html.erb
  Rendered /home/usman/.rbenv/versions/2.4.0/lib/ruby/gems/2.4.0/gems/actionpack-5.0.3/lib/action_dispatch/middleware/templates/rescues/_source.html.erb (7.4ms)
  Rendering /home/usman/.rbenv/versions/2.4.0/lib/ruby/gems/2.4.0/gems/actionpack-5.0.3/lib/action_dispatch/middleware/templates/rescues/_trace.html.erb
  Rendered /home/usman/.rbenv/versions/2.4.0/lib/ruby/gems/2.4.0/gems/actionpack-5.0.3/lib/action_dispatch/middleware/templates/rescues/_trace.html.erb (3.1ms)
  Rendering /home/usman/.rbenv/versions/2.4.0/lib/ruby/gems/2.4.0/gems/actionpack-5.0.3/lib/action_dispatch/middleware/templates/rescues/_request_and_response.html.erb
  Rendered /home/usman/.rbenv/versions/2.4.0/lib/ruby/gems/2.4.0/gems/actionpack-5.0.3/lib/action_dispatch/middleware/templates/rescues/_request_and_response.html.erb (1.2ms)
  Rendered /home/usman/.rbenv/versions/2.4.0/lib/ruby/gems/2.4.0/gems/actionpack-5.0.3/lib/action_dispatch/middleware/templates/rescues/template_error.html.erb within rescues/layout (36.0ms)
Started GET "/items" for 127.0.0.1 at 2017-05-19 21:11:46 +0530
Processing by ItemsController#index as HTML
  Rendering items/index.html.erb within layouts/standard
  [1m[36mItem Load (0.5ms)[0m  [1m[34mSELECT `items`.* FROM `items`[0m
  [1m[36mCategory Load (0.5ms)[0m  [1m[34mSELECT  `categories`.* FROM `categories` WHERE `categories`.`category_id` = 1 LIMIT 1[0m
  [1m[36mSubCategory Load (0.4ms)[0m  [1m[34mSELECT  `sub_categories`.* FROM `sub_categories` WHERE `sub_categories`.`sub_category_id` = 1 LIMIT 1[0m
  [1m[36mCACHE (0.1ms)[0m  [1m[34mSELECT  `categories`.* FROM `categories` WHERE `categories`.`category_id` = 1 LIMIT 1[0m  [["category_id", 1], ["LIMIT", 1]]
  [1m[36mCACHE (0.0ms)[0m  [1m[34mSELECT  `sub_categories`.* FROM `sub_categories` WHERE `sub_categories`.`sub_category_id` = 1 LIMIT 1[0m  [["sub_category_id", 1], ["LIMIT", 1]]
  [1m[36mCategory Load (0.5ms)[0m  [1m[34mSELECT  `categories`.* FROM `categories` WHERE `categories`.`category_id` = 3 LIMIT 1[0m
  [1m[36mSubCategory Load (0.5ms)[0m  [1m[34mSELECT  `sub_categories`.* FROM `sub_categories` WHERE `sub_categories`.`sub_category_id` = 9 LIMIT 1[0m
  [1m[36mCACHE (0.0ms)[0m  [1m[34mSELECT  `categories`.* FROM `categories` WHERE `categories`.`category_id` = 3 LIMIT 1[0m  [["category_id", 3], ["LIMIT", 1]]
  [1m[36mCACHE (0.0ms)[0m  [1m[34mSELECT  `sub_categories`.* FROM `sub_categories` WHERE `sub_categories`.`sub_category_id` = 9 LIMIT 1[0m  [["sub_category_id", 9], ["LIMIT", 1]]
  [1m[36mCACHE (0.0ms)[0m  [1m[34mSELECT  `categories`.* FROM `categories` WHERE `categories`.`category_id` = 3 LIMIT 1[0m  [["category_id", 3], ["LIMIT", 1]]
  [1m[36mSubCategory Load (0.4ms)[0m  [1m[34mSELECT  `sub_categories`.* FROM `sub_categories` WHERE `sub_categories`.`sub_category_id` = 3 LIMIT 1[0m
  [1m[36mCACHE (0.0ms)[0m  [1m[34mSELECT  `categories`.* FROM `categories` WHERE `categories`.`category_id` = 3 LIMIT 1[0m  [["category_id", 3], ["LIMIT", 1]]
  [1m[36mSubCategory Load (0.5ms)[0m  [1m[34mSELECT  `sub_categories`.* FROM `sub_categories` WHERE `sub_categories`.`sub_category_id` = 2 LIMIT 1[0m
  Rendered items/index.html.erb within layouts/standard (18.6ms)
Completed 500 Internal Server Error in 23ms (ActiveRecord: 3.5ms)


  
SyntaxError (/home/usman/Projects/rails-project/flickon/app/views/layouts/standard.html.erb:16: syntax error, unexpected '}', expecting =>
 link_to 'log in', { 'login' } );@output_buffer.safe_append=
                              ^
/home/usman/Projects/rails-project/flickon/app/views/layouts/standard.html.erb:17: syntax error, unexpected keyword_end, expecting ')'
'.freeze;         end 
                     ^
/home/usman/Projects/rails-project/flickon/app/views/layouts/standard.html.erb:22: syntax error, unexpected keyword_ensure, expecting ')'
          ensure
                ^
/home/usman/Projects/rails-project/flickon/app/views/layouts/standard.html.erb:24: syntax error, unexpected keyword_end, expecting ')'
          end
             ^):
  
app/views/layouts/standard.html.erb:16: syntax error, unexpected '}', expecting =>
app/views/layouts/standard.html.erb:17: syntax error, unexpected keyword_end, expecting ')'
app/views/layouts/standard.html.erb:22: syntax error, unexpected keyword_ensure, expecting ')'
app/views/layouts/standard.html.erb:24: syntax error, unexpected keyword_end, expecting ')'
  Rendering /home/usman/.rbenv/versions/2.4.0/lib/ruby/gems/2.4.0/gems/actionpack-5.0.3/lib/action_dispatch/middleware/templates/rescues/diagnostics.html.erb within rescues/layout
  Rendering /home/usman/.rbenv/versions/2.4.0/lib/ruby/gems/2.4.0/gems/actionpack-5.0.3/lib/action_dispatch/middleware/templates/rescues/_source.html.erb
  Rendered /home/usman/.rbenv/versions/2.4.0/lib/ruby/gems/2.4.0/gems/actionpack-5.0.3/lib/action_dispatch/middleware/templates/rescues/_source.html.erb (10.8ms)
  Rendering /home/usman/.rbenv/versions/2.4.0/lib/ruby/gems/2.4.0/gems/actionpack-5.0.3/lib/action_dispatch/middleware/templates/rescues/_trace.html.erb
  Rendered /home/usman/.rbenv/versions/2.4.0/lib/ruby/gems/2.4.0/gems/actionpack-5.0.3/lib/action_dispatch/middleware/templates/rescues/_trace.html.erb (3.4ms)
  Rendering /home/usman/.rbenv/versions/2.4.0/lib/ruby/gems/2.4.0/gems/actionpack-5.0.3/lib/action_dispatch/middleware/templates/rescues/_request_and_response.html.erb
  Rendered /home/usman/.rbenv/versions/2.4.0/lib/ruby/gems/2.4.0/gems/actionpack-5.0.3/lib/action_dispatch/middleware/templates/rescues/_request_and_response.html.erb (1.3ms)
  Rendered /home/usman/.rbenv/versions/2.4.0/lib/ruby/gems/2.4.0/gems/actionpack-5.0.3/lib/action_dispatch/middleware/templates/rescues/diagnostics.html.erb within rescues/layout (35.7ms)
Started GET "/items" for 127.0.0.1 at 2017-05-19 21:12:02 +0530
Processing by ItemsController#index as HTML
  Rendering items/index.html.erb within layouts/standard
  [1m[36mItem Load (0.5ms)[0m  [1m[34mSELECT `items`.* FROM `items`[0m
  [1m[36mCategory Load (0.5ms)[0m  [1m[34mSELECT  `categories`.* FROM `categories` WHERE `categories`.`category_id` = 1 LIMIT 1[0m
  [1m[36mSubCategory Load (0.4ms)[0m  [1m[34mSELECT  `sub_categories`.* FROM `sub_categories` WHERE `sub_categories`.`sub_category_id` = 1 LIMIT 1[0m
  [1m[36mCACHE (0.0ms)[0m  [1m[34mSELECT  `categories`.* FROM `categories` WHERE `categories`.`category_id` = 1 LIMIT 1[0m  [["category_id", 1], ["LIMIT", 1]]
  [1m[36mCACHE (0.0ms)[0m  [1m[34mSELECT  `sub_categories`.* FROM `sub_categories` WHERE `sub_categories`.`sub_category_id` = 1 LIMIT 1[0m  [["sub_category_id", 1], ["LIMIT", 1]]
  [1m[36mCategory Load (0.4ms)[0m  [1m[34mSELECT  `categories`.* FROM `categories` WHERE `categories`.`category_id` = 3 LIMIT 1[0m
  [1m[36mSubCategory Load (0.4ms)[0m  [1m[34mSELECT  `sub_categories`.* FROM `sub_categories` WHERE `sub_categories`.`sub_category_id` = 9 LIMIT 1[0m
  [1m[36mCACHE (0.0ms)[0m  [1m[34mSELECT  `categories`.* FROM `categories` WHERE `categories`.`category_id` = 3 LIMIT 1[0m  [["category_id", 3], ["LIMIT", 1]]
  [1m[36mCACHE (0.0ms)[0m  [1m[34mSELECT  `sub_categories`.* FROM `sub_categories` WHERE `sub_categories`.`sub_category_id` = 9 LIMIT 1[0m  [["sub_category_id", 9], ["LIMIT", 1]]
  [1m[36mCACHE (0.0ms)[0m  [1m[34mSELECT  `categories`.* FROM `categories` WHERE `categories`.`category_id` = 3 LIMIT 1[0m  [["category_id", 3], ["LIMIT", 1]]
  [1m[36mSubCategory Load (0.4ms)[0m  [1m[34mSELECT  `sub_categories`.* FROM `sub_categories` WHERE `sub_categories`.`sub_category_id` = 3 LIMIT 1[0m
  [1m[36mCACHE (0.0ms)[0m  [1m[34mSELECT  `categories`.* FROM `categories` WHERE `categories`.`category_id` = 3 LIMIT 1[0m  [["category_id", 3], ["LIMIT", 1]]
  [1m[36mSubCategory Load (0.4ms)[0m  [1m[34mSELECT  `sub_categories`.* FROM `sub_categories` WHERE `sub_categories`.`sub_category_id` = 2 LIMIT 1[0m
  Rendered items/index.html.erb within layouts/standard (18.5ms)
Completed 500 Internal Server Error in 23ms (ActiveRecord: 3.1ms)


  
SyntaxError (/home/usman/Projects/rails-project/flickon/app/views/layouts/standard.html.erb:16: syntax error, unexpected '}', expecting =>
=( link_to 'log in', { login } );@output_buffer.safe_append=
                              ^
/home/usman/Projects/rails-project/flickon/app/views/layouts/standard.html.erb:17: syntax error, unexpected keyword_end, expecting ')'
'.freeze;         end 
                     ^
/home/usman/Projects/rails-project/flickon/app/views/layouts/standard.html.erb:22: syntax error, unexpected keyword_ensure, expecting ')'
          ensure
                ^
/home/usman/Projects/rails-project/flickon/app/views/layouts/standard.html.erb:24: syntax error, unexpected keyword_end, expecting ')'
          end
             ^):
  
app/views/layouts/standard.html.erb:16: syntax error, unexpected '}', expecting =>
app/views/layouts/standard.html.erb:17: syntax error, unexpected keyword_end, expecting ')'
app/views/layouts/standard.html.erb:22: syntax error, unexpected keyword_ensure, expecting ')'
app/views/layouts/standard.html.erb:24: syntax error, unexpected keyword_end, expecting ')'
  Rendering /home/usman/.rbenv/versions/2.4.0/lib/ruby/gems/2.4.0/gems/actionpack-5.0.3/lib/action_dispatch/middleware/templates/rescues/diagnostics.html.erb within rescues/layout
  Rendering /home/usman/.rbenv/versions/2.4.0/lib/ruby/gems/2.4.0/gems/actionpack-5.0.3/lib/action_dispatch/middleware/templates/rescues/_source.html.erb
  Rendered /home/usman/.rbenv/versions/2.4.0/lib/ruby/gems/2.4.0/gems/actionpack-5.0.3/lib/action_dispatch/middleware/templates/rescues/_source.html.erb (8.7ms)
  Rendering /home/usman/.rbenv/versions/2.4.0/lib/ruby/gems/2.4.0/gems/actionpack-5.0.3/lib/action_dispatch/middleware/templates/rescues/_trace.html.erb
  Rendered /home/usman/.rbenv/versions/2.4.0/lib/ruby/gems/2.4.0/gems/actionpack-5.0.3/lib/action_dispatch/middleware/templates/rescues/_trace.html.erb (3.5ms)
  Rendering /home/usman/.rbenv/versions/2.4.0/lib/ruby/gems/2.4.0/gems/actionpack-5.0.3/lib/action_dispatch/middleware/templates/rescues/_request_and_response.html.erb
  Rendered /home/usman/.rbenv/versions/2.4.0/lib/ruby/gems/2.4.0/gems/actionpack-5.0.3/lib/action_dispatch/middleware/templates/rescues/_request_and_response.html.erb (1.6ms)
  Rendered /home/usman/.rbenv/versions/2.4.0/lib/ruby/gems/2.4.0/gems/actionpack-5.0.3/lib/action_dispatch/middleware/templates/rescues/diagnostics.html.erb within rescues/layout (34.9ms)
Started GET "/" for 127.0.0.1 at 2017-05-19 23:38:54 +0530
  [1m[36mActiveRecord::SchemaMigration Load (4.1ms)[0m  [1m[34mSELECT `schema_migrations`.* FROM `schema_migrations`[0m
Processing by Rails::WelcomeController#index as HTML
  Parameters: {"internal"=>true}
  Rendering /home/usman/.rbenv/versions/2.4.0/lib/ruby/gems/2.4.0/gems/railties-5.0.3/lib/rails/templates/rails/welcome/index.html.erb
  Rendered /home/usman/.rbenv/versions/2.4.0/lib/ruby/gems/2.4.0/gems/railties-5.0.3/lib/rails/templates/rails/welcome/index.html.erb (4.7ms)
Completed 200 OK in 60ms (Views: 32.8ms | ActiveRecord: 0.0ms)


Started GET "/login" for 127.0.0.1 at 2017-05-19 23:39:05 +0530
  
ActionController::RoutingError (No route matches [GET] "/login"):
  
actionpack (5.0.3) lib/action_dispatch/middleware/debug_exceptions.rb:53:in `call'
web-console (3.5.1) lib/web_console/middleware.rb:135:in `call_app'
web-console (3.5.1) lib/web_console/middleware.rb:28:in `block in call'
web-console (3.5.1) lib/web_console/middleware.rb:18:in `catch'
web-console (3.5.1) lib/web_console/middleware.rb:18:in `call'
actionpack (5.0.3) lib/action_dispatch/middleware/show_exceptions.rb:31:in `call'
railties (5.0.3) lib/rails/rack/logger.rb:36:in `call_app'
railties (5.0.3) lib/rails/rack/logger.rb:24:in `block in call'
activesupport (5.0.3) lib/active_support/tagged_logging.rb:69:in `block in tagged'
activesupport (5.0.3) lib/active_support/tagged_logging.rb:26:in `tagged'
activesupport (5.0.3) lib/active_support/tagged_logging.rb:69:in `tagged'
railties (5.0.3) lib/rails/rack/logger.rb:24:in `call'
sprockets-rails (3.2.0) lib/sprockets/rails/quiet_assets.rb:13:in `call'
actionpack (5.0.3) lib/action_dispatch/middleware/request_id.rb:24:in `call'
rack (2.0.3) lib/rack/method_override.rb:22:in `call'
rack (2.0.3) lib/rack/runtime.rb:22:in `call'
activesupport (5.0.3) lib/active_support/cache/strategy/local_cache_middleware.rb:28:in `call'
actionpack (5.0.3) lib/action_dispatch/middleware/executor.rb:12:in `call'
actionpack (5.0.3) lib/action_dispatch/middleware/static.rb:136:in `call'
rack (2.0.3) lib/rack/sendfile.rb:111:in `call'
railties (5.0.3) lib/rails/engine.rb:522:in `call'
puma (3.8.2) lib/puma/configuration.rb:224:in `call'
puma (3.8.2) lib/puma/server.rb:600:in `handle_request'
puma (3.8.2) lib/puma/server.rb:435:in `process_client'
puma (3.8.2) lib/puma/server.rb:299:in `block in run'
puma (3.8.2) lib/puma/thread_pool.rb:120:in `block in spawn_thread'
  Rendering /home/usman/.rbenv/versions/2.4.0/lib/ruby/gems/2.4.0/gems/actionpack-5.0.3/lib/action_dispatch/middleware/templates/rescues/routing_error.html.erb within rescues/layout
  Rendering /home/usman/.rbenv/versions/2.4.0/lib/ruby/gems/2.4.0/gems/actionpack-5.0.3/lib/action_dispatch/middleware/templates/rescues/_trace.html.erb
  Rendered /home/usman/.rbenv/versions/2.4.0/lib/ruby/gems/2.4.0/gems/actionpack-5.0.3/lib/action_dispatch/middleware/templates/rescues/_trace.html.erb (2.4ms)
  Rendered collection of /home/usman/.rbenv/versions/2.4.0/lib/ruby/gems/2.4.0/gems/actionpack-5.0.3/lib/action_dispatch/middleware/templates/routes/_route.html.erb [26 times] (35.4ms)
  Rendered /home/usman/.rbenv/versions/2.4.0/lib/ruby/gems/2.4.0/gems/actionpack-5.0.3/lib/action_dispatch/middleware/templates/routes/_table.html.erb (30.5ms)
  Rendering /home/usman/.rbenv/versions/2.4.0/lib/ruby/gems/2.4.0/gems/actionpack-5.0.3/lib/action_dispatch/middleware/templates/rescues/_request_and_response.html.erb
  Rendered /home/usman/.rbenv/versions/2.4.0/lib/ruby/gems/2.4.0/gems/actionpack-5.0.3/lib/action_dispatch/middleware/templates/rescues/_request_and_response.html.erb (2.0ms)
  Rendered /home/usman/.rbenv/versions/2.4.0/lib/ruby/gems/2.4.0/gems/actionpack-5.0.3/lib/action_dispatch/middleware/templates/rescues/routing_error.html.erb within rescues/layout (113.4ms)
Started GET "/sellers/login" for 127.0.0.1 at 2017-05-19 23:39:22 +0530
Processing by SellersController#login as HTML
  Rendering sellers/login.html.erb within layouts/standard
  Rendered sellers/login.html.erb within layouts/standard (17.2ms)
Completed 500 Internal Server Error in 88ms (ActiveRecord: 2.7ms)


  
SyntaxError (/home/usman/Projects/rails-project/flickon/app/views/layouts/standard.html.erb:16: syntax error, unexpected '}', expecting =>
=( link_to 'log in', { login } );@output_buffer.safe_append=
                              ^
/home/usman/Projects/rails-project/flickon/app/views/layouts/standard.html.erb:17: syntax error, unexpected keyword_end, expecting ')'
'.freeze;         end 
                     ^
/home/usman/Projects/rails-project/flickon/app/views/layouts/standard.html.erb:22: syntax error, unexpected keyword_ensure, expecting ')'
          ensure
                ^
/home/usman/Projects/rails-project/flickon/app/views/layouts/standard.html.erb:24: syntax error, unexpected keyword_end, expecting ')'
          end
             ^):
  
app/views/layouts/standard.html.erb:16: syntax error, unexpected '}', expecting =>
app/views/layouts/standard.html.erb:17: syntax error, unexpected keyword_end, expecting ')'
app/views/layouts/standard.html.erb:22: syntax error, unexpected keyword_ensure, expecting ')'
app/views/layouts/standard.html.erb:24: syntax error, unexpected keyword_end, expecting ')'
  Rendering /home/usman/.rbenv/versions/2.4.0/lib/ruby/gems/2.4.0/gems/actionpack-5.0.3/lib/action_dispatch/middleware/templates/rescues/diagnostics.html.erb within rescues/layout
  Rendering /home/usman/.rbenv/versions/2.4.0/lib/ruby/gems/2.4.0/gems/actionpack-5.0.3/lib/action_dispatch/middleware/templates/rescues/_source.html.erb
  Rendered /home/usman/.rbenv/versions/2.4.0/lib/ruby/gems/2.4.0/gems/actionpack-5.0.3/lib/action_dispatch/middleware/templates/rescues/_source.html.erb (7.4ms)
  Rendering /home/usman/.rbenv/versions/2.4.0/lib/ruby/gems/2.4.0/gems/actionpack-5.0.3/lib/action_dispatch/middleware/templates/rescues/_trace.html.erb
  Rendered /home/usman/.rbenv/versions/2.4.0/lib/ruby/gems/2.4.0/gems/actionpack-5.0.3/lib/action_dispatch/middleware/templates/rescues/_trace.html.erb (3.7ms)
  Rendering /home/usman/.rbenv/versions/2.4.0/lib/ruby/gems/2.4.0/gems/actionpack-5.0.3/lib/action_dispatch/middleware/templates/rescues/_request_and_response.html.erb
  Rendered /home/usman/.rbenv/versions/2.4.0/lib/ruby/gems/2.4.0/gems/actionpack-5.0.3/lib/action_dispatch/middleware/templates/rescues/_request_and_response.html.erb (1.4ms)
  Rendered /home/usman/.rbenv/versions/2.4.0/lib/ruby/gems/2.4.0/gems/actionpack-5.0.3/lib/action_dispatch/middleware/templates/rescues/diagnostics.html.erb within rescues/layout (36.7ms)
Started GET "/sellers/login" for 127.0.0.1 at 2017-05-19 23:39:36 +0530
Processing by SellersController#login as HTML
  Rendering sellers/login.html.erb within layouts/standard
  Rendered sellers/login.html.erb within layouts/standard (3.5ms)
Completed 500 Internal Server Error in 10ms (ActiveRecord: 0.0ms)


  
SyntaxError (/home/usman/Projects/rails-project/flickon/app/views/layouts/standard.html.erb:16: syntax error, unexpected '}', expecting =>
to 'log in', { session_login } );@output_buffer.safe_append=
                              ^
/home/usman/Projects/rails-project/flickon/app/views/layouts/standard.html.erb:17: syntax error, unexpected keyword_end, expecting ')'
'.freeze;         end 
                     ^
/home/usman/Projects/rails-project/flickon/app/views/layouts/standard.html.erb:22: syntax error, unexpected keyword_ensure, expecting ')'
          ensure
                ^
/home/usman/Projects/rails-project/flickon/app/views/layouts/standard.html.erb:24: syntax error, unexpected keyword_end, expecting ')'
          end
             ^):
  
app/views/layouts/standard.html.erb:16: syntax error, unexpected '}', expecting =>
app/views/layouts/standard.html.erb:17: syntax error, unexpected keyword_end, expecting ')'
app/views/layouts/standard.html.erb:22: syntax error, unexpected keyword_ensure, expecting ')'
app/views/layouts/standard.html.erb:24: syntax error, unexpected keyword_end, expecting ')'
  Rendering /home/usman/.rbenv/versions/2.4.0/lib/ruby/gems/2.4.0/gems/actionpack-5.0.3/lib/action_dispatch/middleware/templates/rescues/diagnostics.html.erb within rescues/layout
  Rendering /home/usman/.rbenv/versions/2.4.0/lib/ruby/gems/2.4.0/gems/actionpack-5.0.3/lib/action_dispatch/middleware/templates/rescues/_source.html.erb
  Rendered /home/usman/.rbenv/versions/2.4.0/lib/ruby/gems/2.4.0/gems/actionpack-5.0.3/lib/action_dispatch/middleware/templates/rescues/_source.html.erb (9.0ms)
  Rendering /home/usman/.rbenv/versions/2.4.0/lib/ruby/gems/2.4.0/gems/actionpack-5.0.3/lib/action_dispatch/middleware/templates/rescues/_trace.html.erb
  Rendered /home/usman/.rbenv/versions/2.4.0/lib/ruby/gems/2.4.0/gems/actionpack-5.0.3/lib/action_dispatch/middleware/templates/rescues/_trace.html.erb (2.8ms)
  Rendering /home/usman/.rbenv/versions/2.4.0/lib/ruby/gems/2.4.0/gems/actionpack-5.0.3/lib/action_dispatch/middleware/templates/rescues/_request_and_response.html.erb
  Rendered /home/usman/.rbenv/versions/2.4.0/lib/ruby/gems/2.4.0/gems/actionpack-5.0.3/lib/action_dispatch/middleware/templates/rescues/_request_and_response.html.erb (1.4ms)
  Rendered /home/usman/.rbenv/versions/2.4.0/lib/ruby/gems/2.4.0/gems/actionpack-5.0.3/lib/action_dispatch/middleware/templates/rescues/diagnostics.html.erb within rescues/layout (34.5ms)
Started GET "/sellers/login" for 127.0.0.1 at 2017-05-19 23:39:46 +0530
Processing by SellersController#login as HTML
  Rendering sellers/login.html.erb within layouts/standard
  Rendered sellers/login.html.erb within layouts/standard (2.2ms)
Completed 500 Internal Server Error in 9ms (ActiveRecord: 0.0ms)


  
SyntaxError (/home/usman/Projects/rails-project/flickon/app/views/layouts/standard.html.erb:16: syntax error, unexpected '}', expecting =>
og in', { session_login_path } );@output_buffer.safe_append=
                              ^
/home/usman/Projects/rails-project/flickon/app/views/layouts/standard.html.erb:17: syntax error, unexpected keyword_end, expecting ')'
'.freeze;         end 
                     ^
/home/usman/Projects/rails-project/flickon/app/views/layouts/standard.html.erb:22: syntax error, unexpected keyword_ensure, expecting ')'
          ensure
                ^
/home/usman/Projects/rails-project/flickon/app/views/layouts/standard.html.erb:24: syntax error, unexpected keyword_end, expecting ')'
          end
             ^):
  
app/views/layouts/standard.html.erb:16: syntax error, unexpected '}', expecting =>
app/views/layouts/standard.html.erb:17: syntax error, unexpected keyword_end, expecting ')'
app/views/layouts/standard.html.erb:22: syntax error, unexpected keyword_ensure, expecting ')'
app/views/layouts/standard.html.erb:24: syntax error, unexpected keyword_end, expecting ')'
  Rendering /home/usman/.rbenv/versions/2.4.0/lib/ruby/gems/2.4.0/gems/actionpack-5.0.3/lib/action_dispatch/middleware/templates/rescues/diagnostics.html.erb within rescues/layout
  Rendering /home/usman/.rbenv/versions/2.4.0/lib/ruby/gems/2.4.0/gems/actionpack-5.0.3/lib/action_dispatch/middleware/templates/rescues/_source.html.erb
  Rendered /home/usman/.rbenv/versions/2.4.0/lib/ruby/gems/2.4.0/gems/actionpack-5.0.3/lib/action_dispatch/middleware/templates/rescues/_source.html.erb (7.5ms)
  Rendering /home/usman/.rbenv/versions/2.4.0/lib/ruby/gems/2.4.0/gems/actionpack-5.0.3/lib/action_dispatch/middleware/templates/rescues/_trace.html.erb
  Rendered /home/usman/.rbenv/versions/2.4.0/lib/ruby/gems/2.4.0/gems/actionpack-5.0.3/lib/action_dispatch/middleware/templates/rescues/_trace.html.erb (3.7ms)
  Rendering /home/usman/.rbenv/versions/2.4.0/lib/ruby/gems/2.4.0/gems/actionpack-5.0.3/lib/action_dispatch/middleware/templates/rescues/_request_and_response.html.erb
  Rendered /home/usman/.rbenv/versions/2.4.0/lib/ruby/gems/2.4.0/gems/actionpack-5.0.3/lib/action_dispatch/middleware/templates/rescues/_request_and_response.html.erb (1.3ms)
  Rendered /home/usman/.rbenv/versions/2.4.0/lib/ruby/gems/2.4.0/gems/actionpack-5.0.3/lib/action_dispatch/middleware/templates/rescues/diagnostics.html.erb within rescues/layout (36.3ms)
Started GET "/sellers/login" for 127.0.0.1 at 2017-05-19 23:40:43 +0530
Processing by SellersController#login as HTML
  Rendering sellers/login.html.erb within layouts/standard
  Rendered sellers/login.html.erb within layouts/standard (2.9ms)
Completed 500 Internal Server Error in 7ms (ActiveRecord: 0.0ms)


  
SyntaxError (/home/usman/Projects/rails-project/flickon/app/views/layouts/standard.html.erb:16: syntax error, unexpected '}', expecting =>
og in', { sellers_login_path } );@output_buffer.safe_append=
                              ^
/home/usman/Projects/rails-project/flickon/app/views/layouts/standard.html.erb:17: syntax error, unexpected keyword_end, expecting ')'
'.freeze;         end 
                     ^
/home/usman/Projects/rails-project/flickon/app/views/layouts/standard.html.erb:22: syntax error, unexpected keyword_ensure, expecting ')'
          ensure
                ^
/home/usman/Projects/rails-project/flickon/app/views/layouts/standard.html.erb:24: syntax error, unexpected keyword_end, expecting ')'
          end
             ^):
  
app/views/layouts/standard.html.erb:16: syntax error, unexpected '}', expecting =>
app/views/layouts/standard.html.erb:17: syntax error, unexpected keyword_end, expecting ')'
app/views/layouts/standard.html.erb:22: syntax error, unexpected keyword_ensure, expecting ')'
app/views/layouts/standard.html.erb:24: syntax error, unexpected keyword_end, expecting ')'
  Rendering /home/usman/.rbenv/versions/2.4.0/lib/ruby/gems/2.4.0/gems/actionpack-5.0.3/lib/action_dispatch/middleware/templates/rescues/diagnostics.html.erb within rescues/layout
  Rendering /home/usman/.rbenv/versions/2.4.0/lib/ruby/gems/2.4.0/gems/actionpack-5.0.3/lib/action_dispatch/middleware/templates/rescues/_source.html.erb
  Rendered /home/usman/.rbenv/versions/2.4.0/lib/ruby/gems/2.4.0/gems/actionpack-5.0.3/lib/action_dispatch/middleware/templates/rescues/_source.html.erb (7.4ms)
  Rendering /home/usman/.rbenv/versions/2.4.0/lib/ruby/gems/2.4.0/gems/actionpack-5.0.3/lib/action_dispatch/middleware/templates/rescues/_trace.html.erb
  Rendered /home/usman/.rbenv/versions/2.4.0/lib/ruby/gems/2.4.0/gems/actionpack-5.0.3/lib/action_dispatch/middleware/templates/rescues/_trace.html.erb (3.8ms)
  Rendering /home/usman/.rbenv/versions/2.4.0/lib/ruby/gems/2.4.0/gems/actionpack-5.0.3/lib/action_dispatch/middleware/templates/rescues/_request_and_response.html.erb
  Rendered /home/usman/.rbenv/versions/2.4.0/lib/ruby/gems/2.4.0/gems/actionpack-5.0.3/lib/action_dispatch/middleware/templates/rescues/_request_and_response.html.erb (1.5ms)
  Rendered /home/usman/.rbenv/versions/2.4.0/lib/ruby/gems/2.4.0/gems/actionpack-5.0.3/lib/action_dispatch/middleware/templates/rescues/diagnostics.html.erb within rescues/layout (35.2ms)
Started GET "/sellers/login" for 127.0.0.1 at 2017-05-19 23:40:45 +0530
Processing by SellersController#login as HTML
  Rendering sellers/login.html.erb within layouts/standard
  Rendered sellers/login.html.erb within layouts/standard (2.1ms)
Completed 500 Internal Server Error in 7ms (ActiveRecord: 0.0ms)


  
SyntaxError (/home/usman/Projects/rails-project/flickon/app/views/layouts/standard.html.erb:16: syntax error, unexpected '}', expecting =>
og in', { sellers_login_path } );@output_buffer.safe_append=
                              ^
/home/usman/Projects/rails-project/flickon/app/views/layouts/standard.html.erb:17: syntax error, unexpected keyword_end, expecting ')'
'.freeze;         end 
                     ^
/home/usman/Projects/rails-project/flickon/app/views/layouts/standard.html.erb:22: syntax error, unexpected keyword_ensure, expecting ')'
          ensure
                ^
/home/usman/Projects/rails-project/flickon/app/views/layouts/standard.html.erb:24: syntax error, unexpected keyword_end, expecting ')'
          end
             ^):
  
app/views/layouts/standard.html.erb:16: syntax error, unexpected '}', expecting =>
app/views/layouts/standard.html.erb:17: syntax error, unexpected keyword_end, expecting ')'
app/views/layouts/standard.html.erb:22: syntax error, unexpected keyword_ensure, expecting ')'
app/views/layouts/standard.html.erb:24: syntax error, unexpected keyword_end, expecting ')'
  Rendering /home/usman/.rbenv/versions/2.4.0/lib/ruby/gems/2.4.0/gems/actionpack-5.0.3/lib/action_dispatch/middleware/templates/rescues/diagnostics.html.erb within rescues/layout
  Rendering /home/usman/.rbenv/versions/2.4.0/lib/ruby/gems/2.4.0/gems/actionpack-5.0.3/lib/action_dispatch/middleware/templates/rescues/_source.html.erb
  Rendered /home/usman/.rbenv/versions/2.4.0/lib/ruby/gems/2.4.0/gems/actionpack-5.0.3/lib/action_dispatch/middleware/templates/rescues/_source.html.erb (7.6ms)
  Rendering /home/usman/.rbenv/versions/2.4.0/lib/ruby/gems/2.4.0/gems/actionpack-5.0.3/lib/action_dispatch/middleware/templates/rescues/_trace.html.erb
  Rendered /home/usman/.rbenv/versions/2.4.0/lib/ruby/gems/2.4.0/gems/actionpack-5.0.3/lib/action_dispatch/middleware/templates/rescues/_trace.html.erb (5.8ms)
  Rendering /home/usman/.rbenv/versions/2.4.0/lib/ruby/gems/2.4.0/gems/actionpack-5.0.3/lib/action_dispatch/middleware/templates/rescues/_request_and_response.html.erb
  Rendered /home/usman/.rbenv/versions/2.4.0/lib/ruby/gems/2.4.0/gems/actionpack-5.0.3/lib/action_dispatch/middleware/templates/rescues/_request_and_response.html.erb (1.0ms)
  Rendered /home/usman/.rbenv/versions/2.4.0/lib/ruby/gems/2.4.0/gems/actionpack-5.0.3/lib/action_dispatch/middleware/templates/rescues/diagnostics.html.erb within rescues/layout (34.9ms)
Started GET "/sellers/login" for 127.0.0.1 at 2017-05-19 23:40:46 +0530
Processing by SellersController#login as HTML
  Rendering sellers/login.html.erb within layouts/standard
  Rendered sellers/login.html.erb within layouts/standard (1.9ms)
Completed 500 Internal Server Error in 6ms (ActiveRecord: 0.0ms)


  
SyntaxError (/home/usman/Projects/rails-project/flickon/app/views/layouts/standard.html.erb:16: syntax error, unexpected '}', expecting =>
og in', { sellers_login_path } );@output_buffer.safe_append=
                              ^
/home/usman/Projects/rails-project/flickon/app/views/layouts/standard.html.erb:17: syntax error, unexpected keyword_end, expecting ')'
'.freeze;         end 
                     ^
/home/usman/Projects/rails-project/flickon/app/views/layouts/standard.html.erb:22: syntax error, unexpected keyword_ensure, expecting ')'
          ensure
                ^
/home/usman/Projects/rails-project/flickon/app/views/layouts/standard.html.erb:24: syntax error, unexpected keyword_end, expecting ')'
          end
             ^):
  
app/views/layouts/standard.html.erb:16: syntax error, unexpected '}', expecting =>
app/views/layouts/standard.html.erb:17: syntax error, unexpected keyword_end, expecting ')'
app/views/layouts/standard.html.erb:22: syntax error, unexpected keyword_ensure, expecting ')'
app/views/layouts/standard.html.erb:24: syntax error, unexpected keyword_end, expecting ')'
  Rendering /home/usman/.rbenv/versions/2.4.0/lib/ruby/gems/2.4.0/gems/actionpack-5.0.3/lib/action_dispatch/middleware/templates/rescues/diagnostics.html.erb within rescues/layout
  Rendering /home/usman/.rbenv/versions/2.4.0/lib/ruby/gems/2.4.0/gems/actionpack-5.0.3/lib/action_dispatch/middleware/templates/rescues/_source.html.erb
  Rendered /home/usman/.rbenv/versions/2.4.0/lib/ruby/gems/2.4.0/gems/actionpack-5.0.3/lib/action_dispatch/middleware/templates/rescues/_source.html.erb (6.3ms)
  Rendering /home/usman/.rbenv/versions/2.4.0/lib/ruby/gems/2.4.0/gems/actionpack-5.0.3/lib/action_dispatch/middleware/templates/rescues/_trace.html.erb
  Rendered /home/usman/.rbenv/versions/2.4.0/lib/ruby/gems/2.4.0/gems/actionpack-5.0.3/lib/action_dispatch/middleware/templates/rescues/_trace.html.erb (2.5ms)
  Rendering /home/usman/.rbenv/versions/2.4.0/lib/ruby/gems/2.4.0/gems/actionpack-5.0.3/lib/action_dispatch/middleware/templates/rescues/_request_and_response.html.erb
  Rendered /home/usman/.rbenv/versions/2.4.0/lib/ruby/gems/2.4.0/gems/actionpack-5.0.3/lib/action_dispatch/middleware/templates/rescues/_request_and_response.html.erb (0.9ms)
  Rendered /home/usman/.rbenv/versions/2.4.0/lib/ruby/gems/2.4.0/gems/actionpack-5.0.3/lib/action_dispatch/middleware/templates/rescues/diagnostics.html.erb within rescues/layout (29.0ms)
Started GET "/sellers/login" for 127.0.0.1 at 2017-05-19 23:41:33 +0530
Processing by SellersController#login as HTML
  Rendering sellers/login.html.erb within layouts/standard
  Rendered sellers/login.html.erb within layouts/standard (2.1ms)
  [1m[36mSeller Load (0.6ms)[0m  [1m[34mSELECT  `sellers`.* FROM `sellers` WHERE `sellers`.`seller_id` = 'someone' LIMIT 1[0m
Completed 500 Internal Server Error in 580ms (ActiveRecord: 0.6ms)


  
ActionView::Template::Error (undefined method `seller_id' for nil:NilClass):
    11:   <body>
    12:     <nav>
    13:         <% if current_account_seller.present? %>
    14:             <p><%= @current_account.seller_id %></p>
    15:         <% else %>
    16:             <li><%= link_to 'log in', sellers_login_path %></li>
    17:         <% end %>
  
app/views/layouts/standard.html.erb:14:in `_app_views_layouts_standard_html_erb___693497841549536243_70295801376340'
  Rendering /home/usman/.rbenv/versions/2.4.0/lib/ruby/gems/2.4.0/gems/actionpack-5.0.3/lib/action_dispatch/middleware/templates/rescues/template_error.html.erb within rescues/layout
  Rendering /home/usman/.rbenv/versions/2.4.0/lib/ruby/gems/2.4.0/gems/actionpack-5.0.3/lib/action_dispatch/middleware/templates/rescues/_source.html.erb
  Rendered /home/usman/.rbenv/versions/2.4.0/lib/ruby/gems/2.4.0/gems/actionpack-5.0.3/lib/action_dispatch/middleware/templates/rescues/_source.html.erb (24.2ms)
  Rendering /home/usman/.rbenv/versions/2.4.0/lib/ruby/gems/2.4.0/gems/actionpack-5.0.3/lib/action_dispatch/middleware/templates/rescues/_trace.html.erb
  Rendered /home/usman/.rbenv/versions/2.4.0/lib/ruby/gems/2.4.0/gems/actionpack-5.0.3/lib/action_dispatch/middleware/templates/rescues/_trace.html.erb (3.3ms)
  Rendering /home/usman/.rbenv/versions/2.4.0/lib/ruby/gems/2.4.0/gems/actionpack-5.0.3/lib/action_dispatch/middleware/templates/rescues/_request_and_response.html.erb
  Rendered /home/usman/.rbenv/versions/2.4.0/lib/ruby/gems/2.4.0/gems/actionpack-5.0.3/lib/action_dispatch/middleware/templates/rescues/_request_and_response.html.erb (1.0ms)
  Rendered /home/usman/.rbenv/versions/2.4.0/lib/ruby/gems/2.4.0/gems/actionpack-5.0.3/lib/action_dispatch/middleware/templates/rescues/template_error.html.erb within rescues/layout (50.8ms)
Started GET "/sellers/login" for 127.0.0.1 at 2017-05-19 23:41:51 +0530
Processing by SellersController#login as HTML
  Rendering sellers/login.html.erb within layouts/standard
  Rendered sellers/login.html.erb within layouts/standard (2.2ms)
  [1m[36mSeller Load (0.7ms)[0m  [1m[34mSELECT  `sellers`.* FROM `sellers` WHERE `sellers`.`seller_id` = 'someone' LIMIT 1[0m
Completed 200 OK in 29ms (Views: 26.4ms | ActiveRecord: 0.7ms)


Started POST "/sellers/loggedin" for 127.0.0.1 at 2017-05-19 23:41:58 +0530
Processing by SellersController#loggedin as HTML
  Parameters: {"utf8"=>"✓", "authenticity_token"=>"iRtkgKS1urtxFjM/vxqyAsB7E+AAb0yuCQyS4rtV9XDCjrs1kCiwZ1JAQE2d56wMWmniwVUV1OqZ4N5DNiz5SQ==", "sellers"=>{"seller_id"=>"someone", "password"=>"[FILTERED]"}, "commit"=>"Login"}
  [1m[36mSeller Load (0.6ms)[0m  [1m[34mSELECT  `sellers`.* FROM `sellers` WHERE (LOWER(seller_id) = 'someone') LIMIT 1[0m
Redirected to http://localhost:3000/items
Completed 302 Found in 92ms (ActiveRecord: 0.6ms)


Started GET "/items" for 127.0.0.1 at 2017-05-19 23:41:58 +0530
Processing by ItemsController#index as HTML
  Rendering items/index.html.erb within layouts/standard
  [1m[36mItem Load (0.7ms)[0m  [1m[34mSELECT `items`.* FROM `items`[0m
  [1m[36mCategory Load (0.4ms)[0m  [1m[34mSELECT  `categories`.* FROM `categories` WHERE `categories`.`category_id` = 1 LIMIT 1[0m
  [1m[36mSubCategory Load (0.4ms)[0m  [1m[34mSELECT  `sub_categories`.* FROM `sub_categories` WHERE `sub_categories`.`sub_category_id` = 1 LIMIT 1[0m
  [1m[36mCACHE (0.0ms)[0m  [1m[34mSELECT  `categories`.* FROM `categories` WHERE `categories`.`category_id` = 1 LIMIT 1[0m  [["category_id", 1], ["LIMIT", 1]]
  [1m[36mCACHE (0.0ms)[0m  [1m[34mSELECT  `sub_categories`.* FROM `sub_categories` WHERE `sub_categories`.`sub_category_id` = 1 LIMIT 1[0m  [["sub_category_id", 1], ["LIMIT", 1]]
  [1m[36mCategory Load (0.5ms)[0m  [1m[34mSELECT  `categories`.* FROM `categories` WHERE `categories`.`category_id` = 3 LIMIT 1[0m
  [1m[36mSubCategory Load (0.4ms)[0m  [1m[34mSELECT  `sub_categories`.* FROM `sub_categories` WHERE `sub_categories`.`sub_category_id` = 9 LIMIT 1[0m
  [1m[36mCACHE (0.0ms)[0m  [1m[34mSELECT  `categories`.* FROM `categories` WHERE `categories`.`category_id` = 3 LIMIT 1[0m  [["category_id", 3], ["LIMIT", 1]]
  [1m[36mCACHE (0.0ms)[0m  [1m[34mSELECT  `sub_categories`.* FROM `sub_categories` WHERE `sub_categories`.`sub_category_id` = 9 LIMIT 1[0m  [["sub_category_id", 9], ["LIMIT", 1]]
  [1m[36mCACHE (0.0ms)[0m  [1m[34mSELECT  `categories`.* FROM `categories` WHERE `categories`.`category_id` = 3 LIMIT 1[0m  [["category_id", 3], ["LIMIT", 1]]
  [1m[36mSubCategory Load (0.4ms)[0m  [1m[34mSELECT  `sub_categories`.* FROM `sub_categories` WHERE `sub_categories`.`sub_category_id` = 3 LIMIT 1[0m
  [1m[36mCACHE (0.0ms)[0m  [1m[34mSELECT  `categories`.* FROM `categories` WHERE `categories`.`category_id` = 3 LIMIT 1[0m  [["category_id", 3], ["LIMIT", 1]]
  [1m[36mSubCategory Load (0.4ms)[0m  [1m[34mSELECT  `sub_categories`.* FROM `sub_categories` WHERE `sub_categories`.`sub_category_id` = 2 LIMIT 1[0m
  Rendered items/index.html.erb within layouts/standard (59.1ms)
  [1m[36mSeller Load (0.5ms)[0m  [1m[34mSELECT  `sellers`.* FROM `sellers` WHERE `sellers`.`seller_id` = 'someone' LIMIT 1[0m
Completed 200 OK in 199ms (Views: 70.2ms | ActiveRecord: 8.1ms)


Started GET "/items" for 127.0.0.1 at 2017-05-19 23:42:35 +0530
Processing by ItemsController#index as HTML
  Rendering items/index.html.erb within layouts/standard
  [1m[36mItem Load (0.7ms)[0m  [1m[34mSELECT `items`.* FROM `items`[0m
  [1m[36mCategory Load (0.6ms)[0m  [1m[34mSELECT  `categories`.* FROM `categories` WHERE `categories`.`category_id` = 1 LIMIT 1[0m
  [1m[36mSubCategory Load (0.5ms)[0m  [1m[34mSELECT  `sub_categories`.* FROM `sub_categories` WHERE `sub_categories`.`sub_category_id` = 1 LIMIT 1[0m
  [1m[36mCACHE (0.0ms)[0m  [1m[34mSELECT  `categories`.* FROM `categories` WHERE `categories`.`category_id` = 1 LIMIT 1[0m  [["category_id", 1], ["LIMIT", 1]]
  [1m[36mCACHE (0.0ms)[0m  [1m[34mSELECT  `sub_categories`.* FROM `sub_categories` WHERE `sub_categories`.`sub_category_id` = 1 LIMIT 1[0m  [["sub_category_id", 1], ["LIMIT", 1]]
  [1m[36mCategory Load (0.4ms)[0m  [1m[34mSELECT  `categories`.* FROM `categories` WHERE `categories`.`category_id` = 3 LIMIT 1[0m
  [1m[36mSubCategory Load (0.4ms)[0m  [1m[34mSELECT  `sub_categories`.* FROM `sub_categories` WHERE `sub_categories`.`sub_category_id` = 9 LIMIT 1[0m
  [1m[36mCACHE (0.0ms)[0m  [1m[34mSELECT  `categories`.* FROM `categories` WHERE `categories`.`category_id` = 3 LIMIT 1[0m  [["category_id", 3], ["LIMIT", 1]]
  [1m[36mCACHE (0.0ms)[0m  [1m[34mSELECT  `sub_categories`.* FROM `sub_categories` WHERE `sub_categories`.`sub_category_id` = 9 LIMIT 1[0m  [["sub_category_id", 9], ["LIMIT", 1]]
  [1m[36mCACHE (0.0ms)[0m  [1m[34mSELECT  `categories`.* FROM `categories` WHERE `categories`.`category_id` = 3 LIMIT 1[0m  [["category_id", 3], ["LIMIT", 1]]
  [1m[36mSubCategory Load (0.4ms)[0m  [1m[34mSELECT  `sub_categories`.* FROM `sub_categories` WHERE `sub_categories`.`sub_category_id` = 3 LIMIT 1[0m
  [1m[36mCACHE (0.0ms)[0m  [1m[34mSELECT  `categories`.* FROM `categories` WHERE `categories`.`category_id` = 3 LIMIT 1[0m  [["category_id", 3], ["LIMIT", 1]]
  [1m[36mSubCategory Load (0.5ms)[0m  [1m[34mSELECT  `sub_categories`.* FROM `sub_categories` WHERE `sub_categories`.`sub_category_id` = 2 LIMIT 1[0m
  Rendered items/index.html.erb within layouts/standard (17.4ms)
Completed 500 Internal Server Error in 43ms (ActiveRecord: 3.6ms)


  
ActionView::Template::Error (undefined method `seller_id' for nil:NilClass):
    11:   <body>
    12:     <nav>
    13:         <% if @current_account.blank? %>
    14:             <p><%= @current_account.seller_id %></p>
    15:         <% else %>
    16:             <li><%= link_to 'log in', sellers_login_path %></li>
    17:         <% end %>
  
app/views/layouts/standard.html.erb:14:in `_app_views_layouts_standard_html_erb___693497841549536243_70295742229580'
  Rendering /home/usman/.rbenv/versions/2.4.0/lib/ruby/gems/2.4.0/gems/actionpack-5.0.3/lib/action_dispatch/middleware/templates/rescues/template_error.html.erb within rescues/layout
  Rendering /home/usman/.rbenv/versions/2.4.0/lib/ruby/gems/2.4.0/gems/actionpack-5.0.3/lib/action_dispatch/middleware/templates/rescues/_source.html.erb
  Rendered /home/usman/.rbenv/versions/2.4.0/lib/ruby/gems/2.4.0/gems/actionpack-5.0.3/lib/action_dispatch/middleware/templates/rescues/_source.html.erb (6.3ms)
  Rendering /home/usman/.rbenv/versions/2.4.0/lib/ruby/gems/2.4.0/gems/actionpack-5.0.3/lib/action_dispatch/middleware/templates/rescues/_trace.html.erb
  Rendered /home/usman/.rbenv/versions/2.4.0/lib/ruby/gems/2.4.0/gems/actionpack-5.0.3/lib/action_dispatch/middleware/templates/rescues/_trace.html.erb (2.6ms)
  Rendering /home/usman/.rbenv/versions/2.4.0/lib/ruby/gems/2.4.0/gems/actionpack-5.0.3/lib/action_dispatch/middleware/templates/rescues/_request_and_response.html.erb
  Rendered /home/usman/.rbenv/versions/2.4.0/lib/ruby/gems/2.4.0/gems/actionpack-5.0.3/lib/action_dispatch/middleware/templates/rescues/_request_and_response.html.erb (0.9ms)
  Rendered /home/usman/.rbenv/versions/2.4.0/lib/ruby/gems/2.4.0/gems/actionpack-5.0.3/lib/action_dispatch/middleware/templates/rescues/template_error.html.erb within rescues/layout (29.2ms)
Started GET "/items" for 127.0.0.1 at 2017-05-19 23:43:48 +0530
Processing by ItemsController#index as HTML
  Rendering items/index.html.erb within layouts/standard
  [1m[36mItem Load (0.4ms)[0m  [1m[34mSELECT `items`.* FROM `items`[0m
  [1m[36mCategory Load (0.5ms)[0m  [1m[34mSELECT  `categories`.* FROM `categories` WHERE `categories`.`category_id` = 1 LIMIT 1[0m
  [1m[36mSubCategory Load (0.4ms)[0m  [1m[34mSELECT  `sub_categories`.* FROM `sub_categories` WHERE `sub_categories`.`sub_category_id` = 1 LIMIT 1[0m
  [1m[36mCACHE (0.1ms)[0m  [1m[34mSELECT  `categories`.* FROM `categories` WHERE `categories`.`category_id` = 1 LIMIT 1[0m  [["category_id", 1], ["LIMIT", 1]]
  [1m[36mCACHE (0.0ms)[0m  [1m[34mSELECT  `sub_categories`.* FROM `sub_categories` WHERE `sub_categories`.`sub_category_id` = 1 LIMIT 1[0m  [["sub_category_id", 1], ["LIMIT", 1]]
  [1m[36mCategory Load (0.4ms)[0m  [1m[34mSELECT  `categories`.* FROM `categories` WHERE `categories`.`category_id` = 3 LIMIT 1[0m
  [1m[36mSubCategory Load (0.4ms)[0m  [1m[34mSELECT  `sub_categories`.* FROM `sub_categories` WHERE `sub_categories`.`sub_category_id` = 9 LIMIT 1[0m
  [1m[36mCACHE (0.0ms)[0m  [1m[34mSELECT  `categories`.* FROM `categories` WHERE `categories`.`category_id` = 3 LIMIT 1[0m  [["category_id", 3], ["LIMIT", 1]]
  [1m[36mCACHE (0.0ms)[0m  [1m[34mSELECT  `sub_categories`.* FROM `sub_categories` WHERE `sub_categories`.`sub_category_id` = 9 LIMIT 1[0m  [["sub_category_id", 9], ["LIMIT", 1]]
  [1m[36mCACHE (0.0ms)[0m  [1m[34mSELECT  `categories`.* FROM `categories` WHERE `categories`.`category_id` = 3 LIMIT 1[0m  [["category_id", 3], ["LIMIT", 1]]
  [1m[36mSubCategory Load (0.6ms)[0m  [1m[34mSELECT  `sub_categories`.* FROM `sub_categories` WHERE `sub_categories`.`sub_category_id` = 3 LIMIT 1[0m
  [1m[36mCACHE (0.0ms)[0m  [1m[34mSELECT  `categories`.* FROM `categories` WHERE `categories`.`category_id` = 3 LIMIT 1[0m  [["category_id", 3], ["LIMIT", 1]]
  [1m[36mSubCategory Load (0.5ms)[0m  [1m[34mSELECT  `sub_categories`.* FROM `sub_categories` WHERE `sub_categories`.`sub_category_id` = 2 LIMIT 1[0m
  Rendered items/index.html.erb within layouts/standard (19.8ms)
  [1m[36mSeller Load (0.5ms)[0m  [1m[34mSELECT  `sellers`.* FROM `sellers` WHERE `sellers`.`seller_id` = 'someone' LIMIT 1[0m
Completed 500 Internal Server Error in 48ms (ActiveRecord: 4.1ms)


  
ActionView::Template::Error (undefined method `seller_id' for nil:NilClass):
    11:   <body>
    12:     <nav>
    13:         <% if account_seller_signed_in? %>
    14:             <p><%= @current_account.seller_id %></p>
    15:         <% else %>
    16:             <li><%= link_to 'log in', sellers_login_path %></li>
    17:         <% end %>
  
app/views/layouts/standard.html.erb:14:in `_app_views_layouts_standard_html_erb___693497841549536243_70295743571900'
  Rendering /home/usman/.rbenv/versions/2.4.0/lib/ruby/gems/2.4.0/gems/actionpack-5.0.3/lib/action_dispatch/middleware/templates/rescues/template_error.html.erb within rescues/layout
  Rendering /home/usman/.rbenv/versions/2.4.0/lib/ruby/gems/2.4.0/gems/actionpack-5.0.3/lib/action_dispatch/middleware/templates/rescues/_source.html.erb
  Rendered /home/usman/.rbenv/versions/2.4.0/lib/ruby/gems/2.4.0/gems/actionpack-5.0.3/lib/action_dispatch/middleware/templates/rescues/_source.html.erb (6.3ms)
  Rendering /home/usman/.rbenv/versions/2.4.0/lib/ruby/gems/2.4.0/gems/actionpack-5.0.3/lib/action_dispatch/middleware/templates/rescues/_trace.html.erb
  Rendered /home/usman/.rbenv/versions/2.4.0/lib/ruby/gems/2.4.0/gems/actionpack-5.0.3/lib/action_dispatch/middleware/templates/rescues/_trace.html.erb (3.0ms)
  Rendering /home/usman/.rbenv/versions/2.4.0/lib/ruby/gems/2.4.0/gems/actionpack-5.0.3/lib/action_dispatch/middleware/templates/rescues/_request_and_response.html.erb
  Rendered /home/usman/.rbenv/versions/2.4.0/lib/ruby/gems/2.4.0/gems/actionpack-5.0.3/lib/action_dispatch/middleware/templates/rescues/_request_and_response.html.erb (1.3ms)
  Rendered /home/usman/.rbenv/versions/2.4.0/lib/ruby/gems/2.4.0/gems/actionpack-5.0.3/lib/action_dispatch/middleware/templates/rescues/template_error.html.erb within rescues/layout (31.0ms)
Started GET "/items" for 127.0.0.1 at 2017-05-19 23:43:49 +0530
Processing by ItemsController#index as HTML
  Rendering items/index.html.erb within layouts/standard
  [1m[36mItem Load (0.6ms)[0m  [1m[34mSELECT `items`.* FROM `items`[0m
  [1m[36mCategory Load (0.4ms)[0m  [1m[34mSELECT  `categories`.* FROM `categories` WHERE `categories`.`category_id` = 1 LIMIT 1[0m
  [1m[36mSubCategory Load (0.5ms)[0m  [1m[34mSELECT  `sub_categories`.* FROM `sub_categories` WHERE `sub_categories`.`sub_category_id` = 1 LIMIT 1[0m
  [1m[36mCACHE (0.0ms)[0m  [1m[34mSELECT  `categories`.* FROM `categories` WHERE `categories`.`category_id` = 1 LIMIT 1[0m  [["category_id", 1], ["LIMIT", 1]]
  [1m[36mCACHE (0.0ms)[0m  [1m[34mSELECT  `sub_categories`.* FROM `sub_categories` WHERE `sub_categories`.`sub_category_id` = 1 LIMIT 1[0m  [["sub_category_id", 1], ["LIMIT", 1]]
  [1m[36mCategory Load (0.6ms)[0m  [1m[34mSELECT  `categories`.* FROM `categories` WHERE `categories`.`category_id` = 3 LIMIT 1[0m
  [1m[36mSubCategory Load (0.4ms)[0m  [1m[34mSELECT  `sub_categories`.* FROM `sub_categories` WHERE `sub_categories`.`sub_category_id` = 9 LIMIT 1[0m
  [1m[36mCACHE (0.0ms)[0m  [1m[34mSELECT  `categories`.* FROM `categories` WHERE `categories`.`category_id` = 3 LIMIT 1[0m  [["category_id", 3], ["LIMIT", 1]]
  [1m[36mCACHE (0.0ms)[0m  [1m[34mSELECT  `sub_categories`.* FROM `sub_categories` WHERE `sub_categories`.`sub_category_id` = 9 LIMIT 1[0m  [["sub_category_id", 9], ["LIMIT", 1]]
  [1m[36mCACHE (0.0ms)[0m  [1m[34mSELECT  `categories`.* FROM `categories` WHERE `categories`.`category_id` = 3 LIMIT 1[0m  [["category_id", 3], ["LIMIT", 1]]
  [1m[36mSubCategory Load (0.5ms)[0m  [1m[34mSELECT  `sub_categories`.* FROM `sub_categories` WHERE `sub_categories`.`sub_category_id` = 3 LIMIT 1[0m
  [1m[36mCACHE (0.0ms)[0m  [1m[34mSELECT  `categories`.* FROM `categories` WHERE `categories`.`category_id` = 3 LIMIT 1[0m  [["category_id", 3], ["LIMIT", 1]]
  [1m[36mSubCategory Load (0.5ms)[0m  [1m[34mSELECT  `sub_categories`.* FROM `sub_categories` WHERE `sub_categories`.`sub_category_id` = 2 LIMIT 1[0m
  Rendered items/index.html.erb within layouts/standard (22.5ms)
  [1m[36mSeller Load (0.6ms)[0m  [1m[34mSELECT  `sellers`.* FROM `sellers` WHERE `sellers`.`seller_id` = 'someone' LIMIT 1[0m
Completed 500 Internal Server Error in 54ms (ActiveRecord: 4.3ms)


  
ActionView::Template::Error (undefined method `seller_id' for nil:NilClass):
    11:   <body>
    12:     <nav>
    13:         <% if account_seller_signed_in? %>
    14:             <p><%= @current_account.seller_id %></p>
    15:         <% else %>
    16:             <li><%= link_to 'log in', sellers_login_path %></li>
    17:         <% end %>
  
app/views/layouts/standard.html.erb:14:in `_app_views_layouts_standard_html_erb___693497841549536243_70295744878340'
  Rendering /home/usman/.rbenv/versions/2.4.0/lib/ruby/gems/2.4.0/gems/actionpack-5.0.3/lib/action_dispatch/middleware/templates/rescues/template_error.html.erb within rescues/layout
  Rendering /home/usman/.rbenv/versions/2.4.0/lib/ruby/gems/2.4.0/gems/actionpack-5.0.3/lib/action_dispatch/middleware/templates/rescues/_source.html.erb
  Rendered /home/usman/.rbenv/versions/2.4.0/lib/ruby/gems/2.4.0/gems/actionpack-5.0.3/lib/action_dispatch/middleware/templates/rescues/_source.html.erb (6.3ms)
  Rendering /home/usman/.rbenv/versions/2.4.0/lib/ruby/gems/2.4.0/gems/actionpack-5.0.3/lib/action_dispatch/middleware/templates/rescues/_trace.html.erb
  Rendered /home/usman/.rbenv/versions/2.4.0/lib/ruby/gems/2.4.0/gems/actionpack-5.0.3/lib/action_dispatch/middleware/templates/rescues/_trace.html.erb (2.8ms)
  Rendering /home/usman/.rbenv/versions/2.4.0/lib/ruby/gems/2.4.0/gems/actionpack-5.0.3/lib/action_dispatch/middleware/templates/rescues/_request_and_response.html.erb
  Rendered /home/usman/.rbenv/versions/2.4.0/lib/ruby/gems/2.4.0/gems/actionpack-5.0.3/lib/action_dispatch/middleware/templates/rescues/_request_and_response.html.erb (1.4ms)
  Rendered /home/usman/.rbenv/versions/2.4.0/lib/ruby/gems/2.4.0/gems/actionpack-5.0.3/lib/action_dispatch/middleware/templates/rescues/template_error.html.erb within rescues/layout (30.8ms)
Started GET "/items" for 127.0.0.1 at 2017-05-19 23:43:51 +0530
Processing by ItemsController#index as HTML
  Rendering items/index.html.erb within layouts/standard
  [1m[36mItem Load (0.5ms)[0m  [1m[34mSELECT `items`.* FROM `items`[0m
  [1m[36mCategory Load (0.5ms)[0m  [1m[34mSELECT  `categories`.* FROM `categories` WHERE `categories`.`category_id` = 1 LIMIT 1[0m
  [1m[36mSubCategory Load (0.5ms)[0m  [1m[34mSELECT  `sub_categories`.* FROM `sub_categories` WHERE `sub_categories`.`sub_category_id` = 1 LIMIT 1[0m
  [1m[36mCACHE (0.0ms)[0m  [1m[34mSELECT  `categories`.* FROM `categories` WHERE `categories`.`category_id` = 1 LIMIT 1[0m  [["category_id", 1], ["LIMIT", 1]]
  [1m[36mCACHE (0.0ms)[0m  [1m[34mSELECT  `sub_categories`.* FROM `sub_categories` WHERE `sub_categories`.`sub_category_id` = 1 LIMIT 1[0m  [["sub_category_id", 1], ["LIMIT", 1]]
  [1m[36mCategory Load (0.5ms)[0m  [1m[34mSELECT  `categories`.* FROM `categories` WHERE `categories`.`category_id` = 3 LIMIT 1[0m
  [1m[36mSubCategory Load (0.5ms)[0m  [1m[34mSELECT  `sub_categories`.* FROM `sub_categories` WHERE `sub_categories`.`sub_category_id` = 9 LIMIT 1[0m
  [1m[36mCACHE (0.0ms)[0m  [1m[34mSELECT  `categories`.* FROM `categories` WHERE `categories`.`category_id` = 3 LIMIT 1[0m  [["category_id", 3], ["LIMIT", 1]]
  [1m[36mCACHE (0.0ms)[0m  [1m[34mSELECT  `sub_categories`.* FROM `sub_categories` WHERE `sub_categories`.`sub_category_id` = 9 LIMIT 1[0m  [["sub_category_id", 9], ["LIMIT", 1]]
  [1m[36mCACHE (0.0ms)[0m  [1m[34mSELECT  `categories`.* FROM `categories` WHERE `categories`.`category_id` = 3 LIMIT 1[0m  [["category_id", 3], ["LIMIT", 1]]
  [1m[36mSubCategory Load (0.7ms)[0m  [1m[34mSELECT  `sub_categories`.* FROM `sub_categories` WHERE `sub_categories`.`sub_category_id` = 3 LIMIT 1[0m
  [1m[36mCACHE (0.0ms)[0m  [1m[34mSELECT  `categories`.* FROM `categories` WHERE `categories`.`category_id` = 3 LIMIT 1[0m  [["category_id", 3], ["LIMIT", 1]]
  [1m[36mSubCategory Load (0.6ms)[0m  [1m[34mSELECT  `sub_categories`.* FROM `sub_categories` WHERE `sub_categories`.`sub_category_id` = 2 LIMIT 1[0m
  Rendered items/index.html.erb within layouts/standard (20.6ms)
  [1m[36mSeller Load (0.5ms)[0m  [1m[34mSELECT  `sellers`.* FROM `sellers` WHERE `sellers`.`seller_id` = 'someone' LIMIT 1[0m
Completed 500 Internal Server Error in 48ms (ActiveRecord: 4.5ms)


  
ActionView::Template::Error (undefined method `seller_id' for nil:NilClass):
    11:   <body>
    12:     <nav>
    13:         <% if account_seller_signed_in? %>
    14:             <p><%= @current_account.seller_id %></p>
    15:         <% else %>
    16:             <li><%= link_to 'log in', sellers_login_path %></li>
    17:         <% end %>
  
app/views/layouts/standard.html.erb:14:in `_app_views_layouts_standard_html_erb___693497841549536243_70295745656620'
  Rendering /home/usman/.rbenv/versions/2.4.0/lib/ruby/gems/2.4.0/gems/actionpack-5.0.3/lib/action_dispatch/middleware/templates/rescues/template_error.html.erb within rescues/layout
  Rendering /home/usman/.rbenv/versions/2.4.0/lib/ruby/gems/2.4.0/gems/actionpack-5.0.3/lib/action_dispatch/middleware/templates/rescues/_source.html.erb
  Rendered /home/usman/.rbenv/versions/2.4.0/lib/ruby/gems/2.4.0/gems/actionpack-5.0.3/lib/action_dispatch/middleware/templates/rescues/_source.html.erb (6.1ms)
  Rendering /home/usman/.rbenv/versions/2.4.0/lib/ruby/gems/2.4.0/gems/actionpack-5.0.3/lib/action_dispatch/middleware/templates/rescues/_trace.html.erb
  Rendered /home/usman/.rbenv/versions/2.4.0/lib/ruby/gems/2.4.0/gems/actionpack-5.0.3/lib/action_dispatch/middleware/templates/rescues/_trace.html.erb (3.4ms)
  Rendering /home/usman/.rbenv/versions/2.4.0/lib/ruby/gems/2.4.0/gems/actionpack-5.0.3/lib/action_dispatch/middleware/templates/rescues/_request_and_response.html.erb
  Rendered /home/usman/.rbenv/versions/2.4.0/lib/ruby/gems/2.4.0/gems/actionpack-5.0.3/lib/action_dispatch/middleware/templates/rescues/_request_and_response.html.erb (1.1ms)
  Rendered /home/usman/.rbenv/versions/2.4.0/lib/ruby/gems/2.4.0/gems/actionpack-5.0.3/lib/action_dispatch/middleware/templates/rescues/template_error.html.erb within rescues/layout (31.8ms)
Started GET "/items" for 127.0.0.1 at 2017-05-19 23:49:24 +0530
Processing by ItemsController#index as HTML
  Rendering items/index.html.erb within layouts/standard
  [1m[36mSeller Load (0.6ms)[0m  [1m[34mSELECT  `sellers`.* FROM `sellers` WHERE `sellers`.`seller_id` = 'someone' LIMIT 1[0m
  [1m[36mItem Load (0.5ms)[0m  [1m[34mSELECT `items`.* FROM `items`[0m
  Rendered items/index.html.erb within layouts/standard (257.3ms)
Completed 500 Internal Server Error in 261ms (ActiveRecord: 1.0ms)


  
ActionView::Template::Error (undefined local variable or method `current_account' for #<#<Class:0x007fde01b4e588>:0x007fde01fb2250>
Did you mean?  current_account_seller):
    1: <nav>
    2:         <% if account_seller_signed_in? %>
    3:             <p><%= current_account.seller_id %></p>
    4:         <% else %>
    5:             <li><%= link_to 'log in', sellers_login_path %></li>
    6:         <% end %>
  
app/views/items/index.html.erb:3:in `_app_views_items_index_html_erb___3618665232372846233_70295746352660'
  Rendering /home/usman/.rbenv/versions/2.4.0/lib/ruby/gems/2.4.0/gems/actionpack-5.0.3/lib/action_dispatch/middleware/templates/rescues/template_error.html.erb within rescues/layout
  Rendering /home/usman/.rbenv/versions/2.4.0/lib/ruby/gems/2.4.0/gems/actionpack-5.0.3/lib/action_dispatch/middleware/templates/rescues/_source.html.erb
  Rendered /home/usman/.rbenv/versions/2.4.0/lib/ruby/gems/2.4.0/gems/actionpack-5.0.3/lib/action_dispatch/middleware/templates/rescues/_source.html.erb (16.7ms)
  Rendering /home/usman/.rbenv/versions/2.4.0/lib/ruby/gems/2.4.0/gems/actionpack-5.0.3/lib/action_dispatch/middleware/templates/rescues/_trace.html.erb
  Rendered /home/usman/.rbenv/versions/2.4.0/lib/ruby/gems/2.4.0/gems/actionpack-5.0.3/lib/action_dispatch/middleware/templates/rescues/_trace.html.erb (3.8ms)
  Rendering /home/usman/.rbenv/versions/2.4.0/lib/ruby/gems/2.4.0/gems/actionpack-5.0.3/lib/action_dispatch/middleware/templates/rescues/_request_and_response.html.erb
  Rendered /home/usman/.rbenv/versions/2.4.0/lib/ruby/gems/2.4.0/gems/actionpack-5.0.3/lib/action_dispatch/middleware/templates/rescues/_request_and_response.html.erb (1.6ms)
  Rendered /home/usman/.rbenv/versions/2.4.0/lib/ruby/gems/2.4.0/gems/actionpack-5.0.3/lib/action_dispatch/middleware/templates/rescues/template_error.html.erb within rescues/layout (43.1ms)
Started GET "/items" for 127.0.0.1 at 2017-05-19 23:49:41 +0530
Processing by ItemsController#index as HTML
  Rendering items/index.html.erb within layouts/standard
  [1m[36mSeller Load (0.5ms)[0m  [1m[34mSELECT  `sellers`.* FROM `sellers` WHERE `sellers`.`seller_id` = 'someone' LIMIT 1[0m
  Rendered items/index.html.erb within layouts/standard (7.0ms)
Completed 500 Internal Server Error in 11ms (ActiveRecord: 0.5ms)


  
ActionView::Template::Error (undefined method `seller_id' for nil:NilClass):
    1: <nav>
    2:         <% if account_seller_signed_in? %>
    3:             <p><%= @current_account.seller_id %></p>
    4:         <% else %>
    5:             <li><%= link_to 'log in', sellers_login_path %></li>
    6:         <% end %>
  
app/views/items/index.html.erb:3:in `_app_views_items_index_html_erb___3618665232372846233_70295745314880'
  Rendering /home/usman/.rbenv/versions/2.4.0/lib/ruby/gems/2.4.0/gems/actionpack-5.0.3/lib/action_dispatch/middleware/templates/rescues/template_error.html.erb within rescues/layout
  Rendering /home/usman/.rbenv/versions/2.4.0/lib/ruby/gems/2.4.0/gems/actionpack-5.0.3/lib/action_dispatch/middleware/templates/rescues/_source.html.erb
  Rendered /home/usman/.rbenv/versions/2.4.0/lib/ruby/gems/2.4.0/gems/actionpack-5.0.3/lib/action_dispatch/middleware/templates/rescues/_source.html.erb (12.5ms)
  Rendering /home/usman/.rbenv/versions/2.4.0/lib/ruby/gems/2.4.0/gems/actionpack-5.0.3/lib/action_dispatch/middleware/templates/rescues/_trace.html.erb
  Rendered /home/usman/.rbenv/versions/2.4.0/lib/ruby/gems/2.4.0/gems/actionpack-5.0.3/lib/action_dispatch/middleware/templates/rescues/_trace.html.erb (4.4ms)
  Rendering /home/usman/.rbenv/versions/2.4.0/lib/ruby/gems/2.4.0/gems/actionpack-5.0.3/lib/action_dispatch/middleware/templates/rescues/_request_and_response.html.erb
  Rendered /home/usman/.rbenv/versions/2.4.0/lib/ruby/gems/2.4.0/gems/actionpack-5.0.3/lib/action_dispatch/middleware/templates/rescues/_request_and_response.html.erb (1.9ms)
  Rendered /home/usman/.rbenv/versions/2.4.0/lib/ruby/gems/2.4.0/gems/actionpack-5.0.3/lib/action_dispatch/middleware/templates/rescues/template_error.html.erb within rescues/layout (40.7ms)
Started GET "/sellers/login" for 127.0.0.1 at 2017-05-19 23:49:54 +0530
Processing by SellersController#login as HTML
  Rendering sellers/login.html.erb within layouts/standard
  Rendered sellers/login.html.erb within layouts/standard (3.0ms)
  [1m[36mSeller Load (0.6ms)[0m  [1m[34mSELECT  `sellers`.* FROM `sellers` WHERE `sellers`.`seller_id` = 'someone' LIMIT 1[0m
Completed 500 Internal Server Error in 317ms (ActiveRecord: 0.6ms)


  
ActionView::Template::Error (undefined local variable or method `current_account' for #<#<Class:0x007fde0c0a96e0>:0x007fde01f423d8>
Did you mean?  current_account_seller):
    11:   <body>
    12:     <nav>
    13:         <% if account_seller_signed_in? %>
    14:             <p><%= current_account.seller_id %></p>
    15:         <% else %>
    16:             <li><%= link_to 'log in', sellers_login_path %></li>
    17:         <% end %>
  
app/views/layouts/standard.html.erb:14:in `_app_views_layouts_standard_html_erb___693497841549536243_70295746100760'
  Rendering /home/usman/.rbenv/versions/2.4.0/lib/ruby/gems/2.4.0/gems/actionpack-5.0.3/lib/action_dispatch/middleware/templates/rescues/template_error.html.erb within rescues/layout
  Rendering /home/usman/.rbenv/versions/2.4.0/lib/ruby/gems/2.4.0/gems/actionpack-5.0.3/lib/action_dispatch/middleware/templates/rescues/_source.html.erb
  Rendered /home/usman/.rbenv/versions/2.4.0/lib/ruby/gems/2.4.0/gems/actionpack-5.0.3/lib/action_dispatch/middleware/templates/rescues/_source.html.erb (6.0ms)
  Rendering /home/usman/.rbenv/versions/2.4.0/lib/ruby/gems/2.4.0/gems/actionpack-5.0.3/lib/action_dispatch/middleware/templates/rescues/_trace.html.erb
  Rendered /home/usman/.rbenv/versions/2.4.0/lib/ruby/gems/2.4.0/gems/actionpack-5.0.3/lib/action_dispatch/middleware/templates/rescues/_trace.html.erb (2.6ms)
  Rendering /home/usman/.rbenv/versions/2.4.0/lib/ruby/gems/2.4.0/gems/actionpack-5.0.3/lib/action_dispatch/middleware/templates/rescues/_request_and_response.html.erb
  Rendered /home/usman/.rbenv/versions/2.4.0/lib/ruby/gems/2.4.0/gems/actionpack-5.0.3/lib/action_dispatch/middleware/templates/rescues/_request_and_response.html.erb (1.4ms)
  Rendered /home/usman/.rbenv/versions/2.4.0/lib/ruby/gems/2.4.0/gems/actionpack-5.0.3/lib/action_dispatch/middleware/templates/rescues/template_error.html.erb within rescues/layout (30.6ms)
Started GET "/sellers/login" for 127.0.0.1 at 2017-05-19 23:51:09 +0530
Processing by SellersController#login as HTML
  Rendering sellers/login.html.erb within layouts/standard
  Rendered sellers/login.html.erb within layouts/standard (2.4ms)
Completed 200 OK in 31ms (Views: 28.9ms | ActiveRecord: 0.0ms)


Started POST "/sellers/loggedin" for 127.0.0.1 at 2017-05-19 23:51:27 +0530
Processing by SellersController#loggedin as HTML
  Parameters: {"utf8"=>"✓", "authenticity_token"=>"LvfXWNO8MWy/es5RWkxcZfDYmNqWWBmn5nwiFtSQwuJlYgjt5yE7sJwsvSN4sUJraspp+8MigeN2kG63WenO2w==", "sellers"=>{"seller_id"=>"someone", "password"=>"[FILTERED]"}, "commit"=>"Login"}
  [1m[36mSeller Load (0.6ms)[0m  [1m[34mSELECT  `sellers`.* FROM `sellers` WHERE (LOWER(seller_id) = 'someone') LIMIT 1[0m
Redirected to http://localhost:3000/items
Completed 302 Found in 91ms (ActiveRecord: 0.6ms)


Started GET "/items" for 127.0.0.1 at 2017-05-19 23:51:27 +0530
Processing by ItemsController#index as HTML
  Rendering items/index.html.erb within layouts/standard
  [1m[36mSeller Load (0.5ms)[0m  [1m[34mSELECT  `sellers`.* FROM `sellers` WHERE `sellers`.`seller_id` = 'someone' LIMIT 1[0m
  Rendered items/index.html.erb within layouts/standard (5.4ms)
Completed 500 Internal Server Error in 9ms (ActiveRecord: 0.5ms)


  
ActionView::Template::Error (undefined method `seller_id' for nil:NilClass):
    1: <nav>
    2:         <% if account_seller_signed_in? %>
    3:             <p><%= @current_account.seller_id %></p>
    4:         <% else %>
    5:             <li><%= link_to 'log in', sellers_login_path %></li>
    6:         <% end %>
  
app/views/items/index.html.erb:3:in `_app_views_items_index_html_erb___3618665232372846233_70295745251180'
  Rendering /home/usman/.rbenv/versions/2.4.0/lib/ruby/gems/2.4.0/gems/actionpack-5.0.3/lib/action_dispatch/middleware/templates/rescues/template_error.html.erb within rescues/layout
  Rendering /home/usman/.rbenv/versions/2.4.0/lib/ruby/gems/2.4.0/gems/actionpack-5.0.3/lib/action_dispatch/middleware/templates/rescues/_source.html.erb
  Rendered /home/usman/.rbenv/versions/2.4.0/lib/ruby/gems/2.4.0/gems/actionpack-5.0.3/lib/action_dispatch/middleware/templates/rescues/_source.html.erb (8.2ms)
  Rendering /home/usman/.rbenv/versions/2.4.0/lib/ruby/gems/2.4.0/gems/actionpack-5.0.3/lib/action_dispatch/middleware/templates/rescues/_trace.html.erb
  Rendered /home/usman/.rbenv/versions/2.4.0/lib/ruby/gems/2.4.0/gems/actionpack-5.0.3/lib/action_dispatch/middleware/templates/rescues/_trace.html.erb (11.2ms)
  Rendering /home/usman/.rbenv/versions/2.4.0/lib/ruby/gems/2.4.0/gems/actionpack-5.0.3/lib/action_dispatch/middleware/templates/rescues/_request_and_response.html.erb
  Rendered /home/usman/.rbenv/versions/2.4.0/lib/ruby/gems/2.4.0/gems/actionpack-5.0.3/lib/action_dispatch/middleware/templates/rescues/_request_and_response.html.erb (1.2ms)
  Rendered /home/usman/.rbenv/versions/2.4.0/lib/ruby/gems/2.4.0/gems/actionpack-5.0.3/lib/action_dispatch/middleware/templates/rescues/template_error.html.erb within rescues/layout (41.0ms)
Started GET "/items" for 127.0.0.1 at 2017-05-19 23:52:47 +0530
Processing by ItemsController#index as HTML
  Rendering items/index.html.erb within layouts/standard
  [1m[36mSeller Load (0.3ms)[0m  [1m[34mSELECT  `sellers`.* FROM `sellers` WHERE `sellers`.`seller_id` = 'someone' LIMIT 1[0m
  Rendered items/index.html.erb within layouts/standard (18.3ms)
Completed 500 Internal Server Error in 36ms (ActiveRecord: 2.3ms)


  
ActionView::Template::Error (undefined method `seller_id' for nil:NilClass):
    1: <nav>
    2:         <% if account_seller_signed_in? %>
    3:             <p><%= @current_account.seller_id %></p>
    4:         <% else %>
    5:             <li><%= link_to 'log in', sellers_login_path %></li>
    6:         <% end %>
  
app/views/items/index.html.erb:3:in `_app_views_items_index_html_erb___3618665232372846233_70295745052160'
  Rendering /home/usman/.rbenv/versions/2.4.0/lib/ruby/gems/2.4.0/gems/actionpack-5.0.3/lib/action_dispatch/middleware/templates/rescues/template_error.html.erb within rescues/layout
  Rendering /home/usman/.rbenv/versions/2.4.0/lib/ruby/gems/2.4.0/gems/actionpack-5.0.3/lib/action_dispatch/middleware/templates/rescues/_source.html.erb
  Rendered /home/usman/.rbenv/versions/2.4.0/lib/ruby/gems/2.4.0/gems/actionpack-5.0.3/lib/action_dispatch/middleware/templates/rescues/_source.html.erb (16.3ms)
  Rendering /home/usman/.rbenv/versions/2.4.0/lib/ruby/gems/2.4.0/gems/actionpack-5.0.3/lib/action_dispatch/middleware/templates/rescues/_trace.html.erb
  Rendered /home/usman/.rbenv/versions/2.4.0/lib/ruby/gems/2.4.0/gems/actionpack-5.0.3/lib/action_dispatch/middleware/templates/rescues/_trace.html.erb (2.8ms)
  Rendering /home/usman/.rbenv/versions/2.4.0/lib/ruby/gems/2.4.0/gems/actionpack-5.0.3/lib/action_dispatch/middleware/templates/rescues/_request_and_response.html.erb
  Rendered /home/usman/.rbenv/versions/2.4.0/lib/ruby/gems/2.4.0/gems/actionpack-5.0.3/lib/action_dispatch/middleware/templates/rescues/_request_and_response.html.erb (1.2ms)
  Rendered /home/usman/.rbenv/versions/2.4.0/lib/ruby/gems/2.4.0/gems/actionpack-5.0.3/lib/action_dispatch/middleware/templates/rescues/template_error.html.erb within rescues/layout (40.9ms)
Started GET "/sellers/login" for 127.0.0.1 at 2017-05-19 23:53:04 +0530
Processing by SellersController#login as HTML
  Rendering sellers/login.html.erb within layouts/standard
  Rendered sellers/login.html.erb within layouts/standard (2.7ms)
Completed 200 OK in 30ms (Views: 27.6ms | ActiveRecord: 0.0ms)


Started POST "/sellers/loggedin" for 127.0.0.1 at 2017-05-19 23:53:14 +0530
Processing by SellersController#loggedin as HTML
  Parameters: {"utf8"=>"✓", "authenticity_token"=>"WEVmbgvt+ALfMg3ZhigjtSflvl9Tg3niNSth90xA+cET0LnbP3Dy3vxkfquk1T27vfdPfgb54aalxy1WwTn1+A==", "sellers"=>{"seller_id"=>"someone", "password"=>"[FILTERED]"}, "commit"=>"Login"}
  [1m[36mSeller Load (0.5ms)[0m  [1m[34mSELECT  `sellers`.* FROM `sellers` WHERE (LOWER(seller_id) = 'someone') LIMIT 1[0m
  [1m[36mSeller Load (0.6ms)[0m  [1m[34mSELECT  `sellers`.* FROM `sellers` WHERE `sellers`.`seller_id` = 'someone' LIMIT 1[0m
Redirected to http://localhost:3000/items
Completed 302 Found in 93ms (ActiveRecord: 1.1ms)


Started GET "/items" for 127.0.0.1 at 2017-05-19 23:53:14 +0530
Processing by ItemsController#index as HTML
  Rendering items/index.html.erb within layouts/standard
  [1m[36mSeller Load (0.5ms)[0m  [1m[34mSELECT  `sellers`.* FROM `sellers` WHERE `sellers`.`seller_id` = 'someone' LIMIT 1[0m
  Rendered items/index.html.erb within layouts/standard (6.0ms)
Completed 500 Internal Server Error in 9ms (ActiveRecord: 0.5ms)


  
ActionView::Template::Error (undefined method `seller_id' for nil:NilClass):
    1: <nav>
    2:         <% if account_seller_signed_in? %>
    3:             <p><%= @current_account.seller_id %></p>
    4:         <% else %>
    5:             <li><%= link_to 'log in', sellers_login_path %></li>
    6:         <% end %>
  
app/views/items/index.html.erb:3:in `_app_views_items_index_html_erb___3618665232372846233_70295744441280'
  Rendering /home/usman/.rbenv/versions/2.4.0/lib/ruby/gems/2.4.0/gems/actionpack-5.0.3/lib/action_dispatch/middleware/templates/rescues/template_error.html.erb within rescues/layout
  Rendering /home/usman/.rbenv/versions/2.4.0/lib/ruby/gems/2.4.0/gems/actionpack-5.0.3/lib/action_dispatch/middleware/templates/rescues/_source.html.erb
  Rendered /home/usman/.rbenv/versions/2.4.0/lib/ruby/gems/2.4.0/gems/actionpack-5.0.3/lib/action_dispatch/middleware/templates/rescues/_source.html.erb (9.1ms)
  Rendering /home/usman/.rbenv/versions/2.4.0/lib/ruby/gems/2.4.0/gems/actionpack-5.0.3/lib/action_dispatch/middleware/templates/rescues/_trace.html.erb
  Rendered /home/usman/.rbenv/versions/2.4.0/lib/ruby/gems/2.4.0/gems/actionpack-5.0.3/lib/action_dispatch/middleware/templates/rescues/_trace.html.erb (3.2ms)
  Rendering /home/usman/.rbenv/versions/2.4.0/lib/ruby/gems/2.4.0/gems/actionpack-5.0.3/lib/action_dispatch/middleware/templates/rescues/_request_and_response.html.erb
  Rendered /home/usman/.rbenv/versions/2.4.0/lib/ruby/gems/2.4.0/gems/actionpack-5.0.3/lib/action_dispatch/middleware/templates/rescues/_request_and_response.html.erb (1.4ms)
  Rendered /home/usman/.rbenv/versions/2.4.0/lib/ruby/gems/2.4.0/gems/actionpack-5.0.3/lib/action_dispatch/middleware/templates/rescues/template_error.html.erb within rescues/layout (34.5ms)
Started GET "/sellers/login" for 127.0.0.1 at 2017-05-19 23:55:01 +0530
Processing by SellersController#login as HTML
  Rendering sellers/login.html.erb within layouts/standard
  Rendered sellers/login.html.erb within layouts/standard (1.9ms)
Completed 200 OK in 35ms (Views: 18.4ms | ActiveRecord: 2.0ms)


Started POST "/sellers/loggedin" for 127.0.0.1 at 2017-05-19 23:55:10 +0530
Processing by SellersController#loggedin as HTML
  Parameters: {"utf8"=>"✓", "authenticity_token"=>"RTVcrmfxwIRVj5lA7a3jkCSmhspSkZn/zewra1zG4KIOoIMbU2zKWHbZ6jLPUP2evrR36wfrAbtdAGfK0b/smw==", "sellers"=>{"seller_id"=>"someone", "password"=>"[FILTERED]"}, "commit"=>"Login"}
  [1m[36mSeller Load (0.6ms)[0m  [1m[34mSELECT  `sellers`.* FROM `sellers` WHERE (LOWER(seller_id) = 'someone') LIMIT 1[0m
  [1m[36mSeller Load (0.6ms)[0m  [1m[34mSELECT  `sellers`.* FROM `sellers` WHERE `sellers`.`seller_id` = 'someone' LIMIT 1[0m
Redirected to http://localhost:3000/items
Completed 302 Found in 96ms (ActiveRecord: 1.2ms)


Started GET "/items" for 127.0.0.1 at 2017-05-19 23:55:10 +0530
Processing by ItemsController#index as HTML
  Rendering items/index.html.erb within layouts/standard
  [1m[36mSeller Load (0.5ms)[0m  [1m[34mSELECT  `sellers`.* FROM `sellers` WHERE `sellers`.`seller_id` = 'someone' LIMIT 1[0m
  Rendered items/index.html.erb within layouts/standard (5.3ms)
Completed 500 Internal Server Error in 18ms (ActiveRecord: 0.5ms)


  
ActionView::Template::Error (undefined method `seller_id' for nil:NilClass):
    1: <nav>
    2:         <% if account_seller_signed_in? %>
    3:             <p><%= @current.seller_id %></p>
    4:         <% else %>
    5:             <li><%= link_to 'log in', sellers_login_path %></li>
    6:         <% end %>
  
app/views/items/index.html.erb:3:in `_app_views_items_index_html_erb___3618665232372846233_70295742293720'
  Rendering /home/usman/.rbenv/versions/2.4.0/lib/ruby/gems/2.4.0/gems/actionpack-5.0.3/lib/action_dispatch/middleware/templates/rescues/template_error.html.erb within rescues/layout
  Rendering /home/usman/.rbenv/versions/2.4.0/lib/ruby/gems/2.4.0/gems/actionpack-5.0.3/lib/action_dispatch/middleware/templates/rescues/_source.html.erb
  Rendered /home/usman/.rbenv/versions/2.4.0/lib/ruby/gems/2.4.0/gems/actionpack-5.0.3/lib/action_dispatch/middleware/templates/rescues/_source.html.erb (6.6ms)
  Rendering /home/usman/.rbenv/versions/2.4.0/lib/ruby/gems/2.4.0/gems/actionpack-5.0.3/lib/action_dispatch/middleware/templates/rescues/_trace.html.erb
  Rendered /home/usman/.rbenv/versions/2.4.0/lib/ruby/gems/2.4.0/gems/actionpack-5.0.3/lib/action_dispatch/middleware/templates/rescues/_trace.html.erb (3.1ms)
  Rendering /home/usman/.rbenv/versions/2.4.0/lib/ruby/gems/2.4.0/gems/actionpack-5.0.3/lib/action_dispatch/middleware/templates/rescues/_request_and_response.html.erb
  Rendered /home/usman/.rbenv/versions/2.4.0/lib/ruby/gems/2.4.0/gems/actionpack-5.0.3/lib/action_dispatch/middleware/templates/rescues/_request_and_response.html.erb (1.1ms)
  Rendered /home/usman/.rbenv/versions/2.4.0/lib/ruby/gems/2.4.0/gems/actionpack-5.0.3/lib/action_dispatch/middleware/templates/rescues/template_error.html.erb within rescues/layout (30.4ms)
Started GET "/items" for 127.0.0.1 at 2017-05-20 00:00:47 +0530
Processing by ItemsController#index as HTML
  Rendering items/index.html.erb within layouts/standard
  Rendered items/index.html.erb within layouts/standard (4.7ms)
Completed 500 Internal Server Error in 9ms (ActiveRecord: 0.0ms)


  
ActionView::Template::Error (undefined method `nil' for nil:NilClass):
    1: <nav>
    2:         <% if @current.nil %>
    3:             <li><%= link_to 'log in', sellers_login_path %></li>
    4:         <% else %>
    5:             <p><%= @current.seller_id %></p>
  
app/views/items/index.html.erb:2:in `_app_views_items_index_html_erb___3618665232372846233_70295742650320'
  Rendering /home/usman/.rbenv/versions/2.4.0/lib/ruby/gems/2.4.0/gems/actionpack-5.0.3/lib/action_dispatch/middleware/templates/rescues/template_error.html.erb within rescues/layout
  Rendering /home/usman/.rbenv/versions/2.4.0/lib/ruby/gems/2.4.0/gems/actionpack-5.0.3/lib/action_dispatch/middleware/templates/rescues/_source.html.erb
  Rendered /home/usman/.rbenv/versions/2.4.0/lib/ruby/gems/2.4.0/gems/actionpack-5.0.3/lib/action_dispatch/middleware/templates/rescues/_source.html.erb (8.1ms)
  Rendering /home/usman/.rbenv/versions/2.4.0/lib/ruby/gems/2.4.0/gems/actionpack-5.0.3/lib/action_dispatch/middleware/templates/rescues/_trace.html.erb
  Rendered /home/usman/.rbenv/versions/2.4.0/lib/ruby/gems/2.4.0/gems/actionpack-5.0.3/lib/action_dispatch/middleware/templates/rescues/_trace.html.erb (2.4ms)
  Rendering /home/usman/.rbenv/versions/2.4.0/lib/ruby/gems/2.4.0/gems/actionpack-5.0.3/lib/action_dispatch/middleware/templates/rescues/_request_and_response.html.erb
  Rendered /home/usman/.rbenv/versions/2.4.0/lib/ruby/gems/2.4.0/gems/actionpack-5.0.3/lib/action_dispatch/middleware/templates/rescues/_request_and_response.html.erb (1.0ms)
  Rendered /home/usman/.rbenv/versions/2.4.0/lib/ruby/gems/2.4.0/gems/actionpack-5.0.3/lib/action_dispatch/middleware/templates/rescues/template_error.html.erb within rescues/layout (30.6ms)
Started GET "/items" for 127.0.0.1 at 2017-05-20 00:01:20 +0530
Processing by ItemsController#index as HTML
  Rendering items/index.html.erb within layouts/standard
  [1m[36mItem Load (0.5ms)[0m  [1m[34mSELECT `items`.* FROM `items`[0m
  [1m[36mCategory Load (0.3ms)[0m  [1m[34mSELECT  `categories`.* FROM `categories` WHERE `categories`.`category_id` = 1 LIMIT 1[0m
  [1m[36mSubCategory Load (0.4ms)[0m  [1m[34mSELECT  `sub_categories`.* FROM `sub_categories` WHERE `sub_categories`.`sub_category_id` = 1 LIMIT 1[0m
  [1m[36mCACHE (0.0ms)[0m  [1m[34mSELECT  `categories`.* FROM `categories` WHERE `categories`.`category_id` = 1 LIMIT 1[0m  [["category_id", 1], ["LIMIT", 1]]
  [1m[36mCACHE (0.0ms)[0m  [1m[34mSELECT  `sub_categories`.* FROM `sub_categories` WHERE `sub_categories`.`sub_category_id` = 1 LIMIT 1[0m  [["sub_category_id", 1], ["LIMIT", 1]]
  [1m[36mCategory Load (0.5ms)[0m  [1m[34mSELECT  `categories`.* FROM `categories` WHERE `categories`.`category_id` = 3 LIMIT 1[0m
  [1m[36mSubCategory Load (0.8ms)[0m  [1m[34mSELECT  `sub_categories`.* FROM `sub_categories` WHERE `sub_categories`.`sub_category_id` = 9 LIMIT 1[0m
  [1m[36mCACHE (0.0ms)[0m  [1m[34mSELECT  `categories`.* FROM `categories` WHERE `categories`.`category_id` = 3 LIMIT 1[0m  [["category_id", 3], ["LIMIT", 1]]
  [1m[36mCACHE (0.0ms)[0m  [1m[34mSELECT  `sub_categories`.* FROM `sub_categories` WHERE `sub_categories`.`sub_category_id` = 9 LIMIT 1[0m  [["sub_category_id", 9], ["LIMIT", 1]]
  [1m[36mCACHE (0.0ms)[0m  [1m[34mSELECT  `categories`.* FROM `categories` WHERE `categories`.`category_id` = 3 LIMIT 1[0m  [["category_id", 3], ["LIMIT", 1]]
  [1m[36mSubCategory Load (0.4ms)[0m  [1m[34mSELECT  `sub_categories`.* FROM `sub_categories` WHERE `sub_categories`.`sub_category_id` = 3 LIMIT 1[0m
  [1m[36mCACHE (0.0ms)[0m  [1m[34mSELECT  `categories`.* FROM `categories` WHERE `categories`.`category_id` = 3 LIMIT 1[0m  [["category_id", 3], ["LIMIT", 1]]
  [1m[36mSubCategory Load (0.4ms)[0m  [1m[34mSELECT  `sub_categories`.* FROM `sub_categories` WHERE `sub_categories`.`sub_category_id` = 2 LIMIT 1[0m
  Rendered items/index.html.erb within layouts/standard (49.7ms)
Completed 200 OK in 70ms (Views: 61.7ms | ActiveRecord: 7.0ms)


Started GET "/sellers/login" for 127.0.0.1 at 2017-05-20 00:01:35 +0530
Processing by SellersController#login as HTML
  Rendering sellers/login.html.erb within layouts/standard
  Rendered sellers/login.html.erb within layouts/standard (1.8ms)
Completed 200 OK in 21ms (Views: 19.4ms | ActiveRecord: 0.0ms)


Started POST "/sellers/loggedin" for 127.0.0.1 at 2017-05-20 00:01:44 +0530
Processing by SellersController#loggedin as HTML
  Parameters: {"utf8"=>"✓", "authenticity_token"=>"yXutnRBoBkNfWKpW5aYyk+XIqmN96/KwOhMFArZ5slDNWqGOUZDwVVPkiG2pkMEEU38Gt36rR8FujUo7zmo8ug==", "sellers"=>{"seller_id"=>"someone", "password"=>"[FILTERED]"}, "commit"=>"Login"}
  [1m[36mSeller Load (0.6ms)[0m  [1m[34mSELECT  `sellers`.* FROM `sellers` WHERE (LOWER(seller_id) = 'someone') LIMIT 1[0m
  [1m[36mSeller Load (0.5ms)[0m  [1m[34mSELECT  `sellers`.* FROM `sellers` WHERE `sellers`.`seller_id` = 'someone' LIMIT 1[0m
Redirected to http://localhost:3000/items
Completed 302 Found in 92ms (ActiveRecord: 1.0ms)


Started GET "/items" for 127.0.0.1 at 2017-05-20 00:01:44 +0530
Processing by ItemsController#index as HTML
  Rendering items/index.html.erb within layouts/standard
  [1m[36mItem Load (0.6ms)[0m  [1m[34mSELECT `items`.* FROM `items`[0m
  [1m[36mCategory Load (0.5ms)[0m  [1m[34mSELECT  `categories`.* FROM `categories` WHERE `categories`.`category_id` = 1 LIMIT 1[0m
  [1m[36mSubCategory Load (0.5ms)[0m  [1m[34mSELECT  `sub_categories`.* FROM `sub_categories` WHERE `sub_categories`.`sub_category_id` = 1 LIMIT 1[0m
  [1m[36mCACHE (0.0ms)[0m  [1m[34mSELECT  `categories`.* FROM `categories` WHERE `categories`.`category_id` = 1 LIMIT 1[0m  [["category_id", 1], ["LIMIT", 1]]
  [1m[36mCACHE (0.0ms)[0m  [1m[34mSELECT  `sub_categories`.* FROM `sub_categories` WHERE `sub_categories`.`sub_category_id` = 1 LIMIT 1[0m  [["sub_category_id", 1], ["LIMIT", 1]]
  [1m[36mCategory Load (0.4ms)[0m  [1m[34mSELECT  `categories`.* FROM `categories` WHERE `categories`.`category_id` = 3 LIMIT 1[0m
  [1m[36mSubCategory Load (0.3ms)[0m  [1m[34mSELECT  `sub_categories`.* FROM `sub_categories` WHERE `sub_categories`.`sub_category_id` = 9 LIMIT 1[0m
  [1m[36mCACHE (0.0ms)[0m  [1m[34mSELECT  `categories`.* FROM `categories` WHERE `categories`.`category_id` = 3 LIMIT 1[0m  [["category_id", 3], ["LIMIT", 1]]
  [1m[36mCACHE (0.0ms)[0m  [1m[34mSELECT  `sub_categories`.* FROM `sub_categories` WHERE `sub_categories`.`sub_category_id` = 9 LIMIT 1[0m  [["sub_category_id", 9], ["LIMIT", 1]]
  [1m[36mCACHE (0.0ms)[0m  [1m[34mSELECT  `categories`.* FROM `categories` WHERE `categories`.`category_id` = 3 LIMIT 1[0m  [["category_id", 3], ["LIMIT", 1]]
  [1m[36mSubCategory Load (0.5ms)[0m  [1m[34mSELECT  `sub_categories`.* FROM `sub_categories` WHERE `sub_categories`.`sub_category_id` = 3 LIMIT 1[0m
  [1m[36mCACHE (0.0ms)[0m  [1m[34mSELECT  `categories`.* FROM `categories` WHERE `categories`.`category_id` = 3 LIMIT 1[0m  [["category_id", 3], ["LIMIT", 1]]
  [1m[36mSubCategory Load (0.4ms)[0m  [1m[34mSELECT  `sub_categories`.* FROM `sub_categories` WHERE `sub_categories`.`sub_category_id` = 2 LIMIT 1[0m
  Rendered items/index.html.erb within layouts/standard (20.0ms)
Completed 200 OK in 55ms (Views: 49.2ms | ActiveRecord: 3.5ms)


Started GET "/items" for 127.0.0.1 at 2017-05-20 00:02:48 +0530
Processing by ItemsController#index as HTML
  Rendering items/index.html.erb within layouts/standard
  [1m[36mItem Load (0.5ms)[0m  [1m[34mSELECT `items`.* FROM `items`[0m
  [1m[36mCategory Load (0.7ms)[0m  [1m[34mSELECT  `categories`.* FROM `categories` WHERE `categories`.`category_id` = 1 LIMIT 1[0m
  [1m[36mSubCategory Load (0.5ms)[0m  [1m[34mSELECT  `sub_categories`.* FROM `sub_categories` WHERE `sub_categories`.`sub_category_id` = 1 LIMIT 1[0m
  [1m[36mCACHE (0.0ms)[0m  [1m[34mSELECT  `categories`.* FROM `categories` WHERE `categories`.`category_id` = 1 LIMIT 1[0m  [["category_id", 1], ["LIMIT", 1]]
  [1m[36mCACHE (0.0ms)[0m  [1m[34mSELECT  `sub_categories`.* FROM `sub_categories` WHERE `sub_categories`.`sub_category_id` = 1 LIMIT 1[0m  [["sub_category_id", 1], ["LIMIT", 1]]
  [1m[36mCategory Load (0.4ms)[0m  [1m[34mSELECT  `categories`.* FROM `categories` WHERE `categories`.`category_id` = 3 LIMIT 1[0m
  [1m[36mSubCategory Load (0.3ms)[0m  [1m[34mSELECT  `sub_categories`.* FROM `sub_categories` WHERE `sub_categories`.`sub_category_id` = 9 LIMIT 1[0m
  [1m[36mCACHE (0.0ms)[0m  [1m[34mSELECT  `categories`.* FROM `categories` WHERE `categories`.`category_id` = 3 LIMIT 1[0m  [["category_id", 3], ["LIMIT", 1]]
  [1m[36mCACHE (0.0ms)[0m  [1m[34mSELECT  `sub_categories`.* FROM `sub_categories` WHERE `sub_categories`.`sub_category_id` = 9 LIMIT 1[0m  [["sub_category_id", 9], ["LIMIT", 1]]
  [1m[36mCACHE (0.0ms)[0m  [1m[34mSELECT  `categories`.* FROM `categories` WHERE `categories`.`category_id` = 3 LIMIT 1[0m  [["category_id", 3], ["LIMIT", 1]]
  [1m[36mSubCategory Load (0.4ms)[0m  [1m[34mSELECT  `sub_categories`.* FROM `sub_categories` WHERE `sub_categories`.`sub_category_id` = 3 LIMIT 1[0m
  [1m[36mCACHE (0.0ms)[0m  [1m[34mSELECT  `categories`.* FROM `categories` WHERE `categories`.`category_id` = 3 LIMIT 1[0m  [["category_id", 3], ["LIMIT", 1]]
  [1m[36mSubCategory Load (0.4ms)[0m  [1m[34mSELECT  `sub_categories`.* FROM `sub_categories` WHERE `sub_categories`.`sub_category_id` = 2 LIMIT 1[0m
  Rendered items/index.html.erb within layouts/standard (41.6ms)
Completed 200 OK in 74ms (Views: 55.3ms | ActiveRecord: 3.3ms)


Started GET "/sellers/login" for 127.0.0.1 at 2017-05-20 00:02:51 +0530
Processing by SellersController#login as HTML
  Rendering sellers/login.html.erb within layouts/standard
  Rendered sellers/login.html.erb within layouts/standard (3.0ms)
Completed 200 OK in 53ms (Views: 32.1ms | ActiveRecord: 1.9ms)


Started POST "/sellers/loggedin" for 127.0.0.1 at 2017-05-20 00:02:58 +0530
Processing by SellersController#loggedin as HTML
  Parameters: {"utf8"=>"✓", "authenticity_token"=>"mtjhrIHP6FVji7XDzaoUiCOHq3OeYUS4mQksAwW5wNue+e2/wDceQ283l/iBnOcflTAHp50h8cnNl2M6fapOMQ==", "sellers"=>{"seller_id"=>"someone", "password"=>"[FILTERED]"}, "commit"=>"Login"}
  [1m[36mSeller Load (0.5ms)[0m  [1m[34mSELECT  `sellers`.* FROM `sellers` WHERE (LOWER(seller_id) = 'someone') LIMIT 1[0m
  [1m[36mSeller Load (0.8ms)[0m  [1m[34mSELECT  `sellers`.* FROM `sellers` WHERE `sellers`.`id` = 'someone' LIMIT 1[0m
Completed 500 Internal Server Error in 92ms (ActiveRecord: 1.3ms)


  
ActiveRecord::StatementInvalid (Mysql2::Error: Unknown column 'sellers.id' in 'where clause': SELECT  `sellers`.* FROM `sellers` WHERE `sellers`.`id` = 'someone' LIMIT 1):
  
app/controllers/application_controller.rb:13:in `current_account_seller'
app/controllers/sellers_controller.rb:51:in `loggedin'
  Rendering /home/usman/.rbenv/versions/2.4.0/lib/ruby/gems/2.4.0/gems/actionpack-5.0.3/lib/action_dispatch/middleware/templates/rescues/diagnostics.html.erb within rescues/layout
  Rendering /home/usman/.rbenv/versions/2.4.0/lib/ruby/gems/2.4.0/gems/actionpack-5.0.3/lib/action_dispatch/middleware/templates/rescues/_source.html.erb
  Rendered /home/usman/.rbenv/versions/2.4.0/lib/ruby/gems/2.4.0/gems/actionpack-5.0.3/lib/action_dispatch/middleware/templates/rescues/_source.html.erb (6.4ms)
  Rendering /home/usman/.rbenv/versions/2.4.0/lib/ruby/gems/2.4.0/gems/actionpack-5.0.3/lib/action_dispatch/middleware/templates/rescues/_trace.html.erb
  Rendered /home/usman/.rbenv/versions/2.4.0/lib/ruby/gems/2.4.0/gems/actionpack-5.0.3/lib/action_dispatch/middleware/templates/rescues/_trace.html.erb (2.6ms)
  Rendering /home/usman/.rbenv/versions/2.4.0/lib/ruby/gems/2.4.0/gems/actionpack-5.0.3/lib/action_dispatch/middleware/templates/rescues/_request_and_response.html.erb
  Rendered /home/usman/.rbenv/versions/2.4.0/lib/ruby/gems/2.4.0/gems/actionpack-5.0.3/lib/action_dispatch/middleware/templates/rescues/_request_and_response.html.erb (1.9ms)
  Rendered /home/usman/.rbenv/versions/2.4.0/lib/ruby/gems/2.4.0/gems/actionpack-5.0.3/lib/action_dispatch/middleware/templates/rescues/diagnostics.html.erb within rescues/layout (31.4ms)
Started GET "/sellers/login" for 127.0.0.1 at 2017-05-20 00:08:09 +0530
Processing by SellersController#login as HTML
  Rendering sellers/login.html.erb within layouts/standard
  Rendered sellers/login.html.erb within layouts/standard (2.2ms)
Completed 200 OK in 40ms (Views: 18.1ms | ActiveRecord: 2.5ms)


Started POST "/sellers/loggedin" for 127.0.0.1 at 2017-05-20 00:08:19 +0530
Processing by SellersController#loggedin as HTML
  Parameters: {"utf8"=>"✓", "authenticity_token"=>"V1JvhwikrZHIoDnBrTf9mrpkzvlek3teOQBf2yQgaaocx7AyPDmnTev2SrOPyuOUIHY/2Avp4xqp7BN6qVllkw==", "sellers"=>{"seller_id"=>"someone", "password"=>"[FILTERED]"}, "commit"=>"Login"}
  [1m[36mSeller Load (0.6ms)[0m  [1m[34mSELECT  `sellers`.* FROM `sellers` WHERE (LOWER(seller_id) = 'someone') LIMIT 1[0m
Redirected to http://localhost:3000/items
Completed 302 Found in 92ms (ActiveRecord: 0.6ms)


Started GET "/items" for 127.0.0.1 at 2017-05-20 00:08:19 +0530
Processing by ItemsController#index as HTML
  Rendering items/index.html.erb within layouts/standard
  [1m[36mSeller Load (0.8ms)[0m  [1m[34mSELECT  `sellers`.* FROM `sellers` WHERE `sellers`.`id` = 'someone' LIMIT 1[0m
  Rendered items/index.html.erb within layouts/standard (4.3ms)
Completed 500 Internal Server Error in 16ms (ActiveRecord: 0.8ms)


  
ActionView::Template::Error (Mysql2::Error: Unknown column 'sellers.id' in 'where clause': SELECT  `sellers`.* FROM `sellers` WHERE `sellers`.`id` = 'someone' LIMIT 1):
    1: <nav>
    2:         <% if account_seller_signed_in? %>
    3:             <li><%= link_to 'log in', sellers_login_path %></li>
    4:         <% else %>
    5:             <p><%= @current_account.seller_id %></p>
  
app/controllers/application_controller.rb:13:in `current_account_seller'
app/controllers/application_controller.rb:17:in `account_seller_signed_in?'
app/views/items/index.html.erb:2:in `_app_views_items_index_html_erb___3618665232372846233_70295744801520'
  Rendering /home/usman/.rbenv/versions/2.4.0/lib/ruby/gems/2.4.0/gems/actionpack-5.0.3/lib/action_dispatch/middleware/templates/rescues/template_error.html.erb within rescues/layout
  Rendering /home/usman/.rbenv/versions/2.4.0/lib/ruby/gems/2.4.0/gems/actionpack-5.0.3/lib/action_dispatch/middleware/templates/rescues/_source.html.erb
  Rendered /home/usman/.rbenv/versions/2.4.0/lib/ruby/gems/2.4.0/gems/actionpack-5.0.3/lib/action_dispatch/middleware/templates/rescues/_source.html.erb (8.8ms)
  Rendering /home/usman/.rbenv/versions/2.4.0/lib/ruby/gems/2.4.0/gems/actionpack-5.0.3/lib/action_dispatch/middleware/templates/rescues/_trace.html.erb
  Rendered /home/usman/.rbenv/versions/2.4.0/lib/ruby/gems/2.4.0/gems/actionpack-5.0.3/lib/action_dispatch/middleware/templates/rescues/_trace.html.erb (3.3ms)
  Rendering /home/usman/.rbenv/versions/2.4.0/lib/ruby/gems/2.4.0/gems/actionpack-5.0.3/lib/action_dispatch/middleware/templates/rescues/_request_and_response.html.erb
  Rendered /home/usman/.rbenv/versions/2.4.0/lib/ruby/gems/2.4.0/gems/actionpack-5.0.3/lib/action_dispatch/middleware/templates/rescues/_request_and_response.html.erb (1.1ms)
  Rendered /home/usman/.rbenv/versions/2.4.0/lib/ruby/gems/2.4.0/gems/actionpack-5.0.3/lib/action_dispatch/middleware/templates/rescues/template_error.html.erb within rescues/layout (34.7ms)
Started GET "/items" for 127.0.0.1 at 2017-05-20 00:08:35 +0530
Processing by ItemsController#index as HTML
  Rendering items/index.html.erb within layouts/standard
  [1m[36mSeller Load (0.9ms)[0m  [1m[34mSELECT  `sellers`.* FROM `sellers` WHERE `sellers`.`id` = 'someone' LIMIT 1[0m
  Rendered items/index.html.erb within layouts/standard (4.7ms)
Completed 500 Internal Server Error in 8ms (ActiveRecord: 0.9ms)


  
ActionView::Template::Error (Mysql2::Error: Unknown column 'sellers.id' in 'where clause': SELECT  `sellers`.* FROM `sellers` WHERE `sellers`.`id` = 'someone' LIMIT 1):
    1: <nav>
    2:         <% if account_seller_signed_in? %>
    3:             <li><%= link_to 'log in', sellers_login_path %></li>
    4:         <% else %>
    5:             <p><%= @current_account.seller_id %></p>
  
app/controllers/application_controller.rb:13:in `current_account_seller'
app/controllers/application_controller.rb:17:in `account_seller_signed_in?'
app/views/items/index.html.erb:2:in `_app_views_items_index_html_erb___3618665232372846233_70295736309860'
  Rendering /home/usman/.rbenv/versions/2.4.0/lib/ruby/gems/2.4.0/gems/actionpack-5.0.3/lib/action_dispatch/middleware/templates/rescues/template_error.html.erb within rescues/layout
  Rendering /home/usman/.rbenv/versions/2.4.0/lib/ruby/gems/2.4.0/gems/actionpack-5.0.3/lib/action_dispatch/middleware/templates/rescues/_source.html.erb
  Rendered /home/usman/.rbenv/versions/2.4.0/lib/ruby/gems/2.4.0/gems/actionpack-5.0.3/lib/action_dispatch/middleware/templates/rescues/_source.html.erb (9.1ms)
  Rendering /home/usman/.rbenv/versions/2.4.0/lib/ruby/gems/2.4.0/gems/actionpack-5.0.3/lib/action_dispatch/middleware/templates/rescues/_trace.html.erb
  Rendered /home/usman/.rbenv/versions/2.4.0/lib/ruby/gems/2.4.0/gems/actionpack-5.0.3/lib/action_dispatch/middleware/templates/rescues/_trace.html.erb (3.5ms)
  Rendering /home/usman/.rbenv/versions/2.4.0/lib/ruby/gems/2.4.0/gems/actionpack-5.0.3/lib/action_dispatch/middleware/templates/rescues/_request_and_response.html.erb
  Rendered /home/usman/.rbenv/versions/2.4.0/lib/ruby/gems/2.4.0/gems/actionpack-5.0.3/lib/action_dispatch/middleware/templates/rescues/_request_and_response.html.erb (1.4ms)
  Rendered /home/usman/.rbenv/versions/2.4.0/lib/ruby/gems/2.4.0/gems/actionpack-5.0.3/lib/action_dispatch/middleware/templates/rescues/template_error.html.erb within rescues/layout (36.5ms)
Started GET "/items" for 127.0.0.1 at 2017-05-20 00:08:37 +0530
Processing by ItemsController#index as HTML
  Rendering items/index.html.erb within layouts/standard
  [1m[36mSeller Load (1.0ms)[0m  [1m[34mSELECT  `sellers`.* FROM `sellers` WHERE `sellers`.`id` = 'someone' LIMIT 1[0m
  Rendered items/index.html.erb within layouts/standard (5.0ms)
Completed 500 Internal Server Error in 8ms (ActiveRecord: 1.0ms)


  
ActionView::Template::Error (Mysql2::Error: Unknown column 'sellers.id' in 'where clause': SELECT  `sellers`.* FROM `sellers` WHERE `sellers`.`id` = 'someone' LIMIT 1):
    1: <nav>
    2:         <% if account_seller_signed_in? %>
    3:             <li><%= link_to 'log in', sellers_login_path %></li>
    4:         <% else %>
    5:             <p><%= @current_account.seller_id %></p>
  
app/controllers/application_controller.rb:13:in `current_account_seller'
app/controllers/application_controller.rb:17:in `account_seller_signed_in?'
app/views/items/index.html.erb:2:in `_app_views_items_index_html_erb___3618665232372846233_70295743354000'
  Rendering /home/usman/.rbenv/versions/2.4.0/lib/ruby/gems/2.4.0/gems/actionpack-5.0.3/lib/action_dispatch/middleware/templates/rescues/template_error.html.erb within rescues/layout
  Rendering /home/usman/.rbenv/versions/2.4.0/lib/ruby/gems/2.4.0/gems/actionpack-5.0.3/lib/action_dispatch/middleware/templates/rescues/_source.html.erb
  Rendered /home/usman/.rbenv/versions/2.4.0/lib/ruby/gems/2.4.0/gems/actionpack-5.0.3/lib/action_dispatch/middleware/templates/rescues/_source.html.erb (8.8ms)
  Rendering /home/usman/.rbenv/versions/2.4.0/lib/ruby/gems/2.4.0/gems/actionpack-5.0.3/lib/action_dispatch/middleware/templates/rescues/_trace.html.erb
  Rendered /home/usman/.rbenv/versions/2.4.0/lib/ruby/gems/2.4.0/gems/actionpack-5.0.3/lib/action_dispatch/middleware/templates/rescues/_trace.html.erb (3.3ms)
  Rendering /home/usman/.rbenv/versions/2.4.0/lib/ruby/gems/2.4.0/gems/actionpack-5.0.3/lib/action_dispatch/middleware/templates/rescues/_request_and_response.html.erb
  Rendered /home/usman/.rbenv/versions/2.4.0/lib/ruby/gems/2.4.0/gems/actionpack-5.0.3/lib/action_dispatch/middleware/templates/rescues/_request_and_response.html.erb (1.3ms)
  Rendered /home/usman/.rbenv/versions/2.4.0/lib/ruby/gems/2.4.0/gems/actionpack-5.0.3/lib/action_dispatch/middleware/templates/rescues/template_error.html.erb within rescues/layout (33.6ms)
Started GET "/items" for 127.0.0.1 at 2017-05-20 00:08:38 +0530
Processing by ItemsController#index as HTML
  Rendering items/index.html.erb within layouts/standard
  [1m[36mSeller Load (1.0ms)[0m  [1m[34mSELECT  `sellers`.* FROM `sellers` WHERE `sellers`.`id` = 'someone' LIMIT 1[0m
  Rendered items/index.html.erb within layouts/standard (4.7ms)
Completed 500 Internal Server Error in 7ms (ActiveRecord: 1.0ms)


  
ActionView::Template::Error (Mysql2::Error: Unknown column 'sellers.id' in 'where clause': SELECT  `sellers`.* FROM `sellers` WHERE `sellers`.`id` = 'someone' LIMIT 1):
    1: <nav>
    2:         <% if account_seller_signed_in? %>
    3:             <li><%= link_to 'log in', sellers_login_path %></li>
    4:         <% else %>
    5:             <p><%= @current_account.seller_id %></p>
  
app/controllers/application_controller.rb:13:in `current_account_seller'
app/controllers/application_controller.rb:17:in `account_seller_signed_in?'
app/views/items/index.html.erb:2:in `_app_views_items_index_html_erb___3618665232372846233_70295736716020'
  Rendering /home/usman/.rbenv/versions/2.4.0/lib/ruby/gems/2.4.0/gems/actionpack-5.0.3/lib/action_dispatch/middleware/templates/rescues/template_error.html.erb within rescues/layout
  Rendering /home/usman/.rbenv/versions/2.4.0/lib/ruby/gems/2.4.0/gems/actionpack-5.0.3/lib/action_dispatch/middleware/templates/rescues/_source.html.erb
  Rendered /home/usman/.rbenv/versions/2.4.0/lib/ruby/gems/2.4.0/gems/actionpack-5.0.3/lib/action_dispatch/middleware/templates/rescues/_source.html.erb (8.7ms)
  Rendering /home/usman/.rbenv/versions/2.4.0/lib/ruby/gems/2.4.0/gems/actionpack-5.0.3/lib/action_dispatch/middleware/templates/rescues/_trace.html.erb
  Rendered /home/usman/.rbenv/versions/2.4.0/lib/ruby/gems/2.4.0/gems/actionpack-5.0.3/lib/action_dispatch/middleware/templates/rescues/_trace.html.erb (3.4ms)
  Rendering /home/usman/.rbenv/versions/2.4.0/lib/ruby/gems/2.4.0/gems/actionpack-5.0.3/lib/action_dispatch/middleware/templates/rescues/_request_and_response.html.erb
  Rendered /home/usman/.rbenv/versions/2.4.0/lib/ruby/gems/2.4.0/gems/actionpack-5.0.3/lib/action_dispatch/middleware/templates/rescues/_request_and_response.html.erb (1.4ms)
  Rendered /home/usman/.rbenv/versions/2.4.0/lib/ruby/gems/2.4.0/gems/actionpack-5.0.3/lib/action_dispatch/middleware/templates/rescues/template_error.html.erb within rescues/layout (34.8ms)
Started GET "/sellers/login" for 127.0.0.1 at 2017-05-20 00:08:44 +0530
Processing by SellersController#login as HTML
  Rendering sellers/login.html.erb within layouts/standard
  Rendered sellers/login.html.erb within layouts/standard (2.0ms)
Completed 200 OK in 23ms (Views: 20.9ms | ActiveRecord: 0.0ms)


Started POST "/sellers/loggedin" for 127.0.0.1 at 2017-05-20 00:08:51 +0530
Processing by SellersController#loggedin as HTML
  Parameters: {"utf8"=>"✓", "authenticity_token"=>"eyIVt+xX1Tj83ekxdrPv+pM56cRXNng7cJ6QeRuUskowt8oC2Mrf5N+LmkNUTvH0CSsY5QJM4H/gctzYlu2+cw==", "sellers"=>{"seller_id"=>"someone", "password"=>"[FILTERED]"}, "commit"=>"Login"}
  [1m[36mSeller Load (0.6ms)[0m  [1m[34mSELECT  `sellers`.* FROM `sellers` WHERE (LOWER(seller_id) = 'someone') LIMIT 1[0m
Redirected to http://localhost:3000/items
Completed 302 Found in 96ms (ActiveRecord: 0.6ms)


Started GET "/items" for 127.0.0.1 at 2017-05-20 00:08:51 +0530
Processing by ItemsController#index as HTML
  Rendering items/index.html.erb within layouts/standard
  [1m[36mSeller Load (0.8ms)[0m  [1m[34mSELECT  `sellers`.* FROM `sellers` WHERE `sellers`.`id` = 'someone' LIMIT 1[0m
  Rendered items/index.html.erb within layouts/standard (4.4ms)
Completed 500 Internal Server Error in 8ms (ActiveRecord: 0.8ms)


  
ActionView::Template::Error (Mysql2::Error: Unknown column 'sellers.id' in 'where clause': SELECT  `sellers`.* FROM `sellers` WHERE `sellers`.`id` = 'someone' LIMIT 1):
    1: <nav>
    2:         <% if account_seller_signed_in? %>
    3:             <li><%= link_to 'log in', sellers_login_path %></li>
    4:         <% else %>
    5:             <p><%= @current_account.seller_id %></p>
  
app/controllers/application_controller.rb:13:in `current_account_seller'
app/controllers/application_controller.rb:17:in `account_seller_signed_in?'
app/views/items/index.html.erb:2:in `_app_views_items_index_html_erb___3618665232372846233_70295743507540'
  Rendering /home/usman/.rbenv/versions/2.4.0/lib/ruby/gems/2.4.0/gems/actionpack-5.0.3/lib/action_dispatch/middleware/templates/rescues/template_error.html.erb within rescues/layout
  Rendering /home/usman/.rbenv/versions/2.4.0/lib/ruby/gems/2.4.0/gems/actionpack-5.0.3/lib/action_dispatch/middleware/templates/rescues/_source.html.erb
  Rendered /home/usman/.rbenv/versions/2.4.0/lib/ruby/gems/2.4.0/gems/actionpack-5.0.3/lib/action_dispatch/middleware/templates/rescues/_source.html.erb (8.3ms)
  Rendering /home/usman/.rbenv/versions/2.4.0/lib/ruby/gems/2.4.0/gems/actionpack-5.0.3/lib/action_dispatch/middleware/templates/rescues/_trace.html.erb
  Rendered /home/usman/.rbenv/versions/2.4.0/lib/ruby/gems/2.4.0/gems/actionpack-5.0.3/lib/action_dispatch/middleware/templates/rescues/_trace.html.erb (3.4ms)
  Rendering /home/usman/.rbenv/versions/2.4.0/lib/ruby/gems/2.4.0/gems/actionpack-5.0.3/lib/action_dispatch/middleware/templates/rescues/_request_and_response.html.erb
  Rendered /home/usman/.rbenv/versions/2.4.0/lib/ruby/gems/2.4.0/gems/actionpack-5.0.3/lib/action_dispatch/middleware/templates/rescues/_request_and_response.html.erb (1.3ms)
  Rendered /home/usman/.rbenv/versions/2.4.0/lib/ruby/gems/2.4.0/gems/actionpack-5.0.3/lib/action_dispatch/middleware/templates/rescues/template_error.html.erb within rescues/layout (33.4ms)
Started GET "/items" for 127.0.0.1 at 2017-05-20 00:10:19 +0530
Processing by ItemsController#index as HTML
  Rendering items/index.html.erb within layouts/standard
  [1m[36mSeller Load (0.4ms)[0m  [1m[34mSELECT  `sellers`.* FROM `sellers` WHERE `sellers`.`seller_id` = 'someone' LIMIT 1[0m
  [1m[36mItem Load (0.4ms)[0m  [1m[34mSELECT `items`.* FROM `items`[0m
  [1m[36mCategory Load (0.3ms)[0m  [1m[34mSELECT  `categories`.* FROM `categories` WHERE `categories`.`category_id` = 1 LIMIT 1[0m
  [1m[36mSubCategory Load (0.3ms)[0m  [1m[34mSELECT  `sub_categories`.* FROM `sub_categories` WHERE `sub_categories`.`sub_category_id` = 1 LIMIT 1[0m
  [1m[36mCACHE (0.0ms)[0m  [1m[34mSELECT  `categories`.* FROM `categories` WHERE `categories`.`category_id` = 1 LIMIT 1[0m  [["category_id", 1], ["LIMIT", 1]]
  [1m[36mCACHE (0.0ms)[0m  [1m[34mSELECT  `sub_categories`.* FROM `sub_categories` WHERE `sub_categories`.`sub_category_id` = 1 LIMIT 1[0m  [["sub_category_id", 1], ["LIMIT", 1]]
  [1m[36mCategory Load (0.4ms)[0m  [1m[34mSELECT  `categories`.* FROM `categories` WHERE `categories`.`category_id` = 3 LIMIT 1[0m
  [1m[36mSubCategory Load (0.3ms)[0m  [1m[34mSELECT  `sub_categories`.* FROM `sub_categories` WHERE `sub_categories`.`sub_category_id` = 9 LIMIT 1[0m
  [1m[36mCACHE (0.0ms)[0m  [1m[34mSELECT  `categories`.* FROM `categories` WHERE `categories`.`category_id` = 3 LIMIT 1[0m  [["category_id", 3], ["LIMIT", 1]]
  [1m[36mCACHE (0.0ms)[0m  [1m[34mSELECT  `sub_categories`.* FROM `sub_categories` WHERE `sub_categories`.`sub_category_id` = 9 LIMIT 1[0m  [["sub_category_id", 9], ["LIMIT", 1]]
  [1m[36mCACHE (0.0ms)[0m  [1m[34mSELECT  `categories`.* FROM `categories` WHERE `categories`.`category_id` = 3 LIMIT 1[0m  [["category_id", 3], ["LIMIT", 1]]
  [1m[36mSubCategory Load (0.4ms)[0m  [1m[34mSELECT  `sub_categories`.* FROM `sub_categories` WHERE `sub_categories`.`sub_category_id` = 3 LIMIT 1[0m
  [1m[36mCACHE (0.0ms)[0m  [1m[34mSELECT  `categories`.* FROM `categories` WHERE `categories`.`category_id` = 3 LIMIT 1[0m  [["category_id", 3], ["LIMIT", 1]]
  [1m[36mSubCategory Load (0.4ms)[0m  [1m[34mSELECT  `sub_categories`.* FROM `sub_categories` WHERE `sub_categories`.`sub_category_id` = 2 LIMIT 1[0m
  Rendered items/index.html.erb within layouts/standard (50.6ms)
Completed 200 OK in 82ms (Views: 62.0ms | ActiveRecord: 6.4ms)


Started GET "/sellers/login" for 127.0.0.1 at 2017-05-20 00:10:21 +0530
Processing by SellersController#login as HTML
  Rendering sellers/login.html.erb within layouts/standard
  Rendered sellers/login.html.erb within layouts/standard (2.2ms)
Completed 200 OK in 28ms (Views: 26.5ms | ActiveRecord: 0.0ms)


Started POST "/sellers/loggedin" for 127.0.0.1 at 2017-05-20 00:10:28 +0530
Processing by SellersController#loggedin as HTML
  Parameters: {"utf8"=>"✓", "authenticity_token"=>"AFtnsl7dZuFAzGUqowWvzu9/+zWW7shC+Xj3lUf4LNIEemuhHyWQ90xwRxHvM1xZWchX4ZWufTOt5risP+uiOA==", "sellers"=>{"seller_id"=>"someone", "password"=>"[FILTERED]"}, "commit"=>"Login"}
  [1m[36mSeller Load (0.5ms)[0m  [1m[34mSELECT  `sellers`.* FROM `sellers` WHERE (LOWER(seller_id) = 'someone') LIMIT 1[0m
  [1m[36mSeller Load (0.6ms)[0m  [1m[34mSELECT  `sellers`.* FROM `sellers` WHERE `sellers`.`seller_id` = 'someone' LIMIT 1[0m
Redirected to http://localhost:3000/items
Completed 302 Found in 97ms (ActiveRecord: 1.1ms)


Started GET "/items" for 127.0.0.1 at 2017-05-20 00:10:28 +0530
Processing by ItemsController#index as HTML
  Rendering items/index.html.erb within layouts/standard
  [1m[36mSeller Load (0.5ms)[0m  [1m[34mSELECT  `sellers`.* FROM `sellers` WHERE `sellers`.`seller_id` = 'someone' LIMIT 1[0m
  [1m[36mItem Load (0.4ms)[0m  [1m[34mSELECT `items`.* FROM `items`[0m
  [1m[36mCategory Load (0.3ms)[0m  [1m[34mSELECT  `categories`.* FROM `categories` WHERE `categories`.`category_id` = 1 LIMIT 1[0m
  [1m[36mSubCategory Load (0.4ms)[0m  [1m[34mSELECT  `sub_categories`.* FROM `sub_categories` WHERE `sub_categories`.`sub_category_id` = 1 LIMIT 1[0m
  [1m[36mCACHE (0.0ms)[0m  [1m[34mSELECT  `categories`.* FROM `categories` WHERE `categories`.`category_id` = 1 LIMIT 1[0m  [["category_id", 1], ["LIMIT", 1]]
  [1m[36mCACHE (0.0ms)[0m  [1m[34mSELECT  `sub_categories`.* FROM `sub_categories` WHERE `sub_categories`.`sub_category_id` = 1 LIMIT 1[0m  [["sub_category_id", 1], ["LIMIT", 1]]
  [1m[36mCategory Load (0.5ms)[0m  [1m[34mSELECT  `categories`.* FROM `categories` WHERE `categories`.`category_id` = 3 LIMIT 1[0m
  [1m[36mSubCategory Load (0.3ms)[0m  [1m[34mSELECT  `sub_categories`.* FROM `sub_categories` WHERE `sub_categories`.`sub_category_id` = 9 LIMIT 1[0m
  [1m[36mCACHE (0.0ms)[0m  [1m[34mSELECT  `categories`.* FROM `categories` WHERE `categories`.`category_id` = 3 LIMIT 1[0m  [["category_id", 3], ["LIMIT", 1]]
  [1m[36mCACHE (0.0ms)[0m  [1m[34mSELECT  `sub_categories`.* FROM `sub_categories` WHERE `sub_categories`.`sub_category_id` = 9 LIMIT 1[0m  [["sub_category_id", 9], ["LIMIT", 1]]
  [1m[36mCACHE (0.0ms)[0m  [1m[34mSELECT  `categories`.* FROM `categories` WHERE `categories`.`category_id` = 3 LIMIT 1[0m  [["category_id", 3], ["LIMIT", 1]]
  [1m[36mSubCategory Load (0.5ms)[0m  [1m[34mSELECT  `sub_categories`.* FROM `sub_categories` WHERE `sub_categories`.`sub_category_id` = 3 LIMIT 1[0m
  [1m[36mCACHE (0.0ms)[0m  [1m[34mSELECT  `categories`.* FROM `categories` WHERE `categories`.`category_id` = 3 LIMIT 1[0m  [["category_id", 3], ["LIMIT", 1]]
  [1m[36mSubCategory Load (0.4ms)[0m  [1m[34mSELECT  `sub_categories`.* FROM `sub_categories` WHERE `sub_categories`.`sub_category_id` = 2 LIMIT 1[0m
  Rendered items/index.html.erb within layouts/standard (18.4ms)
Completed 200 OK in 38ms (Views: 33.0ms | ActiveRecord: 3.4ms)


Started GET "/items" for 127.0.0.1 at 2017-05-20 00:12:13 +0530
Processing by ItemsController#index as HTML
  Rendering items/index.html.erb within layouts/standard
  [1m[36mSeller Load (0.4ms)[0m  [1m[34mSELECT  `sellers`.* FROM `sellers` WHERE `sellers`.`seller_id` = 'someone' LIMIT 1[0m
  Rendered items/index.html.erb within layouts/standard (5.2ms)
Completed 500 Internal Server Error in 8ms (ActiveRecord: 0.4ms)


  
ActionView::Template::Error (undefined method `seller_id' for nil:NilClass):
    1: <nav>
    2:         <% if account_seller_signed_in? %>
    3:           <p><%= @current_account.seller_id %></p>
    4:         <% else %>
    5:           <li><%= link_to 'log in', sellers_login_path %></li>
    6:         <% end %>
  
app/views/items/index.html.erb:3:in `_app_views_items_index_html_erb___3618665232372846233_70295737639440'
  Rendering /home/usman/.rbenv/versions/2.4.0/lib/ruby/gems/2.4.0/gems/actionpack-5.0.3/lib/action_dispatch/middleware/templates/rescues/template_error.html.erb within rescues/layout
  Rendering /home/usman/.rbenv/versions/2.4.0/lib/ruby/gems/2.4.0/gems/actionpack-5.0.3/lib/action_dispatch/middleware/templates/rescues/_source.html.erb
  Rendered /home/usman/.rbenv/versions/2.4.0/lib/ruby/gems/2.4.0/gems/actionpack-5.0.3/lib/action_dispatch/middleware/templates/rescues/_source.html.erb (7.1ms)
  Rendering /home/usman/.rbenv/versions/2.4.0/lib/ruby/gems/2.4.0/gems/actionpack-5.0.3/lib/action_dispatch/middleware/templates/rescues/_trace.html.erb
  Rendered /home/usman/.rbenv/versions/2.4.0/lib/ruby/gems/2.4.0/gems/actionpack-5.0.3/lib/action_dispatch/middleware/templates/rescues/_trace.html.erb (2.7ms)
  Rendering /home/usman/.rbenv/versions/2.4.0/lib/ruby/gems/2.4.0/gems/actionpack-5.0.3/lib/action_dispatch/middleware/templates/rescues/_request_and_response.html.erb
  Rendered /home/usman/.rbenv/versions/2.4.0/lib/ruby/gems/2.4.0/gems/actionpack-5.0.3/lib/action_dispatch/middleware/templates/rescues/_request_and_response.html.erb (1.2ms)
  Rendered /home/usman/.rbenv/versions/2.4.0/lib/ruby/gems/2.4.0/gems/actionpack-5.0.3/lib/action_dispatch/middleware/templates/rescues/template_error.html.erb within rescues/layout (30.2ms)
Started GET "/items" for 127.0.0.1 at 2017-05-20 00:13:12 +0530
Processing by ItemsController#index as HTML
  Rendering items/index.html.erb within layouts/standard
  [1m[36mSeller Load (0.6ms)[0m  [1m[34mSELECT  `sellers`.* FROM `sellers` WHERE `sellers`.`seller_id` = 'someone' LIMIT 1[0m
  [1m[36mItem Load (0.4ms)[0m  [1m[34mSELECT `items`.* FROM `items`[0m
  [1m[36mCategory Load (0.4ms)[0m  [1m[34mSELECT  `categories`.* FROM `categories` WHERE `categories`.`category_id` = 1 LIMIT 1[0m
  [1m[36mSubCategory Load (0.4ms)[0m  [1m[34mSELECT  `sub_categories`.* FROM `sub_categories` WHERE `sub_categories`.`sub_category_id` = 1 LIMIT 1[0m
  [1m[36mCACHE (0.0ms)[0m  [1m[34mSELECT  `categories`.* FROM `categories` WHERE `categories`.`category_id` = 1 LIMIT 1[0m  [["category_id", 1], ["LIMIT", 1]]
  [1m[36mCACHE (0.0ms)[0m  [1m[34mSELECT  `sub_categories`.* FROM `sub_categories` WHERE `sub_categories`.`sub_category_id` = 1 LIMIT 1[0m  [["sub_category_id", 1], ["LIMIT", 1]]
  [1m[36mCategory Load (0.5ms)[0m  [1m[34mSELECT  `categories`.* FROM `categories` WHERE `categories`.`category_id` = 3 LIMIT 1[0m
  [1m[36mSubCategory Load (0.8ms)[0m  [1m[34mSELECT  `sub_categories`.* FROM `sub_categories` WHERE `sub_categories`.`sub_category_id` = 9 LIMIT 1[0m
  [1m[36mCACHE (0.0ms)[0m  [1m[34mSELECT  `categories`.* FROM `categories` WHERE `categories`.`category_id` = 3 LIMIT 1[0m  [["category_id", 3], ["LIMIT", 1]]
  [1m[36mCACHE (0.0ms)[0m  [1m[34mSELECT  `sub_categories`.* FROM `sub_categories` WHERE `sub_categories`.`sub_category_id` = 9 LIMIT 1[0m  [["sub_category_id", 9], ["LIMIT", 1]]
  [1m[36mCACHE (0.0ms)[0m  [1m[34mSELECT  `categories`.* FROM `categories` WHERE `categories`.`category_id` = 3 LIMIT 1[0m  [["category_id", 3], ["LIMIT", 1]]
  [1m[36mSubCategory Load (0.4ms)[0m  [1m[34mSELECT  `sub_categories`.* FROM `sub_categories` WHERE `sub_categories`.`sub_category_id` = 3 LIMIT 1[0m
  [1m[36mCACHE (0.0ms)[0m  [1m[34mSELECT  `categories`.* FROM `categories` WHERE `categories`.`category_id` = 3 LIMIT 1[0m  [["category_id", 3], ["LIMIT", 1]]
  [1m[36mSubCategory Load (0.4ms)[0m  [1m[34mSELECT  `sub_categories`.* FROM `sub_categories` WHERE `sub_categories`.`sub_category_id` = 2 LIMIT 1[0m
  Rendered items/index.html.erb within layouts/standard (17.0ms)
Completed 200 OK in 45ms (Views: 38.9ms | ActiveRecord: 4.2ms)


Started GET "/login" for 127.0.0.1 at 2017-05-20 00:20:24 +0530
  
ActionController::RoutingError (No route matches [GET] "/login"):
  
actionpack (5.0.3) lib/action_dispatch/middleware/debug_exceptions.rb:53:in `call'
web-console (3.5.1) lib/web_console/middleware.rb:135:in `call_app'
web-console (3.5.1) lib/web_console/middleware.rb:28:in `block in call'
web-console (3.5.1) lib/web_console/middleware.rb:18:in `catch'
web-console (3.5.1) lib/web_console/middleware.rb:18:in `call'
actionpack (5.0.3) lib/action_dispatch/middleware/show_exceptions.rb:31:in `call'
railties (5.0.3) lib/rails/rack/logger.rb:36:in `call_app'
railties (5.0.3) lib/rails/rack/logger.rb:24:in `block in call'
activesupport (5.0.3) lib/active_support/tagged_logging.rb:69:in `block in tagged'
activesupport (5.0.3) lib/active_support/tagged_logging.rb:26:in `tagged'
activesupport (5.0.3) lib/active_support/tagged_logging.rb:69:in `tagged'
railties (5.0.3) lib/rails/rack/logger.rb:24:in `call'
sprockets-rails (3.2.0) lib/sprockets/rails/quiet_assets.rb:13:in `call'
actionpack (5.0.3) lib/action_dispatch/middleware/request_id.rb:24:in `call'
rack (2.0.3) lib/rack/method_override.rb:22:in `call'
rack (2.0.3) lib/rack/runtime.rb:22:in `call'
activesupport (5.0.3) lib/active_support/cache/strategy/local_cache_middleware.rb:28:in `call'
actionpack (5.0.3) lib/action_dispatch/middleware/executor.rb:12:in `call'
actionpack (5.0.3) lib/action_dispatch/middleware/static.rb:136:in `call'
rack (2.0.3) lib/rack/sendfile.rb:111:in `call'
railties (5.0.3) lib/rails/engine.rb:522:in `call'
puma (3.8.2) lib/puma/configuration.rb:224:in `call'
puma (3.8.2) lib/puma/server.rb:600:in `handle_request'
puma (3.8.2) lib/puma/server.rb:435:in `process_client'
puma (3.8.2) lib/puma/server.rb:299:in `block in run'
puma (3.8.2) lib/puma/thread_pool.rb:120:in `block in spawn_thread'
  Rendering /home/usman/.rbenv/versions/2.4.0/lib/ruby/gems/2.4.0/gems/actionpack-5.0.3/lib/action_dispatch/middleware/templates/rescues/routing_error.html.erb within rescues/layout
  Rendering /home/usman/.rbenv/versions/2.4.0/lib/ruby/gems/2.4.0/gems/actionpack-5.0.3/lib/action_dispatch/middleware/templates/rescues/_trace.html.erb
  Rendered /home/usman/.rbenv/versions/2.4.0/lib/ruby/gems/2.4.0/gems/actionpack-5.0.3/lib/action_dispatch/middleware/templates/rescues/_trace.html.erb (1.7ms)
  Rendered collection of /home/usman/.rbenv/versions/2.4.0/lib/ruby/gems/2.4.0/gems/actionpack-5.0.3/lib/action_dispatch/middleware/templates/routes/_route.html.erb [26 times] (9.6ms)
  Rendered /home/usman/.rbenv/versions/2.4.0/lib/ruby/gems/2.4.0/gems/actionpack-5.0.3/lib/action_dispatch/middleware/templates/routes/_table.html.erb (1.8ms)
  Rendering /home/usman/.rbenv/versions/2.4.0/lib/ruby/gems/2.4.0/gems/actionpack-5.0.3/lib/action_dispatch/middleware/templates/rescues/_request_and_response.html.erb
  Rendered /home/usman/.rbenv/versions/2.4.0/lib/ruby/gems/2.4.0/gems/actionpack-5.0.3/lib/action_dispatch/middleware/templates/rescues/_request_and_response.html.erb (1.8ms)
  Rendered /home/usman/.rbenv/versions/2.4.0/lib/ruby/gems/2.4.0/gems/actionpack-5.0.3/lib/action_dispatch/middleware/templates/rescues/routing_error.html.erb within rescues/layout (45.9ms)
Started GET "/sellers/login" for 127.0.0.1 at 2017-05-20 00:20:36 +0530
Processing by SellersController#login as HTML
  Rendering sellers/login.html.erb within layouts/standard
  Rendered sellers/login.html.erb within layouts/standard (2.1ms)
Completed 200 OK in 32ms (Views: 29.7ms | ActiveRecord: 0.0ms)


Started POST "/sellers/loggedin" for 127.0.0.1 at 2017-05-20 00:20:43 +0530
Processing by SellersController#loggedin as HTML
  Parameters: {"utf8"=>"✓", "authenticity_token"=>"Vq0DpPv4A44AigT6PCZ2z9VWKDswz37CQNLt6X2ePHwdONwRz2UJUiPcd4ge22jBT0TZGmW15obQPqFI8OcwRQ==", "sellers"=>{"seller_id"=>"usman", "password"=>"[FILTERED]"}, "commit"=>"Login"}
  [1m[36mSeller Load (0.6ms)[0m  [1m[34mSELECT  `sellers`.* FROM `sellers` WHERE (LOWER(seller_id) = 'usman') LIMIT 1[0m
No template found for SellersController#loggedin, rendering head :no_content
Completed 204 No Content in 111ms (ActiveRecord: 0.6ms)


Started GET "/sellers/login" for 127.0.0.1 at 2017-05-20 00:20:52 +0530
Processing by SellersController#login as HTML
  Rendering sellers/login.html.erb within layouts/standard
  Rendered sellers/login.html.erb within layouts/standard (2.0ms)
Completed 200 OK in 25ms (Views: 23.4ms | ActiveRecord: 0.0ms)


Started POST "/sellers/loggedin" for 127.0.0.1 at 2017-05-20 00:20:57 +0530
Processing by SellersController#loggedin as HTML
  Parameters: {"utf8"=>"✓", "authenticity_token"=>"UOWhIlOvJAtvtMt2AqMjw4lLHMFwzAgXoESD97Czyq8bcH6XZzIu10ziuAQgXj3NE1nt4CW2kFMwqM9WPcrGlg==", "sellers"=>{"seller_id"=>"usman", "password"=>"[FILTERED]"}, "commit"=>"Login"}
  [1m[36mSeller Load (0.5ms)[0m  [1m[34mSELECT  `sellers`.* FROM `sellers` WHERE (LOWER(seller_id) = 'usman') LIMIT 1[0m
No template found for SellersController#loggedin, rendering head :no_content
Completed 204 No Content in 107ms (ActiveRecord: 0.5ms)


Started GET "/sellers" for 127.0.0.1 at 2017-05-20 00:21:07 +0530
Processing by SellersController#index as HTML
  Rendering sellers/index.html.erb within layouts/standard
  [1m[36mSeller Load (0.5ms)[0m  [1m[34mSELECT `sellers`.* FROM `sellers`[0m
  Rendered sellers/index.html.erb within layouts/standard (4.5ms)
Completed 200 OK in 43ms (Views: 41.2ms | ActiveRecord: 0.5ms)


Started GET "/sellers/new" for 127.0.0.1 at 2017-05-20 00:21:10 +0530
Processing by SellersController#new as HTML
  Rendering sellers/new.html.erb within layouts/standard
  Rendered sellers/_form.html.erb (86.8ms)
  Rendered sellers/new.html.erb within layouts/standard (137.3ms)
Completed 200 OK in 161ms (Views: 158.7ms | ActiveRecord: 0.0ms)


Started POST "/sellers" for 127.0.0.1 at 2017-05-20 00:21:26 +0530
Processing by SellersController#create as HTML
  Parameters: {"utf8"=>"✓", "authenticity_token"=>"FSU2f+b0zLsn77/sNBU9/nbGGBU2tSPEUGTUOWpz7C0COh5uvQjifBYu0YFHhybhqBp1TPJHyeZjslu2BCYRHQ==", "seller"=>{"seller_id"=>"tushar", "organization"=>"", "password"=>"[FILTERED]"}, "commit"=>"Create Seller"}
  [1m[35m (0.2ms)[0m  [1m[35mBEGIN[0m
  [1m[35mSQL (22.5ms)[0m  [1m[32mINSERT INTO `sellers` (`seller_id`, `organization`, `password_digest`) VALUES ('tushar', '', '$2a$10$te7SUmoIjRiw7zpl7BpZV.x2ke1W4RpNDmHjEmMyOHWDnkDF4RM4C')[0m
  [1m[35m (89.6ms)[0m  [1m[35mCOMMIT[0m
Redirected to http://localhost:3000/sellers/tushar
Completed 302 Found in 204ms (ActiveRecord: 112.4ms)


Started GET "/sellers/tushar" for 127.0.0.1 at 2017-05-20 00:21:26 +0530
Processing by SellersController#show as HTML
  Parameters: {"id"=>"tushar"}
  [1m[36mSeller Load (0.6ms)[0m  [1m[34mSELECT  `sellers`.* FROM `sellers` WHERE `sellers`.`seller_id` = 'tushar' LIMIT 1[0m
  Rendering sellers/show.html.erb within layouts/standard
  Rendered sellers/show.html.erb within layouts/standard (1.1ms)
Completed 200 OK in 39ms (Views: 21.3ms | ActiveRecord: 0.6ms)


Started GET "/sellers" for 127.0.0.1 at 2017-05-20 00:21:29 +0530
Processing by SellersController#index as HTML
  Rendering sellers/index.html.erb within layouts/standard
  [1m[36mSeller Load (0.6ms)[0m  [1m[34mSELECT `sellers`.* FROM `sellers`[0m
  Rendered sellers/index.html.erb within layouts/standard (5.2ms)
Completed 200 OK in 33ms (Views: 31.1ms | ActiveRecord: 0.6ms)


Started GET "/sellers/login" for 127.0.0.1 at 2017-05-20 00:21:37 +0530
Processing by SellersController#login as HTML
  Rendering sellers/login.html.erb within layouts/standard
  Rendered sellers/login.html.erb within layouts/standard (2.4ms)
Completed 200 OK in 33ms (Views: 30.6ms | ActiveRecord: 0.0ms)


Started POST "/sellers/loggedin" for 127.0.0.1 at 2017-05-20 00:21:45 +0530
Processing by SellersController#loggedin as HTML
  Parameters: {"utf8"=>"✓", "authenticity_token"=>"N8NChba1f7tjWmAROtva0uoqB/mZg5fGBuWRz8oMam58Vp0wgih1Z0AME2MYJsTccDj22Mz5D4KWCd1uR3VmVw==", "sellers"=>{"seller_id"=>"tushar", "password"=>"[FILTERED]"}, "commit"=>"Login"}
  [1m[36mSeller Load (0.6ms)[0m  [1m[34mSELECT  `sellers`.* FROM `sellers` WHERE (LOWER(seller_id) = 'tushar') LIMIT 1[0m
  [1m[36mSeller Load (0.4ms)[0m  [1m[34mSELECT  `sellers`.* FROM `sellers` WHERE `sellers`.`seller_id` = 'tushar' LIMIT 1[0m
Redirected to http://localhost:3000/items
Completed 302 Found in 93ms (ActiveRecord: 1.0ms)


Started GET "/items" for 127.0.0.1 at 2017-05-20 00:21:45 +0530
Processing by ItemsController#index as HTML
  Rendering items/index.html.erb within layouts/standard
  [1m[36mSeller Load (0.5ms)[0m  [1m[34mSELECT  `sellers`.* FROM `sellers` WHERE `sellers`.`seller_id` = 'tushar' LIMIT 1[0m
  [1m[36mItem Load (0.4ms)[0m  [1m[34mSELECT `items`.* FROM `items`[0m
  [1m[36mCategory Load (0.4ms)[0m  [1m[34mSELECT  `categories`.* FROM `categories` WHERE `categories`.`category_id` = 1 LIMIT 1[0m
  [1m[36mSubCategory Load (0.5ms)[0m  [1m[34mSELECT  `sub_categories`.* FROM `sub_categories` WHERE `sub_categories`.`sub_category_id` = 1 LIMIT 1[0m
  [1m[36mCACHE (0.0ms)[0m  [1m[34mSELECT  `categories`.* FROM `categories` WHERE `categories`.`category_id` = 1 LIMIT 1[0m  [["category_id", 1], ["LIMIT", 1]]
  [1m[36mCACHE (0.0ms)[0m  [1m[34mSELECT  `sub_categories`.* FROM `sub_categories` WHERE `sub_categories`.`sub_category_id` = 1 LIMIT 1[0m  [["sub_category_id", 1], ["LIMIT", 1]]
  [1m[36mCategory Load (0.5ms)[0m  [1m[34mSELECT  `categories`.* FROM `categories` WHERE `categories`.`category_id` = 3 LIMIT 1[0m
  [1m[36mSubCategory Load (0.4ms)[0m  [1m[34mSELECT  `sub_categories`.* FROM `sub_categories` WHERE `sub_categories`.`sub_category_id` = 9 LIMIT 1[0m
  [1m[36mCACHE (0.0ms)[0m  [1m[34mSELECT  `categories`.* FROM `categories` WHERE `categories`.`category_id` = 3 LIMIT 1[0m  [["category_id", 3], ["LIMIT", 1]]
  [1m[36mCACHE (0.0ms)[0m  [1m[34mSELECT  `sub_categories`.* FROM `sub_categories` WHERE `sub_categories`.`sub_category_id` = 9 LIMIT 1[0m  [["sub_category_id", 9], ["LIMIT", 1]]
  [1m[36mCACHE (0.0ms)[0m  [1m[34mSELECT  `categories`.* FROM `categories` WHERE `categories`.`category_id` = 3 LIMIT 1[0m  [["category_id", 3], ["LIMIT", 1]]
  [1m[36mSubCategory Load (0.6ms)[0m  [1m[34mSELECT  `sub_categories`.* FROM `sub_categories` WHERE `sub_categories`.`sub_category_id` = 3 LIMIT 1[0m
  [1m[36mCACHE (0.0ms)[0m  [1m[34mSELECT  `categories`.* FROM `categories` WHERE `categories`.`category_id` = 3 LIMIT 1[0m  [["category_id", 3], ["LIMIT", 1]]
  [1m[36mSubCategory Load (0.5ms)[0m  [1m[34mSELECT  `sub_categories`.* FROM `sub_categories` WHERE `sub_categories`.`sub_category_id` = 2 LIMIT 1[0m
  Rendered items/index.html.erb within layouts/standard (19.5ms)
Completed 200 OK in 46ms (Views: 40.4ms | ActiveRecord: 4.0ms)


Started GET "/sellers/destroy" for 127.0.0.1 at 2017-05-20 00:24:14 +0530
Processing by SellersController#show as HTML
  Parameters: {"id"=>"destroy"}
  [1m[36mSeller Load (0.5ms)[0m  [1m[34mSELECT  `sellers`.* FROM `sellers` WHERE `sellers`.`seller_id` = 'destroy' LIMIT 1[0m
Completed 404 Not Found in 2ms (ActiveRecord: 0.5ms)


  
ActiveRecord::RecordNotFound (Couldn't find Seller with 'seller_id'=destroy):
  
app/controllers/sellers_controller.rb:83:in `set_seller'
  Rendering /home/usman/.rbenv/versions/2.4.0/lib/ruby/gems/2.4.0/gems/actionpack-5.0.3/lib/action_dispatch/middleware/templates/rescues/diagnostics.html.erb within rescues/layout
  Rendering /home/usman/.rbenv/versions/2.4.0/lib/ruby/gems/2.4.0/gems/actionpack-5.0.3/lib/action_dispatch/middleware/templates/rescues/_source.html.erb
  Rendered /home/usman/.rbenv/versions/2.4.0/lib/ruby/gems/2.4.0/gems/actionpack-5.0.3/lib/action_dispatch/middleware/templates/rescues/_source.html.erb (10.2ms)
  Rendering /home/usman/.rbenv/versions/2.4.0/lib/ruby/gems/2.4.0/gems/actionpack-5.0.3/lib/action_dispatch/middleware/templates/rescues/_trace.html.erb
  Rendered /home/usman/.rbenv/versions/2.4.0/lib/ruby/gems/2.4.0/gems/actionpack-5.0.3/lib/action_dispatch/middleware/templates/rescues/_trace.html.erb (6.9ms)
  Rendering /home/usman/.rbenv/versions/2.4.0/lib/ruby/gems/2.4.0/gems/actionpack-5.0.3/lib/action_dispatch/middleware/templates/rescues/_request_and_response.html.erb
  Rendered /home/usman/.rbenv/versions/2.4.0/lib/ruby/gems/2.4.0/gems/actionpack-5.0.3/lib/action_dispatch/middleware/templates/rescues/_request_and_response.html.erb (3.1ms)
  Rendered /home/usman/.rbenv/versions/2.4.0/lib/ruby/gems/2.4.0/gems/actionpack-5.0.3/lib/action_dispatch/middleware/templates/rescues/diagnostics.html.erb within rescues/layout (42.2ms)
Started GET "/sellers/logout" for 127.0.0.1 at 2017-05-20 00:26:25 +0530
Processing by SellersController#show as HTML
  Parameters: {"id"=>"logout"}
  [1m[36mSeller Load (0.4ms)[0m  [1m[34mSELECT  `sellers`.* FROM `sellers` WHERE `sellers`.`seller_id` = 'logout' LIMIT 1[0m
Completed 404 Not Found in 14ms (ActiveRecord: 0.4ms)


  
ActiveRecord::RecordNotFound (Couldn't find Seller with 'seller_id'=logout):
  
app/controllers/sellers_controller.rb:88:in `set_seller'
  Rendering /home/usman/.rbenv/versions/2.4.0/lib/ruby/gems/2.4.0/gems/actionpack-5.0.3/lib/action_dispatch/middleware/templates/rescues/diagnostics.html.erb within rescues/layout
  Rendering /home/usman/.rbenv/versions/2.4.0/lib/ruby/gems/2.4.0/gems/actionpack-5.0.3/lib/action_dispatch/middleware/templates/rescues/_source.html.erb
  Rendered /home/usman/.rbenv/versions/2.4.0/lib/ruby/gems/2.4.0/gems/actionpack-5.0.3/lib/action_dispatch/middleware/templates/rescues/_source.html.erb (4.7ms)
  Rendering /home/usman/.rbenv/versions/2.4.0/lib/ruby/gems/2.4.0/gems/actionpack-5.0.3/lib/action_dispatch/middleware/templates/rescues/_trace.html.erb
  Rendered /home/usman/.rbenv/versions/2.4.0/lib/ruby/gems/2.4.0/gems/actionpack-5.0.3/lib/action_dispatch/middleware/templates/rescues/_trace.html.erb (2.4ms)
  Rendering /home/usman/.rbenv/versions/2.4.0/lib/ruby/gems/2.4.0/gems/actionpack-5.0.3/lib/action_dispatch/middleware/templates/rescues/_request_and_response.html.erb
  Rendered /home/usman/.rbenv/versions/2.4.0/lib/ruby/gems/2.4.0/gems/actionpack-5.0.3/lib/action_dispatch/middleware/templates/rescues/_request_and_response.html.erb (1.3ms)
  Rendered /home/usman/.rbenv/versions/2.4.0/lib/ruby/gems/2.4.0/gems/actionpack-5.0.3/lib/action_dispatch/middleware/templates/rescues/diagnostics.html.erb within rescues/layout (28.4ms)
Started GET "/sellers/logout" for 127.0.0.1 at 2017-05-20 00:27:30 +0530
Processing by SellersController#show as HTML
  Parameters: {"id"=>"logout"}
  [1m[36mSeller Load (0.5ms)[0m  [1m[34mSELECT  `sellers`.* FROM `sellers` WHERE `sellers`.`seller_id` = 'logout' LIMIT 1[0m
Completed 404 Not Found in 2ms (ActiveRecord: 0.5ms)


  
ActiveRecord::RecordNotFound (Couldn't find Seller with 'seller_id'=logout):
  
app/controllers/sellers_controller.rb:88:in `set_seller'
  Rendering /home/usman/.rbenv/versions/2.4.0/lib/ruby/gems/2.4.0/gems/actionpack-5.0.3/lib/action_dispatch/middleware/templates/rescues/diagnostics.html.erb within rescues/layout
  Rendering /home/usman/.rbenv/versions/2.4.0/lib/ruby/gems/2.4.0/gems/actionpack-5.0.3/lib/action_dispatch/middleware/templates/rescues/_source.html.erb
  Rendered /home/usman/.rbenv/versions/2.4.0/lib/ruby/gems/2.4.0/gems/actionpack-5.0.3/lib/action_dispatch/middleware/templates/rescues/_source.html.erb (5.0ms)
  Rendering /home/usman/.rbenv/versions/2.4.0/lib/ruby/gems/2.4.0/gems/actionpack-5.0.3/lib/action_dispatch/middleware/templates/rescues/_trace.html.erb
  Rendered /home/usman/.rbenv/versions/2.4.0/lib/ruby/gems/2.4.0/gems/actionpack-5.0.3/lib/action_dispatch/middleware/templates/rescues/_trace.html.erb (2.6ms)
  Rendering /home/usman/.rbenv/versions/2.4.0/lib/ruby/gems/2.4.0/gems/actionpack-5.0.3/lib/action_dispatch/middleware/templates/rescues/_request_and_response.html.erb
  Rendered /home/usman/.rbenv/versions/2.4.0/lib/ruby/gems/2.4.0/gems/actionpack-5.0.3/lib/action_dispatch/middleware/templates/rescues/_request_and_response.html.erb (1.5ms)
  Rendered /home/usman/.rbenv/versions/2.4.0/lib/ruby/gems/2.4.0/gems/actionpack-5.0.3/lib/action_dispatch/middleware/templates/rescues/diagnostics.html.erb within rescues/layout (30.3ms)
Started GET "/sellers/logout" for 127.0.0.1 at 2017-05-20 00:31:22 +0530
Processing by SellersController#show as HTML
  Parameters: {"id"=>"logout"}
  [1m[36mSeller Load (0.5ms)[0m  [1m[34mSELECT  `sellers`.* FROM `sellers` WHERE `sellers`.`seller_id` = 'logout' LIMIT 1[0m
Completed 404 Not Found in 2ms (ActiveRecord: 0.5ms)


  
ActiveRecord::RecordNotFound (Couldn't find Seller with 'seller_id'=logout):
  
app/controllers/sellers_controller.rb:88:in `set_seller'
  Rendering /home/usman/.rbenv/versions/2.4.0/lib/ruby/gems/2.4.0/gems/actionpack-5.0.3/lib/action_dispatch/middleware/templates/rescues/diagnostics.html.erb within rescues/layout
  Rendering /home/usman/.rbenv/versions/2.4.0/lib/ruby/gems/2.4.0/gems/actionpack-5.0.3/lib/action_dispatch/middleware/templates/rescues/_source.html.erb
  Rendered /home/usman/.rbenv/versions/2.4.0/lib/ruby/gems/2.4.0/gems/actionpack-5.0.3/lib/action_dispatch/middleware/templates/rescues/_source.html.erb (7.6ms)
  Rendering /home/usman/.rbenv/versions/2.4.0/lib/ruby/gems/2.4.0/gems/actionpack-5.0.3/lib/action_dispatch/middleware/templates/rescues/_trace.html.erb
  Rendered /home/usman/.rbenv/versions/2.4.0/lib/ruby/gems/2.4.0/gems/actionpack-5.0.3/lib/action_dispatch/middleware/templates/rescues/_trace.html.erb (3.0ms)
  Rendering /home/usman/.rbenv/versions/2.4.0/lib/ruby/gems/2.4.0/gems/actionpack-5.0.3/lib/action_dispatch/middleware/templates/rescues/_request_and_response.html.erb
  Rendered /home/usman/.rbenv/versions/2.4.0/lib/ruby/gems/2.4.0/gems/actionpack-5.0.3/lib/action_dispatch/middleware/templates/rescues/_request_and_response.html.erb (1.5ms)
  Rendered /home/usman/.rbenv/versions/2.4.0/lib/ruby/gems/2.4.0/gems/actionpack-5.0.3/lib/action_dispatch/middleware/templates/rescues/diagnostics.html.erb within rescues/layout (34.4ms)
Started GET "/sellers/logout" for 127.0.0.1 at 2017-05-20 00:32:02 +0530
Processing by SellersController#show as HTML
  Parameters: {"id"=>"logout"}
  [1m[36mSeller Load (1.5ms)[0m  [1m[34mSELECT  `sellers`.* FROM `sellers` WHERE `sellers`.`seller_id` = NULL LIMIT 1[0m
Completed 404 Not Found in 21ms (ActiveRecord: 1.5ms)


  
ActiveRecord::RecordNotFound (Couldn't find Seller with 'seller_id'=):
  
app/controllers/sellers_controller.rb:88:in `set_seller'
  Rendering /home/usman/.rbenv/versions/2.4.0/lib/ruby/gems/2.4.0/gems/actionpack-5.0.3/lib/action_dispatch/middleware/templates/rescues/diagnostics.html.erb within rescues/layout
  Rendering /home/usman/.rbenv/versions/2.4.0/lib/ruby/gems/2.4.0/gems/actionpack-5.0.3/lib/action_dispatch/middleware/templates/rescues/_source.html.erb
  Rendered /home/usman/.rbenv/versions/2.4.0/lib/ruby/gems/2.4.0/gems/actionpack-5.0.3/lib/action_dispatch/middleware/templates/rescues/_source.html.erb (5.1ms)
  Rendering /home/usman/.rbenv/versions/2.4.0/lib/ruby/gems/2.4.0/gems/actionpack-5.0.3/lib/action_dispatch/middleware/templates/rescues/_trace.html.erb
  Rendered /home/usman/.rbenv/versions/2.4.0/lib/ruby/gems/2.4.0/gems/actionpack-5.0.3/lib/action_dispatch/middleware/templates/rescues/_trace.html.erb (3.2ms)
  Rendering /home/usman/.rbenv/versions/2.4.0/lib/ruby/gems/2.4.0/gems/actionpack-5.0.3/lib/action_dispatch/middleware/templates/rescues/_request_and_response.html.erb
  Rendered /home/usman/.rbenv/versions/2.4.0/lib/ruby/gems/2.4.0/gems/actionpack-5.0.3/lib/action_dispatch/middleware/templates/rescues/_request_and_response.html.erb (1.5ms)
  Rendered /home/usman/.rbenv/versions/2.4.0/lib/ruby/gems/2.4.0/gems/actionpack-5.0.3/lib/action_dispatch/middleware/templates/rescues/diagnostics.html.erb within rescues/layout (29.3ms)
Started GET "/sellers/logout" for 127.0.0.1 at 2017-05-20 00:34:19 +0530
Processing by SellersController#logout as HTML
Redirected to http://localhost:3000/sellers/login
Completed 302 Found in 2ms (ActiveRecord: 0.0ms)


Started GET "/sellers/login" for 127.0.0.1 at 2017-05-20 00:34:20 +0530
Processing by SellersController#login as HTML
  Rendering sellers/login.html.erb within layouts/standard
  Rendered sellers/login.html.erb within layouts/standard (2.3ms)
Completed 200 OK in 43ms (Views: 21.5ms | ActiveRecord: 2.5ms)


Started GET "/sellers/items" for 127.0.0.1 at 2017-05-20 00:34:30 +0530
Processing by SellersController#show as HTML
  Parameters: {"id"=>"items"}
  [1m[36mSeller Load (0.8ms)[0m  [1m[34mSELECT  `sellers`.* FROM `sellers` WHERE `sellers`.`seller_id` = 'items' LIMIT 1[0m
Completed 404 Not Found in 4ms (ActiveRecord: 0.8ms)


  
ActiveRecord::RecordNotFound (Couldn't find Seller with 'seller_id'=items):
  
app/controllers/sellers_controller.rb:88:in `set_seller'
  Rendering /home/usman/.rbenv/versions/2.4.0/lib/ruby/gems/2.4.0/gems/actionpack-5.0.3/lib/action_dispatch/middleware/templates/rescues/diagnostics.html.erb within rescues/layout
  Rendering /home/usman/.rbenv/versions/2.4.0/lib/ruby/gems/2.4.0/gems/actionpack-5.0.3/lib/action_dispatch/middleware/templates/rescues/_source.html.erb
  Rendered /home/usman/.rbenv/versions/2.4.0/lib/ruby/gems/2.4.0/gems/actionpack-5.0.3/lib/action_dispatch/middleware/templates/rescues/_source.html.erb (25.6ms)
  Rendering /home/usman/.rbenv/versions/2.4.0/lib/ruby/gems/2.4.0/gems/actionpack-5.0.3/lib/action_dispatch/middleware/templates/rescues/_trace.html.erb
  Rendered /home/usman/.rbenv/versions/2.4.0/lib/ruby/gems/2.4.0/gems/actionpack-5.0.3/lib/action_dispatch/middleware/templates/rescues/_trace.html.erb (2.8ms)
  Rendering /home/usman/.rbenv/versions/2.4.0/lib/ruby/gems/2.4.0/gems/actionpack-5.0.3/lib/action_dispatch/middleware/templates/rescues/_request_and_response.html.erb
  Rendered /home/usman/.rbenv/versions/2.4.0/lib/ruby/gems/2.4.0/gems/actionpack-5.0.3/lib/action_dispatch/middleware/templates/rescues/_request_and_response.html.erb (1.8ms)
  Rendered /home/usman/.rbenv/versions/2.4.0/lib/ruby/gems/2.4.0/gems/actionpack-5.0.3/lib/action_dispatch/middleware/templates/rescues/diagnostics.html.erb within rescues/layout (54.2ms)
Started GET "/items" for 127.0.0.1 at 2017-05-20 00:34:41 +0530
Processing by ItemsController#index as HTML
  Rendering items/index.html.erb within layouts/standard
  [1m[36mSeller Load (0.4ms)[0m  [1m[34mSELECT  `sellers`.* FROM `sellers` WHERE `sellers`.`seller_id` IS NULL LIMIT 1[0m
  [1m[36mItem Load (0.5ms)[0m  [1m[34mSELECT `items`.* FROM `items`[0m
  [1m[36mCategory Load (0.5ms)[0m  [1m[34mSELECT  `categories`.* FROM `categories` WHERE `categories`.`category_id` = 1 LIMIT 1[0m
  [1m[36mSubCategory Load (0.5ms)[0m  [1m[34mSELECT  `sub_categories`.* FROM `sub_categories` WHERE `sub_categories`.`sub_category_id` = 1 LIMIT 1[0m
  [1m[36mCACHE (0.0ms)[0m  [1m[34mSELECT  `categories`.* FROM `categories` WHERE `categories`.`category_id` = 1 LIMIT 1[0m  [["category_id", 1], ["LIMIT", 1]]
  [1m[36mCACHE (0.0ms)[0m  [1m[34mSELECT  `sub_categories`.* FROM `sub_categories` WHERE `sub_categories`.`sub_category_id` = 1 LIMIT 1[0m  [["sub_category_id", 1], ["LIMIT", 1]]
  [1m[36mCategory Load (0.5ms)[0m  [1m[34mSELECT  `categories`.* FROM `categories` WHERE `categories`.`category_id` = 3 LIMIT 1[0m
  [1m[36mSubCategory Load (0.5ms)[0m  [1m[34mSELECT  `sub_categories`.* FROM `sub_categories` WHERE `sub_categories`.`sub_category_id` = 9 LIMIT 1[0m
  [1m[36mCACHE (0.0ms)[0m  [1m[34mSELECT  `categories`.* FROM `categories` WHERE `categories`.`category_id` = 3 LIMIT 1[0m  [["category_id", 3], ["LIMIT", 1]]
  [1m[36mCACHE (0.0ms)[0m  [1m[34mSELECT  `sub_categories`.* FROM `sub_categories` WHERE `sub_categories`.`sub_category_id` = 9 LIMIT 1[0m  [["sub_category_id", 9], ["LIMIT", 1]]
  [1m[36mCACHE (0.0ms)[0m  [1m[34mSELECT  `categories`.* FROM `categories` WHERE `categories`.`category_id` = 3 LIMIT 1[0m  [["category_id", 3], ["LIMIT", 1]]
  [1m[36mSubCategory Load (0.5ms)[0m  [1m[34mSELECT  `sub_categories`.* FROM `sub_categories` WHERE `sub_categories`.`sub_category_id` = 3 LIMIT 1[0m
  [1m[36mCACHE (0.0ms)[0m  [1m[34mSELECT  `categories`.* FROM `categories` WHERE `categories`.`category_id` = 3 LIMIT 1[0m  [["category_id", 3], ["LIMIT", 1]]
  [1m[36mSubCategory Load (0.5ms)[0m  [1m[34mSELECT  `sub_categories`.* FROM `sub_categories` WHERE `sub_categories`.`sub_category_id` = 2 LIMIT 1[0m
  Rendered items/index.html.erb within layouts/standard (56.5ms)
Completed 200 OK in 97ms (Views: 79.3ms | ActiveRecord: 4.3ms)


Started GET "/sellers/login" for 127.0.0.1 at 2017-05-20 00:35:32 +0530
Processing by SellersController#login as HTML
  Rendering sellers/login.html.erb within layouts/standard
  Rendered sellers/login.html.erb within layouts/standard (2.1ms)
Completed 200 OK in 29ms (Views: 27.1ms | ActiveRecord: 0.0ms)


Started POST "/sellers/loggedin" for 127.0.0.1 at 2017-05-20 00:35:42 +0530
Processing by SellersController#loggedin as HTML
  Parameters: {"utf8"=>"✓", "authenticity_token"=>"3RtGtdwq8J8YgEMGWx4oviyueeYYOp/bz1J83C13+lbZOkqmndIGiRQ8YT0XKNspmhnVMht6KqqbzDPlVWR0vA==", "sellers"=>{"seller_id"=>"someone", "password"=>"[FILTERED]"}, "commit"=>"Login"}
  [1m[36mSeller Load (0.6ms)[0m  [1m[34mSELECT  `sellers`.* FROM `sellers` WHERE (LOWER(seller_id) = 'someone') LIMIT 1[0m
  [1m[36mSeller Load (0.4ms)[0m  [1m[34mSELECT  `sellers`.* FROM `sellers` WHERE `sellers`.`seller_id` = 'someone' LIMIT 1[0m
Redirected to http://localhost:3000/items
Completed 302 Found in 97ms (ActiveRecord: 1.0ms)


Started GET "/items" for 127.0.0.1 at 2017-05-20 00:35:42 +0530
Processing by ItemsController#index as HTML
  Rendering items/index.html.erb within layouts/standard
  [1m[36mSeller Load (0.5ms)[0m  [1m[34mSELECT  `sellers`.* FROM `sellers` WHERE `sellers`.`seller_id` = 'someone' LIMIT 1[0m
  [1m[36mItem Load (0.5ms)[0m  [1m[34mSELECT `items`.* FROM `items`[0m
  [1m[36mCategory Load (0.5ms)[0m  [1m[34mSELECT  `categories`.* FROM `categories` WHERE `categories`.`category_id` = 1 LIMIT 1[0m
  [1m[36mSubCategory Load (0.4ms)[0m  [1m[34mSELECT  `sub_categories`.* FROM `sub_categories` WHERE `sub_categories`.`sub_category_id` = 1 LIMIT 1[0m
  [1m[36mCACHE (0.0ms)[0m  [1m[34mSELECT  `categories`.* FROM `categories` WHERE `categories`.`category_id` = 1 LIMIT 1[0m  [["category_id", 1], ["LIMIT", 1]]
  [1m[36mCACHE (0.1ms)[0m  [1m[34mSELECT  `sub_categories`.* FROM `sub_categories` WHERE `sub_categories`.`sub_category_id` = 1 LIMIT 1[0m  [["sub_category_id", 1], ["LIMIT", 1]]
  [1m[36mCategory Load (0.6ms)[0m  [1m[34mSELECT  `categories`.* FROM `categories` WHERE `categories`.`category_id` = 3 LIMIT 1[0m
  [1m[36mSubCategory Load (0.6ms)[0m  [1m[34mSELECT  `sub_categories`.* FROM `sub_categories` WHERE `sub_categories`.`sub_category_id` = 9 LIMIT 1[0m
  [1m[36mCACHE (0.0ms)[0m  [1m[34mSELECT  `categories`.* FROM `categories` WHERE `categories`.`category_id` = 3 LIMIT 1[0m  [["category_id", 3], ["LIMIT", 1]]
  [1m[36mCACHE (0.0ms)[0m  [1m[34mSELECT  `sub_categories`.* FROM `sub_categories` WHERE `sub_categories`.`sub_category_id` = 9 LIMIT 1[0m  [["sub_category_id", 9], ["LIMIT", 1]]
  [1m[36mCACHE (0.0ms)[0m  [1m[34mSELECT  `categories`.* FROM `categories` WHERE `categories`.`category_id` = 3 LIMIT 1[0m  [["category_id", 3], ["LIMIT", 1]]
  [1m[36mSubCategory Load (0.6ms)[0m  [1m[34mSELECT  `sub_categories`.* FROM `sub_categories` WHERE `sub_categories`.`sub_category_id` = 3 LIMIT 1[0m
  [1m[36mCACHE (0.0ms)[0m  [1m[34mSELECT  `categories`.* FROM `categories` WHERE `categories`.`category_id` = 3 LIMIT 1[0m  [["category_id", 3], ["LIMIT", 1]]
  [1m[36mSubCategory Load (0.6ms)[0m  [1m[34mSELECT  `sub_categories`.* FROM `sub_categories` WHERE `sub_categories`.`sub_category_id` = 2 LIMIT 1[0m
  Rendered items/index.html.erb within layouts/standard (21.6ms)
Completed 200 OK in 49ms (Views: 43.0ms | ActiveRecord: 4.6ms)


Started GET "/items" for 127.0.0.1 at 2017-05-20 00:37:46 +0530
Processing by ItemsController#index as HTML
  Rendering items/index.html.erb within layouts/standard
  [1m[36mSeller Load (0.6ms)[0m  [1m[34mSELECT  `sellers`.* FROM `sellers` WHERE `sellers`.`seller_id` = 'someone' LIMIT 1[0m
  Rendered items/index.html.erb within layouts/standard (15.7ms)
Completed 500 Internal Server Error in 45ms (ActiveRecord: 0.6ms)


  
ActionView::Template::Error (undefined method `seller_id' for nil:NilClass):
    1: <nav>
    2:         <% if account_seller_signed_in? %>
    3:           <p><%= cookies.signed[:seller_id] %>
    4:             <%= @current.seller_id %>
    5:           </p>
    6:         <% else %>
    7:           <li><%= link_to 'log in', sellers_login_path %></li>
  
app/views/items/index.html.erb:4:in `_app_views_items_index_html_erb___3618665232372846233_70295747024600'
  Rendering /home/usman/.rbenv/versions/2.4.0/lib/ruby/gems/2.4.0/gems/actionpack-5.0.3/lib/action_dispatch/middleware/templates/rescues/template_error.html.erb within rescues/layout
  Rendering /home/usman/.rbenv/versions/2.4.0/lib/ruby/gems/2.4.0/gems/actionpack-5.0.3/lib/action_dispatch/middleware/templates/rescues/_source.html.erb
  Rendered /home/usman/.rbenv/versions/2.4.0/lib/ruby/gems/2.4.0/gems/actionpack-5.0.3/lib/action_dispatch/middleware/templates/rescues/_source.html.erb (7.1ms)
  Rendering /home/usman/.rbenv/versions/2.4.0/lib/ruby/gems/2.4.0/gems/actionpack-5.0.3/lib/action_dispatch/middleware/templates/rescues/_trace.html.erb
  Rendered /home/usman/.rbenv/versions/2.4.0/lib/ruby/gems/2.4.0/gems/actionpack-5.0.3/lib/action_dispatch/middleware/templates/rescues/_trace.html.erb (3.5ms)
  Rendering /home/usman/.rbenv/versions/2.4.0/lib/ruby/gems/2.4.0/gems/actionpack-5.0.3/lib/action_dispatch/middleware/templates/rescues/_request_and_response.html.erb
  Rendered /home/usman/.rbenv/versions/2.4.0/lib/ruby/gems/2.4.0/gems/actionpack-5.0.3/lib/action_dispatch/middleware/templates/rescues/_request_and_response.html.erb (1.0ms)
  Rendered /home/usman/.rbenv/versions/2.4.0/lib/ruby/gems/2.4.0/gems/actionpack-5.0.3/lib/action_dispatch/middleware/templates/rescues/template_error.html.erb within rescues/layout (34.5ms)
Started GET "/items" for 127.0.0.1 at 2017-05-20 00:39:53 +0530
Processing by ItemsController#index as HTML
  Rendering items/index.html.erb within layouts/standard
  [1m[36mSeller Load (0.6ms)[0m  [1m[34mSELECT  `sellers`.* FROM `sellers` WHERE `sellers`.`seller_id` = 'someone' LIMIT 1[0m
  Rendered items/index.html.erb within layouts/standard (17.3ms)
Completed 500 Internal Server Error in 35ms (ActiveRecord: 0.6ms)


  
ActionView::Template::Error (undefined method `seller_id' for nil:NilClass):
    1: <nav>
    2:         <% if account_seller_signed_in? %>
    3:           <p><%= cookies.signed[:seller_id] %>
    4:             <%= @current.seller_id %>
    5:           </p>
    6:         <% else %>
    7:           <li><%= link_to 'log in', sellers_login_path %></li>
  
app/views/items/index.html.erb:4:in `_app_views_items_index_html_erb___3618665232372846233_70295833695560'
  Rendering /home/usman/.rbenv/versions/2.4.0/lib/ruby/gems/2.4.0/gems/actionpack-5.0.3/lib/action_dispatch/middleware/templates/rescues/template_error.html.erb within rescues/layout
  Rendering /home/usman/.rbenv/versions/2.4.0/lib/ruby/gems/2.4.0/gems/actionpack-5.0.3/lib/action_dispatch/middleware/templates/rescues/_source.html.erb
  Rendered /home/usman/.rbenv/versions/2.4.0/lib/ruby/gems/2.4.0/gems/actionpack-5.0.3/lib/action_dispatch/middleware/templates/rescues/_source.html.erb (7.8ms)
  Rendering /home/usman/.rbenv/versions/2.4.0/lib/ruby/gems/2.4.0/gems/actionpack-5.0.3/lib/action_dispatch/middleware/templates/rescues/_trace.html.erb
  Rendered /home/usman/.rbenv/versions/2.4.0/lib/ruby/gems/2.4.0/gems/actionpack-5.0.3/lib/action_dispatch/middleware/templates/rescues/_trace.html.erb (3.1ms)
  Rendering /home/usman/.rbenv/versions/2.4.0/lib/ruby/gems/2.4.0/gems/actionpack-5.0.3/lib/action_dispatch/middleware/templates/rescues/_request_and_response.html.erb
  Rendered /home/usman/.rbenv/versions/2.4.0/lib/ruby/gems/2.4.0/gems/actionpack-5.0.3/lib/action_dispatch/middleware/templates/rescues/_request_and_response.html.erb (1.1ms)
  Rendered /home/usman/.rbenv/versions/2.4.0/lib/ruby/gems/2.4.0/gems/actionpack-5.0.3/lib/action_dispatch/middleware/templates/rescues/template_error.html.erb within rescues/layout (36.2ms)
Started GET "/items" for 127.0.0.1 at 2017-05-20 00:46:08 +0530
Processing by ItemsController#index as HTML
  Rendering items/index.html.erb within layouts/standard
  [1m[36mSeller Load (0.5ms)[0m  [1m[34mSELECT  `sellers`.* FROM `sellers` WHERE `sellers`.`seller_id` = 'someone' LIMIT 1[0m
  Rendered items/index.html.erb within layouts/standard (16.5ms)
Completed 500 Internal Server Error in 35ms (ActiveRecord: 0.5ms)


  
ActionView::Template::Error (undefined method `seller_id' for nil:NilClass):
    1: <nav>
    2:         <% if account_seller_signed_in? %>
    3:           <p><%= cookies.signed[:seller_id] %>
    4:             <%= @current.seller_id %>
    5:           </p>
    6:         <% else %>
    7:           <li><%= link_to 'log in', sellers_login_path %></li>
  
app/views/items/index.html.erb:4:in `_app_views_items_index_html_erb___3618665232372846233_70295838559820'
  Rendering /home/usman/.rbenv/versions/2.4.0/lib/ruby/gems/2.4.0/gems/actionpack-5.0.3/lib/action_dispatch/middleware/templates/rescues/template_error.html.erb within rescues/layout
  Rendering /home/usman/.rbenv/versions/2.4.0/lib/ruby/gems/2.4.0/gems/actionpack-5.0.3/lib/action_dispatch/middleware/templates/rescues/_source.html.erb
  Rendered /home/usman/.rbenv/versions/2.4.0/lib/ruby/gems/2.4.0/gems/actionpack-5.0.3/lib/action_dispatch/middleware/templates/rescues/_source.html.erb (9.2ms)
  Rendering /home/usman/.rbenv/versions/2.4.0/lib/ruby/gems/2.4.0/gems/actionpack-5.0.3/lib/action_dispatch/middleware/templates/rescues/_trace.html.erb
  Rendered /home/usman/.rbenv/versions/2.4.0/lib/ruby/gems/2.4.0/gems/actionpack-5.0.3/lib/action_dispatch/middleware/templates/rescues/_trace.html.erb (3.8ms)
  Rendering /home/usman/.rbenv/versions/2.4.0/lib/ruby/gems/2.4.0/gems/actionpack-5.0.3/lib/action_dispatch/middleware/templates/rescues/_request_and_response.html.erb
  Rendered /home/usman/.rbenv/versions/2.4.0/lib/ruby/gems/2.4.0/gems/actionpack-5.0.3/lib/action_dispatch/middleware/templates/rescues/_request_and_response.html.erb (1.3ms)
  Rendered /home/usman/.rbenv/versions/2.4.0/lib/ruby/gems/2.4.0/gems/actionpack-5.0.3/lib/action_dispatch/middleware/templates/rescues/template_error.html.erb within rescues/layout (36.2ms)
Started GET "/items" for 127.0.0.1 at 2017-05-20 00:48:40 +0530
Processing by ItemsController#index as HTML
  Rendering items/index.html.erb within layouts/standard
  [1m[36mSeller Load (0.5ms)[0m  [1m[34mSELECT  `sellers`.* FROM `sellers` WHERE `sellers`.`seller_id` = 'someone' LIMIT 1[0m
  Rendered items/index.html.erb within layouts/standard (14.3ms)
Completed 500 Internal Server Error in 33ms (ActiveRecord: 0.5ms)


  
ActionView::Template::Error (undefined method `seller_id' for nil:NilClass):
    1: <nav>
    2:         <% if account_seller_signed_in? %>
    3:           <p><%= cookies.signed[:seller_id] %>
    4:             <%= @current.seller_id %>
    5:           </p>
    6:         <% else %>
    7:           <li><%= link_to 'log in', sellers_login_path %></li>
  
app/views/items/index.html.erb:4:in `_app_views_items_index_html_erb___3618665232372846233_70295740917380'
  Rendering /home/usman/.rbenv/versions/2.4.0/lib/ruby/gems/2.4.0/gems/actionpack-5.0.3/lib/action_dispatch/middleware/templates/rescues/template_error.html.erb within rescues/layout
  Rendering /home/usman/.rbenv/versions/2.4.0/lib/ruby/gems/2.4.0/gems/actionpack-5.0.3/lib/action_dispatch/middleware/templates/rescues/_source.html.erb
  Rendered /home/usman/.rbenv/versions/2.4.0/lib/ruby/gems/2.4.0/gems/actionpack-5.0.3/lib/action_dispatch/middleware/templates/rescues/_source.html.erb (6.9ms)
  Rendering /home/usman/.rbenv/versions/2.4.0/lib/ruby/gems/2.4.0/gems/actionpack-5.0.3/lib/action_dispatch/middleware/templates/rescues/_trace.html.erb
  Rendered /home/usman/.rbenv/versions/2.4.0/lib/ruby/gems/2.4.0/gems/actionpack-5.0.3/lib/action_dispatch/middleware/templates/rescues/_trace.html.erb (2.7ms)
  Rendering /home/usman/.rbenv/versions/2.4.0/lib/ruby/gems/2.4.0/gems/actionpack-5.0.3/lib/action_dispatch/middleware/templates/rescues/_request_and_response.html.erb
  Rendered /home/usman/.rbenv/versions/2.4.0/lib/ruby/gems/2.4.0/gems/actionpack-5.0.3/lib/action_dispatch/middleware/templates/rescues/_request_and_response.html.erb (1.1ms)
  Rendered /home/usman/.rbenv/versions/2.4.0/lib/ruby/gems/2.4.0/gems/actionpack-5.0.3/lib/action_dispatch/middleware/templates/rescues/template_error.html.erb within rescues/layout (31.1ms)
Started GET "/sellers/login" for 127.0.0.1 at 2017-05-20 11:53:36 +0530
  [1m[36mActiveRecord::SchemaMigration Load (4.2ms)[0m  [1m[34mSELECT `schema_migrations`.* FROM `schema_migrations`[0m
Processing by SellersController#login as HTML
  Rendering sellers/login.html.erb within layouts/standard
  Rendered sellers/login.html.erb within layouts/standard (42.8ms)
Completed 200 OK in 714ms (Views: 660.6ms | ActiveRecord: 2.1ms)


Started POST "/sellers/loggedin" for 127.0.0.1 at 2017-05-20 11:53:48 +0530
Processing by SellersController#loggedin as HTML
  Parameters: {"utf8"=>"✓", "authenticity_token"=>"aJOCNg5XYN9O894cDH42MZZryII0QnviUw5vQaoObQzlSn9hhLMKEIcFgUrjjbjDDEYZzL8JbC4Z+D7gv0zvfg==", "sellers"=>{"seller_id"=>"someone", "password"=>"[FILTERED]"}, "commit"=>"Login"}
  [1m[36mSeller Load (0.8ms)[0m  [1m[34mSELECT  `sellers`.* FROM `sellers` WHERE (LOWER(seller_id) = 'someone') LIMIT 1[0m
  [1m[36mSeller Load (0.6ms)[0m  [1m[34mSELECT  `sellers`.* FROM `sellers` WHERE `sellers`.`seller_id` = 'someone' LIMIT 1[0m
Redirected to http://localhost:3000/items
Completed 302 Found in 114ms (ActiveRecord: 1.4ms)


Started GET "/items" for 127.0.0.1 at 2017-05-20 11:53:48 +0530
Processing by ItemsController#index as HTML
  Rendering items/index.html.erb within layouts/standard
  [1m[36mSeller Load (0.5ms)[0m  [1m[34mSELECT  `sellers`.* FROM `sellers` WHERE `sellers`.`seller_id` = 'someone' LIMIT 1[0m
  [1m[36mItem Load (0.8ms)[0m  [1m[34mSELECT `items`.* FROM `items`[0m
  [1m[36mCategory Load (0.4ms)[0m  [1m[34mSELECT  `categories`.* FROM `categories` WHERE `categories`.`category_id` = 1 LIMIT 1[0m
  [1m[36mSubCategory Load (0.5ms)[0m  [1m[34mSELECT  `sub_categories`.* FROM `sub_categories` WHERE `sub_categories`.`sub_category_id` = 1 LIMIT 1[0m
  [1m[36mCACHE (0.0ms)[0m  [1m[34mSELECT  `categories`.* FROM `categories` WHERE `categories`.`category_id` = 1 LIMIT 1[0m  [["category_id", 1], ["LIMIT", 1]]
  [1m[36mCACHE (0.0ms)[0m  [1m[34mSELECT  `sub_categories`.* FROM `sub_categories` WHERE `sub_categories`.`sub_category_id` = 1 LIMIT 1[0m  [["sub_category_id", 1], ["LIMIT", 1]]
  [1m[36mCategory Load (0.5ms)[0m  [1m[34mSELECT  `categories`.* FROM `categories` WHERE `categories`.`category_id` = 3 LIMIT 1[0m
  [1m[36mSubCategory Load (0.5ms)[0m  [1m[34mSELECT  `sub_categories`.* FROM `sub_categories` WHERE `sub_categories`.`sub_category_id` = 9 LIMIT 1[0m
  [1m[36mCACHE (0.0ms)[0m  [1m[34mSELECT  `categories`.* FROM `categories` WHERE `categories`.`category_id` = 3 LIMIT 1[0m  [["category_id", 3], ["LIMIT", 1]]
  [1m[36mCACHE (0.0ms)[0m  [1m[34mSELECT  `sub_categories`.* FROM `sub_categories` WHERE `sub_categories`.`sub_category_id` = 9 LIMIT 1[0m  [["sub_category_id", 9], ["LIMIT", 1]]
  [1m[36mCACHE (0.0ms)[0m  [1m[34mSELECT  `categories`.* FROM `categories` WHERE `categories`.`category_id` = 3 LIMIT 1[0m  [["category_id", 3], ["LIMIT", 1]]
  [1m[36mSubCategory Load (0.6ms)[0m  [1m[34mSELECT  `sub_categories`.* FROM `sub_categories` WHERE `sub_categories`.`sub_category_id` = 3 LIMIT 1[0m
  [1m[36mCACHE (0.0ms)[0m  [1m[34mSELECT  `categories`.* FROM `categories` WHERE `categories`.`category_id` = 3 LIMIT 1[0m  [["category_id", 3], ["LIMIT", 1]]
  [1m[36mSubCategory Load (0.6ms)[0m  [1m[34mSELECT  `sub_categories`.* FROM `sub_categories` WHERE `sub_categories`.`sub_category_id` = 2 LIMIT 1[0m
  Rendered items/index.html.erb within layouts/standard (87.1ms)
Completed 200 OK in 153ms (Views: 101.2ms | ActiveRecord: 10.0ms)


Started GET "/sellers/logout" for 127.0.0.1 at 2017-05-20 11:54:01 +0530
Processing by SellersController#logout as HTML
Redirected to http://localhost:3000/sellers/login
Completed 302 Found in 2ms (ActiveRecord: 0.0ms)


Started GET "/sellers/login" for 127.0.0.1 at 2017-05-20 11:54:01 +0530
Processing by SellersController#login as HTML
  Rendering sellers/login.html.erb within layouts/standard
  Rendered sellers/login.html.erb within layouts/standard (3.9ms)
Completed 200 OK in 32ms (Views: 29.6ms | ActiveRecord: 0.0ms)


Started GET "/sellers/items" for 127.0.0.1 at 2017-05-20 11:54:07 +0530
Processing by SellersController#show as HTML
  Parameters: {"id"=>"items"}
  [1m[36mSeller Load (0.5ms)[0m  [1m[34mSELECT  `sellers`.* FROM `sellers` WHERE `sellers`.`seller_id` = 'items' LIMIT 1[0m
Completed 404 Not Found in 3ms (ActiveRecord: 0.5ms)


  
ActiveRecord::RecordNotFound (Couldn't find Seller with 'seller_id'=items):
  
app/controllers/sellers_controller.rb:88:in `set_seller'
  Rendering /home/usman/.rbenv/versions/2.4.0/lib/ruby/gems/2.4.0/gems/actionpack-5.0.3/lib/action_dispatch/middleware/templates/rescues/diagnostics.html.erb within rescues/layout
  Rendering /home/usman/.rbenv/versions/2.4.0/lib/ruby/gems/2.4.0/gems/actionpack-5.0.3/lib/action_dispatch/middleware/templates/rescues/_source.html.erb
  Rendered /home/usman/.rbenv/versions/2.4.0/lib/ruby/gems/2.4.0/gems/actionpack-5.0.3/lib/action_dispatch/middleware/templates/rescues/_source.html.erb (8.5ms)
  Rendering /home/usman/.rbenv/versions/2.4.0/lib/ruby/gems/2.4.0/gems/actionpack-5.0.3/lib/action_dispatch/middleware/templates/rescues/_trace.html.erb
  Rendered /home/usman/.rbenv/versions/2.4.0/lib/ruby/gems/2.4.0/gems/actionpack-5.0.3/lib/action_dispatch/middleware/templates/rescues/_trace.html.erb (3.9ms)
  Rendering /home/usman/.rbenv/versions/2.4.0/lib/ruby/gems/2.4.0/gems/actionpack-5.0.3/lib/action_dispatch/middleware/templates/rescues/_request_and_response.html.erb
  Rendered /home/usman/.rbenv/versions/2.4.0/lib/ruby/gems/2.4.0/gems/actionpack-5.0.3/lib/action_dispatch/middleware/templates/rescues/_request_and_response.html.erb (1.8ms)
  Rendered /home/usman/.rbenv/versions/2.4.0/lib/ruby/gems/2.4.0/gems/actionpack-5.0.3/lib/action_dispatch/middleware/templates/rescues/diagnostics.html.erb within rescues/layout (46.0ms)
Started GET "/items" for 127.0.0.1 at 2017-05-20 11:54:16 +0530
Processing by ItemsController#index as HTML
  Rendering items/index.html.erb within layouts/standard
  [1m[36mSeller Load (0.5ms)[0m  [1m[34mSELECT  `sellers`.* FROM `sellers` WHERE `sellers`.`seller_id` IS NULL LIMIT 1[0m
  [1m[36mItem Load (0.6ms)[0m  [1m[34mSELECT `items`.* FROM `items`[0m
  [1m[36mCategory Load (0.7ms)[0m  [1m[34mSELECT  `categories`.* FROM `categories` WHERE `categories`.`category_id` = 1 LIMIT 1[0m
  [1m[36mSubCategory Load (1.0ms)[0m  [1m[34mSELECT  `sub_categories`.* FROM `sub_categories` WHERE `sub_categories`.`sub_category_id` = 1 LIMIT 1[0m
  [1m[36mCACHE (0.0ms)[0m  [1m[34mSELECT  `categories`.* FROM `categories` WHERE `categories`.`category_id` = 1 LIMIT 1[0m  [["category_id", 1], ["LIMIT", 1]]
  [1m[36mCACHE (0.0ms)[0m  [1m[34mSELECT  `sub_categories`.* FROM `sub_categories` WHERE `sub_categories`.`sub_category_id` = 1 LIMIT 1[0m  [["sub_category_id", 1], ["LIMIT", 1]]
  [1m[36mCategory Load (1.4ms)[0m  [1m[34mSELECT  `categories`.* FROM `categories` WHERE `categories`.`category_id` = 3 LIMIT 1[0m
  [1m[36mSubCategory Load (0.6ms)[0m  [1m[34mSELECT  `sub_categories`.* FROM `sub_categories` WHERE `sub_categories`.`sub_category_id` = 9 LIMIT 1[0m
  [1m[36mCACHE (0.0ms)[0m  [1m[34mSELECT  `categories`.* FROM `categories` WHERE `categories`.`category_id` = 3 LIMIT 1[0m  [["category_id", 3], ["LIMIT", 1]]
  [1m[36mCACHE (0.0ms)[0m  [1m[34mSELECT  `sub_categories`.* FROM `sub_categories` WHERE `sub_categories`.`sub_category_id` = 9 LIMIT 1[0m  [["sub_category_id", 9], ["LIMIT", 1]]
  [1m[36mCACHE (0.0ms)[0m  [1m[34mSELECT  `categories`.* FROM `categories` WHERE `categories`.`category_id` = 3 LIMIT 1[0m  [["category_id", 3], ["LIMIT", 1]]
  [1m[36mSubCategory Load (0.6ms)[0m  [1m[34mSELECT  `sub_categories`.* FROM `sub_categories` WHERE `sub_categories`.`sub_category_id` = 3 LIMIT 1[0m
  [1m[36mCACHE (0.0ms)[0m  [1m[34mSELECT  `categories`.* FROM `categories` WHERE `categories`.`category_id` = 3 LIMIT 1[0m  [["category_id", 3], ["LIMIT", 1]]
  [1m[36mSubCategory Load (0.6ms)[0m  [1m[34mSELECT  `sub_categories`.* FROM `sub_categories` WHERE `sub_categories`.`sub_category_id` = 2 LIMIT 1[0m
  Rendered items/index.html.erb within layouts/standard (33.7ms)
Completed 200 OK in 66ms (Views: 58.1ms | ActiveRecord: 6.3ms)


Started GET "/sellers" for 127.0.0.1 at 2017-05-20 11:54:33 +0530
Processing by SellersController#index as HTML
  Rendering sellers/index.html.erb within layouts/standard
  [1m[36mSeller Load (1.6ms)[0m  [1m[34mSELECT `sellers`.* FROM `sellers`[0m
  Rendered sellers/index.html.erb within layouts/standard (8.9ms)
Completed 200 OK in 31ms (Views: 27.6ms | ActiveRecord: 1.6ms)


Started GET "/sellers/new" for 127.0.0.1 at 2017-05-20 11:54:37 +0530
Processing by SellersController#new as HTML
  Rendering sellers/new.html.erb within layouts/standard
  Rendered sellers/_form.html.erb (153.5ms)
  Rendered sellers/new.html.erb within layouts/standard (174.4ms)
Completed 200 OK in 347ms (Views: 204.2ms | ActiveRecord: 0.0ms)


Started GET "/sellers" for 127.0.0.1 at 2017-05-20 11:54:44 +0530
Processing by SellersController#index as HTML
  Rendering sellers/index.html.erb within layouts/standard
  [1m[36mSeller Load (0.5ms)[0m  [1m[34mSELECT `sellers`.* FROM `sellers`[0m
  Rendered sellers/index.html.erb within layouts/standard (8.3ms)
Completed 200 OK in 45ms (Views: 40.8ms | ActiveRecord: 0.5ms)


Started GET "/sellers/login" for 127.0.0.1 at 2017-05-20 12:57:39 +0530
Processing by SellersController#login as HTML
  Rendering sellers/login.html.erb within layouts/standard
  Rendered sellers/login.html.erb within layouts/standard (4.5ms)
  [1m[36mSeller Load (0.4ms)[0m  [1m[34mSELECT  `sellers`.* FROM `sellers` WHERE `sellers`.`seller_id` IS NULL LIMIT 1[0m
Completed 200 OK in 37ms (Views: 35.2ms | ActiveRecord: 0.4ms)


Started GET "/sellers/login" for 127.0.0.1 at 2017-05-20 12:57:48 +0530
Processing by SellersController#login as HTML
  Rendering sellers/login.html.erb within layouts/standard
  Rendered sellers/login.html.erb within layouts/standard (1.9ms)
  [1m[36mSeller Load (0.3ms)[0m  [1m[34mSELECT  `sellers`.* FROM `sellers` WHERE `sellers`.`seller_id` IS NULL LIMIT 1[0m
Completed 200 OK in 31ms (Views: 29.2ms | ActiveRecord: 0.3ms)


Started POST "/sellers/loggedin" for 127.0.0.1 at 2017-05-20 12:57:56 +0530
Processing by SellersController#loggedin as HTML
  Parameters: {"utf8"=>"✓", "authenticity_token"=>"bBT8gJ+2ZMRSJ4+DvMzbUajoeUb3nNTH9pVs5BRI/bByIdj0WwHlM+OOtv3BbW1q16Vbzm0UCVKl2ucmlg4zKA==", "sellers"=>{"seller_id"=>"someone", "password"=>"[FILTERED]"}, "commit"=>"Login"}
  [1m[36mSeller Load (0.6ms)[0m  [1m[34mSELECT  `sellers`.* FROM `sellers` WHERE (LOWER(seller_id) = 'someone') LIMIT 1[0m
  [1m[36mSeller Load (0.5ms)[0m  [1m[34mSELECT  `sellers`.* FROM `sellers` WHERE `sellers`.`seller_id` = 'someone' LIMIT 1[0m
Redirected to http://localhost:3000/items
Completed 302 Found in 100ms (ActiveRecord: 1.1ms)


Started GET "/items" for 127.0.0.1 at 2017-05-20 12:57:56 +0530
Processing by ItemsController#index as HTML
  Rendering items/index.html.erb within layouts/standard
  [1m[36mItem Load (0.5ms)[0m  [1m[34mSELECT `items`.* FROM `items`[0m
  [1m[36mCategory Load (0.5ms)[0m  [1m[34mSELECT  `categories`.* FROM `categories` WHERE `categories`.`category_id` = 1 LIMIT 1[0m
  [1m[36mSubCategory Load (0.6ms)[0m  [1m[34mSELECT  `sub_categories`.* FROM `sub_categories` WHERE `sub_categories`.`sub_category_id` = 1 LIMIT 1[0m
  [1m[36mCACHE (0.0ms)[0m  [1m[34mSELECT  `categories`.* FROM `categories` WHERE `categories`.`category_id` = 1 LIMIT 1[0m  [["category_id", 1], ["LIMIT", 1]]
  [1m[36mCACHE (0.0ms)[0m  [1m[34mSELECT  `sub_categories`.* FROM `sub_categories` WHERE `sub_categories`.`sub_category_id` = 1 LIMIT 1[0m  [["sub_category_id", 1], ["LIMIT", 1]]
  [1m[36mCategory Load (0.5ms)[0m  [1m[34mSELECT  `categories`.* FROM `categories` WHERE `categories`.`category_id` = 3 LIMIT 1[0m
  [1m[36mSubCategory Load (0.5ms)[0m  [1m[34mSELECT  `sub_categories`.* FROM `sub_categories` WHERE `sub_categories`.`sub_category_id` = 9 LIMIT 1[0m
  [1m[36mCACHE (0.0ms)[0m  [1m[34mSELECT  `categories`.* FROM `categories` WHERE `categories`.`category_id` = 3 LIMIT 1[0m  [["category_id", 3], ["LIMIT", 1]]
  [1m[36mCACHE (0.0ms)[0m  [1m[34mSELECT  `sub_categories`.* FROM `sub_categories` WHERE `sub_categories`.`sub_category_id` = 9 LIMIT 1[0m  [["sub_category_id", 9], ["LIMIT", 1]]
  [1m[36mCACHE (0.0ms)[0m  [1m[34mSELECT  `categories`.* FROM `categories` WHERE `categories`.`category_id` = 3 LIMIT 1[0m  [["category_id", 3], ["LIMIT", 1]]
  [1m[36mSubCategory Load (0.6ms)[0m  [1m[34mSELECT  `sub_categories`.* FROM `sub_categories` WHERE `sub_categories`.`sub_category_id` = 3 LIMIT 1[0m
  [1m[36mCACHE (0.0ms)[0m  [1m[34mSELECT  `categories`.* FROM `categories` WHERE `categories`.`category_id` = 3 LIMIT 1[0m  [["category_id", 3], ["LIMIT", 1]]
  [1m[36mSubCategory Load (0.6ms)[0m  [1m[34mSELECT  `sub_categories`.* FROM `sub_categories` WHERE `sub_categories`.`sub_category_id` = 2 LIMIT 1[0m
  Rendered items/index.html.erb within layouts/standard (20.0ms)
  [1m[36mSeller Load (0.6ms)[0m  [1m[34mSELECT  `sellers`.* FROM `sellers` WHERE `sellers`.`seller_id` = 'someone' LIMIT 1[0m
Completed 200 OK in 52ms (Views: 45.3ms | ActiveRecord: 4.7ms)


Started GET "/items/new" for 127.0.0.1 at 2017-05-20 12:58:00 +0530
Processing by ItemsController#new as HTML
  Rendering items/new.html.erb within layouts/standard
  [1m[36mCategory Load (0.6ms)[0m  [1m[34mSELECT `categories`.* FROM `categories`[0m
  [1m[36mSubCategory Load (0.5ms)[0m  [1m[34mSELECT `sub_categories`.* FROM `sub_categories`[0m
  Rendered items/_form.html.erb (28.5ms)
  Rendered items/new.html.erb within layouts/standard (115.9ms)
  [1m[36mSeller Load (0.5ms)[0m  [1m[34mSELECT  `sellers`.* FROM `sellers` WHERE `sellers`.`seller_id` = 'someone' LIMIT 1[0m
Completed 200 OK in 156ms (Views: 136.5ms | ActiveRecord: 1.5ms)


Started GET "/items" for 127.0.0.1 at 2017-05-20 13:42:22 +0530
Processing by ItemsController#index as HTML
  Rendering items/index.html.erb within layouts/standard
  [1m[36mItem Load (0.6ms)[0m  [1m[34mSELECT `items`.* FROM `items`[0m
  [1m[36mCategory Load (0.5ms)[0m  [1m[34mSELECT  `categories`.* FROM `categories` WHERE `categories`.`category_id` = 1 LIMIT 1[0m
  [1m[36mSubCategory Load (0.3ms)[0m  [1m[34mSELECT  `sub_categories`.* FROM `sub_categories` WHERE `sub_categories`.`sub_category_id` = 1 LIMIT 1[0m
  [1m[36mCACHE (0.0ms)[0m  [1m[34mSELECT  `categories`.* FROM `categories` WHERE `categories`.`category_id` = 1 LIMIT 1[0m  [["category_id", 1], ["LIMIT", 1]]
  [1m[36mCACHE (0.0ms)[0m  [1m[34mSELECT  `sub_categories`.* FROM `sub_categories` WHERE `sub_categories`.`sub_category_id` = 1 LIMIT 1[0m  [["sub_category_id", 1], ["LIMIT", 1]]
  [1m[36mCategory Load (1.0ms)[0m  [1m[34mSELECT  `categories`.* FROM `categories` WHERE `categories`.`category_id` = 3 LIMIT 1[0m
  [1m[36mSubCategory Load (1.7ms)[0m  [1m[34mSELECT  `sub_categories`.* FROM `sub_categories` WHERE `sub_categories`.`sub_category_id` = 9 LIMIT 1[0m
  [1m[36mCACHE (0.0ms)[0m  [1m[34mSELECT  `categories`.* FROM `categories` WHERE `categories`.`category_id` = 3 LIMIT 1[0m  [["category_id", 3], ["LIMIT", 1]]
  [1m[36mCACHE (0.0ms)[0m  [1m[34mSELECT  `sub_categories`.* FROM `sub_categories` WHERE `sub_categories`.`sub_category_id` = 9 LIMIT 1[0m  [["sub_category_id", 9], ["LIMIT", 1]]
  [1m[36mCACHE (0.0ms)[0m  [1m[34mSELECT  `categories`.* FROM `categories` WHERE `categories`.`category_id` = 3 LIMIT 1[0m  [["category_id", 3], ["LIMIT", 1]]
  [1m[36mSubCategory Load (0.5ms)[0m  [1m[34mSELECT  `sub_categories`.* FROM `sub_categories` WHERE `sub_categories`.`sub_category_id` = 3 LIMIT 1[0m
  [1m[36mCACHE (0.0ms)[0m  [1m[34mSELECT  `categories`.* FROM `categories` WHERE `categories`.`category_id` = 3 LIMIT 1[0m  [["category_id", 3], ["LIMIT", 1]]
  [1m[36mSubCategory Load (0.5ms)[0m  [1m[34mSELECT  `sub_categories`.* FROM `sub_categories` WHERE `sub_categories`.`sub_category_id` = 2 LIMIT 1[0m
  Rendered items/index.html.erb within layouts/standard (76.0ms)
  [1m[36mSeller Load (0.3ms)[0m  [1m[34mSELECT  `sellers`.* FROM `sellers` WHERE `sellers`.`seller_id` = 'someone' LIMIT 1[0m
Completed 500 Internal Server Error in 139ms (ActiveRecord: 10.7ms)


  
ActionView::Template::Error (undefined method `seller_id' for nil:NilClass):
    11:   <body>
    12:     <nav>
    13:         <% if account_seller_signed_in? %>
    14:           <p><%= @current.seller_id %>
    15:           </p>
    16:         <% else %>
    17:           <li><%= link_to 'log in', sellers_login_path %></li>
  
app/views/layouts/standard.html.erb:14:in `_app_views_layouts_standard_html_erb__872510118579923075_69869063939300'
  Rendering /home/usman/.rbenv/versions/2.4.0/lib/ruby/gems/2.4.0/gems/actionpack-5.0.3/lib/action_dispatch/middleware/templates/rescues/template_error.html.erb within rescues/layout
  Rendering /home/usman/.rbenv/versions/2.4.0/lib/ruby/gems/2.4.0/gems/actionpack-5.0.3/lib/action_dispatch/middleware/templates/rescues/_source.html.erb
  Rendered /home/usman/.rbenv/versions/2.4.0/lib/ruby/gems/2.4.0/gems/actionpack-5.0.3/lib/action_dispatch/middleware/templates/rescues/_source.html.erb (9.7ms)
  Rendering /home/usman/.rbenv/versions/2.4.0/lib/ruby/gems/2.4.0/gems/actionpack-5.0.3/lib/action_dispatch/middleware/templates/rescues/_trace.html.erb
  Rendered /home/usman/.rbenv/versions/2.4.0/lib/ruby/gems/2.4.0/gems/actionpack-5.0.3/lib/action_dispatch/middleware/templates/rescues/_trace.html.erb (3.6ms)
  Rendering /home/usman/.rbenv/versions/2.4.0/lib/ruby/gems/2.4.0/gems/actionpack-5.0.3/lib/action_dispatch/middleware/templates/rescues/_request_and_response.html.erb
  Rendered /home/usman/.rbenv/versions/2.4.0/lib/ruby/gems/2.4.0/gems/actionpack-5.0.3/lib/action_dispatch/middleware/templates/rescues/_request_and_response.html.erb (1.5ms)
  Rendered /home/usman/.rbenv/versions/2.4.0/lib/ruby/gems/2.4.0/gems/actionpack-5.0.3/lib/action_dispatch/middleware/templates/rescues/template_error.html.erb within rescues/layout (39.1ms)
Started GET "/items" for 127.0.0.1 at 2017-05-20 13:44:35 +0530
Processing by ItemsController#index as HTML
  Rendering items/index.html.erb within layouts/standard
  [1m[36mItem Load (0.6ms)[0m  [1m[34mSELECT `items`.* FROM `items`[0m
  [1m[36mCategory Load (0.7ms)[0m  [1m[34mSELECT  `categories`.* FROM `categories` WHERE `categories`.`category_id` = 1 LIMIT 1[0m
  [1m[36mSubCategory Load (0.5ms)[0m  [1m[34mSELECT  `sub_categories`.* FROM `sub_categories` WHERE `sub_categories`.`sub_category_id` = 1 LIMIT 1[0m
  [1m[36mCACHE (0.0ms)[0m  [1m[34mSELECT  `categories`.* FROM `categories` WHERE `categories`.`category_id` = 1 LIMIT 1[0m  [["category_id", 1], ["LIMIT", 1]]
  [1m[36mCACHE (0.0ms)[0m  [1m[34mSELECT  `sub_categories`.* FROM `sub_categories` WHERE `sub_categories`.`sub_category_id` = 1 LIMIT 1[0m  [["sub_category_id", 1], ["LIMIT", 1]]
  [1m[36mCategory Load (0.5ms)[0m  [1m[34mSELECT  `categories`.* FROM `categories` WHERE `categories`.`category_id` = 3 LIMIT 1[0m
  [1m[36mSubCategory Load (0.5ms)[0m  [1m[34mSELECT  `sub_categories`.* FROM `sub_categories` WHERE `sub_categories`.`sub_category_id` = 9 LIMIT 1[0m
  [1m[36mCACHE (0.0ms)[0m  [1m[34mSELECT  `categories`.* FROM `categories` WHERE `categories`.`category_id` = 3 LIMIT 1[0m  [["category_id", 3], ["LIMIT", 1]]
  [1m[36mCACHE (0.0ms)[0m  [1m[34mSELECT  `sub_categories`.* FROM `sub_categories` WHERE `sub_categories`.`sub_category_id` = 9 LIMIT 1[0m  [["sub_category_id", 9], ["LIMIT", 1]]
  [1m[36mCACHE (0.0ms)[0m  [1m[34mSELECT  `categories`.* FROM `categories` WHERE `categories`.`category_id` = 3 LIMIT 1[0m  [["category_id", 3], ["LIMIT", 1]]
  [1m[36mSubCategory Load (0.6ms)[0m  [1m[34mSELECT  `sub_categories`.* FROM `sub_categories` WHERE `sub_categories`.`sub_category_id` = 3 LIMIT 1[0m
  [1m[36mCACHE (0.0ms)[0m  [1m[34mSELECT  `categories`.* FROM `categories` WHERE `categories`.`category_id` = 3 LIMIT 1[0m  [["category_id", 3], ["LIMIT", 1]]
  [1m[36mSubCategory Load (0.5ms)[0m  [1m[34mSELECT  `sub_categories`.* FROM `sub_categories` WHERE `sub_categories`.`sub_category_id` = 2 LIMIT 1[0m
  Rendered items/index.html.erb within layouts/standard (23.6ms)
  [1m[36mSeller Load (0.6ms)[0m  [1m[34mSELECT  `sellers`.* FROM `sellers` WHERE `sellers`.`seller_id` = 'someone' LIMIT 1[0m
Completed 200 OK in 60ms (Views: 53.6ms | ActiveRecord: 4.7ms)


Started GET "/items" for 127.0.0.1 at 2017-05-20 13:45:25 +0530
Processing by ItemsController#index as HTML
  Rendering items/index.html.erb within layouts/standard
  [1m[36mItem Load (0.5ms)[0m  [1m[34mSELECT `items`.* FROM `items`[0m
  [1m[36mCategory Load (1.0ms)[0m  [1m[34mSELECT  `categories`.* FROM `categories` WHERE `categories`.`category_id` = 1 LIMIT 1[0m
  [1m[36mSubCategory Load (1.2ms)[0m  [1m[34mSELECT  `sub_categories`.* FROM `sub_categories` WHERE `sub_categories`.`sub_category_id` = 1 LIMIT 1[0m
  [1m[36mCACHE (0.0ms)[0m  [1m[34mSELECT  `categories`.* FROM `categories` WHERE `categories`.`category_id` = 1 LIMIT 1[0m  [["category_id", 1], ["LIMIT", 1]]
  [1m[36mCACHE (0.0ms)[0m  [1m[34mSELECT  `sub_categories`.* FROM `sub_categories` WHERE `sub_categories`.`sub_category_id` = 1 LIMIT 1[0m  [["sub_category_id", 1], ["LIMIT", 1]]
  [1m[36mCategory Load (0.6ms)[0m  [1m[34mSELECT  `categories`.* FROM `categories` WHERE `categories`.`category_id` = 3 LIMIT 1[0m
  [1m[36mSubCategory Load (0.5ms)[0m  [1m[34mSELECT  `sub_categories`.* FROM `sub_categories` WHERE `sub_categories`.`sub_category_id` = 9 LIMIT 1[0m
  [1m[36mCACHE (0.0ms)[0m  [1m[34mSELECT  `categories`.* FROM `categories` WHERE `categories`.`category_id` = 3 LIMIT 1[0m  [["category_id", 3], ["LIMIT", 1]]
  [1m[36mCACHE (0.0ms)[0m  [1m[34mSELECT  `sub_categories`.* FROM `sub_categories` WHERE `sub_categories`.`sub_category_id` = 9 LIMIT 1[0m  [["sub_category_id", 9], ["LIMIT", 1]]
  [1m[36mCACHE (0.0ms)[0m  [1m[34mSELECT  `categories`.* FROM `categories` WHERE `categories`.`category_id` = 3 LIMIT 1[0m  [["category_id", 3], ["LIMIT", 1]]
  [1m[36mSubCategory Load (0.6ms)[0m  [1m[34mSELECT  `sub_categories`.* FROM `sub_categories` WHERE `sub_categories`.`sub_category_id` = 3 LIMIT 1[0m
  [1m[36mCACHE (0.0ms)[0m  [1m[34mSELECT  `categories`.* FROM `categories` WHERE `categories`.`category_id` = 3 LIMIT 1[0m  [["category_id", 3], ["LIMIT", 1]]
  [1m[36mSubCategory Load (1.0ms)[0m  [1m[34mSELECT  `sub_categories`.* FROM `sub_categories` WHERE `sub_categories`.`sub_category_id` = 2 LIMIT 1[0m
  Rendered items/index.html.erb within layouts/standard (21.4ms)
  [1m[36mSeller Load (0.6ms)[0m  [1m[34mSELECT  `sellers`.* FROM `sellers` WHERE `sellers`.`seller_id` = 'someone' LIMIT 1[0m
Completed 200 OK in 50ms (Views: 41.9ms | ActiveRecord: 6.2ms)


Started GET "/items" for 127.0.0.1 at 2017-05-20 13:46:02 +0530
Processing by ItemsController#index as HTML
  Rendering items/index.html.erb within layouts/standard
  [1m[36mItem Load (0.6ms)[0m  [1m[34mSELECT `items`.* FROM `items`[0m
  [1m[36mCategory Load (0.6ms)[0m  [1m[34mSELECT  `categories`.* FROM `categories` WHERE `categories`.`category_id` = 1 LIMIT 1[0m
  [1m[36mSubCategory Load (0.5ms)[0m  [1m[34mSELECT  `sub_categories`.* FROM `sub_categories` WHERE `sub_categories`.`sub_category_id` = 1 LIMIT 1[0m
  [1m[36mCACHE (0.0ms)[0m  [1m[34mSELECT  `categories`.* FROM `categories` WHERE `categories`.`category_id` = 1 LIMIT 1[0m  [["category_id", 1], ["LIMIT", 1]]
  [1m[36mCACHE (0.0ms)[0m  [1m[34mSELECT  `sub_categories`.* FROM `sub_categories` WHERE `sub_categories`.`sub_category_id` = 1 LIMIT 1[0m  [["sub_category_id", 1], ["LIMIT", 1]]
  [1m[36mCategory Load (0.5ms)[0m  [1m[34mSELECT  `categories`.* FROM `categories` WHERE `categories`.`category_id` = 3 LIMIT 1[0m
  [1m[36mSubCategory Load (0.5ms)[0m  [1m[34mSELECT  `sub_categories`.* FROM `sub_categories` WHERE `sub_categories`.`sub_category_id` = 9 LIMIT 1[0m
  [1m[36mCACHE (0.0ms)[0m  [1m[34mSELECT  `categories`.* FROM `categories` WHERE `categories`.`category_id` = 3 LIMIT 1[0m  [["category_id", 3], ["LIMIT", 1]]
  [1m[36mCACHE (0.0ms)[0m  [1m[34mSELECT  `sub_categories`.* FROM `sub_categories` WHERE `sub_categories`.`sub_category_id` = 9 LIMIT 1[0m  [["sub_category_id", 9], ["LIMIT", 1]]
  [1m[36mCACHE (0.0ms)[0m  [1m[34mSELECT  `categories`.* FROM `categories` WHERE `categories`.`category_id` = 3 LIMIT 1[0m  [["category_id", 3], ["LIMIT", 1]]
  [1m[36mSubCategory Load (0.5ms)[0m  [1m[34mSELECT  `sub_categories`.* FROM `sub_categories` WHERE `sub_categories`.`sub_category_id` = 3 LIMIT 1[0m
  [1m[36mCACHE (0.0ms)[0m  [1m[34mSELECT  `categories`.* FROM `categories` WHERE `categories`.`category_id` = 3 LIMIT 1[0m  [["category_id", 3], ["LIMIT", 1]]
  [1m[36mSubCategory Load (0.5ms)[0m  [1m[34mSELECT  `sub_categories`.* FROM `sub_categories` WHERE `sub_categories`.`sub_category_id` = 2 LIMIT 1[0m
  Rendered items/index.html.erb within layouts/standard (58.9ms)
  [1m[36mSeller Load (0.7ms)[0m  [1m[34mSELECT  `sellers`.* FROM `sellers` WHERE `sellers`.`seller_id` = 'someone' LIMIT 1[0m
Completed 200 OK in 118ms (Views: 98.2ms | ActiveRecord: 4.6ms)


Started GET "/items" for 127.0.0.1 at 2017-05-20 13:46:03 +0530
Processing by ItemsController#index as HTML
  Rendering items/index.html.erb within layouts/standard
  [1m[36mItem Load (0.7ms)[0m  [1m[34mSELECT `items`.* FROM `items`[0m
  [1m[36mCategory Load (1.4ms)[0m  [1m[34mSELECT  `categories`.* FROM `categories` WHERE `categories`.`category_id` = 1 LIMIT 1[0m
  [1m[36mSubCategory Load (0.9ms)[0m  [1m[34mSELECT  `sub_categories`.* FROM `sub_categories` WHERE `sub_categories`.`sub_category_id` = 1 LIMIT 1[0m
  [1m[36mCACHE (0.0ms)[0m  [1m[34mSELECT  `categories`.* FROM `categories` WHERE `categories`.`category_id` = 1 LIMIT 1[0m  [["category_id", 1], ["LIMIT", 1]]
  [1m[36mCACHE (0.0ms)[0m  [1m[34mSELECT  `sub_categories`.* FROM `sub_categories` WHERE `sub_categories`.`sub_category_id` = 1 LIMIT 1[0m  [["sub_category_id", 1], ["LIMIT", 1]]
  [1m[36mCategory Load (1.1ms)[0m  [1m[34mSELECT  `categories`.* FROM `categories` WHERE `categories`.`category_id` = 3 LIMIT 1[0m
  [1m[36mSubCategory Load (1.2ms)[0m  [1m[34mSELECT  `sub_categories`.* FROM `sub_categories` WHERE `sub_categories`.`sub_category_id` = 9 LIMIT 1[0m
  [1m[36mCACHE (0.0ms)[0m  [1m[34mSELECT  `categories`.* FROM `categories` WHERE `categories`.`category_id` = 3 LIMIT 1[0m  [["category_id", 3], ["LIMIT", 1]]
  [1m[36mCACHE (0.0ms)[0m  [1m[34mSELECT  `sub_categories`.* FROM `sub_categories` WHERE `sub_categories`.`sub_category_id` = 9 LIMIT 1[0m  [["sub_category_id", 9], ["LIMIT", 1]]
  [1m[36mCACHE (0.0ms)[0m  [1m[34mSELECT  `categories`.* FROM `categories` WHERE `categories`.`category_id` = 3 LIMIT 1[0m  [["category_id", 3], ["LIMIT", 1]]
  [1m[36mSubCategory Load (3.1ms)[0m  [1m[34mSELECT  `sub_categories`.* FROM `sub_categories` WHERE `sub_categories`.`sub_category_id` = 3 LIMIT 1[0m
  [1m[36mCACHE (0.0ms)[0m  [1m[34mSELECT  `categories`.* FROM `categories` WHERE `categories`.`category_id` = 3 LIMIT 1[0m  [["category_id", 3], ["LIMIT", 1]]
  [1m[36mSubCategory Load (0.6ms)[0m  [1m[34mSELECT  `sub_categories`.* FROM `sub_categories` WHERE `sub_categories`.`sub_category_id` = 2 LIMIT 1[0m
  Rendered items/index.html.erb within layouts/standard (43.9ms)
  [1m[36mSeller Load (0.6ms)[0m  [1m[34mSELECT  `sellers`.* FROM `sellers` WHERE `sellers`.`seller_id` = 'someone' LIMIT 1[0m
Completed 200 OK in 74ms (Views: 62.4ms | ActiveRecord: 9.8ms)


Started GET "/items" for 127.0.0.1 at 2017-05-20 13:46:04 +0530
Processing by ItemsController#index as HTML
  Rendering items/index.html.erb within layouts/standard
  [1m[36mItem Load (0.6ms)[0m  [1m[34mSELECT `items`.* FROM `items`[0m
  [1m[36mCategory Load (0.7ms)[0m  [1m[34mSELECT  `categories`.* FROM `categories` WHERE `categories`.`category_id` = 1 LIMIT 1[0m
  [1m[36mSubCategory Load (0.7ms)[0m  [1m[34mSELECT  `sub_categories`.* FROM `sub_categories` WHERE `sub_categories`.`sub_category_id` = 1 LIMIT 1[0m
  [1m[36mCACHE (0.0ms)[0m  [1m[34mSELECT  `categories`.* FROM `categories` WHERE `categories`.`category_id` = 1 LIMIT 1[0m  [["category_id", 1], ["LIMIT", 1]]
  [1m[36mCACHE (0.0ms)[0m  [1m[34mSELECT  `sub_categories`.* FROM `sub_categories` WHERE `sub_categories`.`sub_category_id` = 1 LIMIT 1[0m  [["sub_category_id", 1], ["LIMIT", 1]]
  [1m[36mCategory Load (0.5ms)[0m  [1m[34mSELECT  `categories`.* FROM `categories` WHERE `categories`.`category_id` = 3 LIMIT 1[0m
  [1m[36mSubCategory Load (1.7ms)[0m  [1m[34mSELECT  `sub_categories`.* FROM `sub_categories` WHERE `sub_categories`.`sub_category_id` = 9 LIMIT 1[0m
  [1m[36mCACHE (0.0ms)[0m  [1m[34mSELECT  `categories`.* FROM `categories` WHERE `categories`.`category_id` = 3 LIMIT 1[0m  [["category_id", 3], ["LIMIT", 1]]
  [1m[36mCACHE (0.0ms)[0m  [1m[34mSELECT  `sub_categories`.* FROM `sub_categories` WHERE `sub_categories`.`sub_category_id` = 9 LIMIT 1[0m  [["sub_category_id", 9], ["LIMIT", 1]]
  [1m[36mCACHE (0.0ms)[0m  [1m[34mSELECT  `categories`.* FROM `categories` WHERE `categories`.`category_id` = 3 LIMIT 1[0m  [["category_id", 3], ["LIMIT", 1]]
  [1m[36mSubCategory Load (0.6ms)[0m  [1m[34mSELECT  `sub_categories`.* FROM `sub_categories` WHERE `sub_categories`.`sub_category_id` = 3 LIMIT 1[0m
  [1m[36mCACHE (0.0ms)[0m  [1m[34mSELECT  `categories`.* FROM `categories` WHERE `categories`.`category_id` = 3 LIMIT 1[0m  [["category_id", 3], ["LIMIT", 1]]
  [1m[36mSubCategory Load (0.5ms)[0m  [1m[34mSELECT  `sub_categories`.* FROM `sub_categories` WHERE `sub_categories`.`sub_category_id` = 2 LIMIT 1[0m
  Rendered items/index.html.erb within layouts/standard (20.7ms)
  [1m[36mSeller Load (0.7ms)[0m  [1m[34mSELECT  `sellers`.* FROM `sellers` WHERE `sellers`.`seller_id` = 'someone' LIMIT 1[0m
Completed 200 OK in 49ms (Views: 40.9ms | ActiveRecord: 6.4ms)


Started GET "/sellers/login" for 127.0.0.1 at 2017-05-20 13:46:16 +0530
Processing by SellersController#login as HTML
  Rendering sellers/login.html.erb within layouts/standard
  Rendered sellers/login.html.erb within layouts/standard (3.5ms)
  [1m[36mSeller Load (0.6ms)[0m  [1m[34mSELECT  `sellers`.* FROM `sellers` WHERE `sellers`.`seller_id` = 'someone' LIMIT 1[0m
Completed 200 OK in 36ms (Views: 33.3ms | ActiveRecord: 0.6ms)


Started POST "/sellers/loggedin" for 127.0.0.1 at 2017-05-20 13:46:25 +0530
Processing by SellersController#loggedin as HTML
  Parameters: {"utf8"=>"✓", "authenticity_token"=>"bcJtd2mtlSpW5zWg/TUvOedQOGXoM7tyZN+gWo/Ck8+DWiUE05KxS5txEM/6gDE0z5KfHs5vbUN8eEp3BWvjNA==", "sellers"=>{"seller_id"=>"someone", "password"=>"[FILTERED]"}, "commit"=>"Login"}
  [1m[36mSeller Load (0.6ms)[0m  [1m[34mSELECT  `sellers`.* FROM `sellers` WHERE (LOWER(seller_id) = 'someone') LIMIT 1[0m
  [1m[36mSeller Load (0.5ms)[0m  [1m[34mSELECT  `sellers`.* FROM `sellers` WHERE `sellers`.`seller_id` = 'someone' LIMIT 1[0m
Redirected to http://localhost:3000/items
Completed 302 Found in 98ms (ActiveRecord: 1.1ms)


Started GET "/items" for 127.0.0.1 at 2017-05-20 13:46:25 +0530
Processing by ItemsController#index as HTML
  Rendering items/index.html.erb within layouts/standard
  [1m[36mItem Load (0.6ms)[0m  [1m[34mSELECT `items`.* FROM `items`[0m
  [1m[36mCategory Load (0.5ms)[0m  [1m[34mSELECT  `categories`.* FROM `categories` WHERE `categories`.`category_id` = 1 LIMIT 1[0m
  [1m[36mSubCategory Load (0.4ms)[0m  [1m[34mSELECT  `sub_categories`.* FROM `sub_categories` WHERE `sub_categories`.`sub_category_id` = 1 LIMIT 1[0m
  [1m[36mCACHE (0.0ms)[0m  [1m[34mSELECT  `categories`.* FROM `categories` WHERE `categories`.`category_id` = 1 LIMIT 1[0m  [["category_id", 1], ["LIMIT", 1]]
  [1m[36mCACHE (0.0ms)[0m  [1m[34mSELECT  `sub_categories`.* FROM `sub_categories` WHERE `sub_categories`.`sub_category_id` = 1 LIMIT 1[0m  [["sub_category_id", 1], ["LIMIT", 1]]
  [1m[36mCategory Load (0.6ms)[0m  [1m[34mSELECT  `categories`.* FROM `categories` WHERE `categories`.`category_id` = 3 LIMIT 1[0m
  [1m[36mSubCategory Load (0.5ms)[0m  [1m[34mSELECT  `sub_categories`.* FROM `sub_categories` WHERE `sub_categories`.`sub_category_id` = 9 LIMIT 1[0m
  [1m[36mCACHE (0.0ms)[0m  [1m[34mSELECT  `categories`.* FROM `categories` WHERE `categories`.`category_id` = 3 LIMIT 1[0m  [["category_id", 3], ["LIMIT", 1]]
  [1m[36mCACHE (0.0ms)[0m  [1m[34mSELECT  `sub_categories`.* FROM `sub_categories` WHERE `sub_categories`.`sub_category_id` = 9 LIMIT 1[0m  [["sub_category_id", 9], ["LIMIT", 1]]
  [1m[36mCACHE (0.0ms)[0m  [1m[34mSELECT  `categories`.* FROM `categories` WHERE `categories`.`category_id` = 3 LIMIT 1[0m  [["category_id", 3], ["LIMIT", 1]]
  [1m[36mSubCategory Load (0.6ms)[0m  [1m[34mSELECT  `sub_categories`.* FROM `sub_categories` WHERE `sub_categories`.`sub_category_id` = 3 LIMIT 1[0m
  [1m[36mCACHE (0.0ms)[0m  [1m[34mSELECT  `categories`.* FROM `categories` WHERE `categories`.`category_id` = 3 LIMIT 1[0m  [["category_id", 3], ["LIMIT", 1]]
  [1m[36mSubCategory Load (0.5ms)[0m  [1m[34mSELECT  `sub_categories`.* FROM `sub_categories` WHERE `sub_categories`.`sub_category_id` = 2 LIMIT 1[0m
  Rendered items/index.html.erb within layouts/standard (19.2ms)
  [1m[36mSeller Load (0.5ms)[0m  [1m[34mSELECT  `sellers`.* FROM `sellers` WHERE `sellers`.`seller_id` = 'someone' LIMIT 1[0m
Completed 200 OK in 42ms (Views: 36.3ms | ActiveRecord: 4.4ms)


Started GET "/items" for 127.0.0.1 at 2017-05-20 14:23:05 +0530
Processing by ItemsController#index as HTML
  Rendering items/index.html.erb within layouts/standard
  [1m[36mItem Load (0.5ms)[0m  [1m[34mSELECT `items`.* FROM `items`[0m
  [1m[36mCategory Load (0.4ms)[0m  [1m[34mSELECT  `categories`.* FROM `categories` WHERE `categories`.`category_id` = 1 LIMIT 1[0m
  [1m[36mSubCategory Load (0.5ms)[0m  [1m[34mSELECT  `sub_categories`.* FROM `sub_categories` WHERE `sub_categories`.`sub_category_id` = 1 LIMIT 1[0m
  [1m[36mCACHE (0.0ms)[0m  [1m[34mSELECT  `categories`.* FROM `categories` WHERE `categories`.`category_id` = 1 LIMIT 1[0m  [["category_id", 1], ["LIMIT", 1]]
  [1m[36mCACHE (0.1ms)[0m  [1m[34mSELECT  `sub_categories`.* FROM `sub_categories` WHERE `sub_categories`.`sub_category_id` = 1 LIMIT 1[0m  [["sub_category_id", 1], ["LIMIT", 1]]
  [1m[36mCategory Load (0.5ms)[0m  [1m[34mSELECT  `categories`.* FROM `categories` WHERE `categories`.`category_id` = 3 LIMIT 1[0m
  [1m[36mSubCategory Load (0.5ms)[0m  [1m[34mSELECT  `sub_categories`.* FROM `sub_categories` WHERE `sub_categories`.`sub_category_id` = 9 LIMIT 1[0m
  [1m[36mCACHE (0.0ms)[0m  [1m[34mSELECT  `categories`.* FROM `categories` WHERE `categories`.`category_id` = 3 LIMIT 1[0m  [["category_id", 3], ["LIMIT", 1]]
  [1m[36mCACHE (0.0ms)[0m  [1m[34mSELECT  `sub_categories`.* FROM `sub_categories` WHERE `sub_categories`.`sub_category_id` = 9 LIMIT 1[0m  [["sub_category_id", 9], ["LIMIT", 1]]
  [1m[36mCACHE (0.0ms)[0m  [1m[34mSELECT  `categories`.* FROM `categories` WHERE `categories`.`category_id` = 3 LIMIT 1[0m  [["category_id", 3], ["LIMIT", 1]]
  [1m[36mSubCategory Load (0.6ms)[0m  [1m[34mSELECT  `sub_categories`.* FROM `sub_categories` WHERE `sub_categories`.`sub_category_id` = 3 LIMIT 1[0m
  [1m[36mCACHE (0.0ms)[0m  [1m[34mSELECT  `categories`.* FROM `categories` WHERE `categories`.`category_id` = 3 LIMIT 1[0m  [["category_id", 3], ["LIMIT", 1]]
  [1m[36mSubCategory Load (0.5ms)[0m  [1m[34mSELECT  `sub_categories`.* FROM `sub_categories` WHERE `sub_categories`.`sub_category_id` = 2 LIMIT 1[0m
  Rendered items/index.html.erb within layouts/standard (66.6ms)
  [1m[36mSeller Load (0.5ms)[0m  [1m[34mSELECT  `sellers`.* FROM `sellers` WHERE `sellers`.`seller_id` = 'someone' LIMIT 1[0m
Completed 500 Internal Server Error in 388ms (ActiveRecord: 10.2ms)


  
ActionView::Template::Error (undefined local variable or method `current_account_selller' for #<#<Class:0x007f174c1377d8>:0x007f174c136040>
Did you mean?  current_account_seller):
    11:   <body>
    12:     <nav>
    13:         <% if account_seller_signed_in? %>
    14:           <% @current = current_account_selller %>
    15:           <p><%= @current %>
    16:           </p>
    17:         <% else %>
  
app/views/layouts/standard.html.erb:14:in `_app_views_layouts_standard_html_erb__872510118579923075_69869018634580'
  Rendering /home/usman/.rbenv/versions/2.4.0/lib/ruby/gems/2.4.0/gems/actionpack-5.0.3/lib/action_dispatch/middleware/templates/rescues/template_error.html.erb within rescues/layout
  Rendering /home/usman/.rbenv/versions/2.4.0/lib/ruby/gems/2.4.0/gems/actionpack-5.0.3/lib/action_dispatch/middleware/templates/rescues/_source.html.erb
  Rendered /home/usman/.rbenv/versions/2.4.0/lib/ruby/gems/2.4.0/gems/actionpack-5.0.3/lib/action_dispatch/middleware/templates/rescues/_source.html.erb (8.9ms)
  Rendering /home/usman/.rbenv/versions/2.4.0/lib/ruby/gems/2.4.0/gems/actionpack-5.0.3/lib/action_dispatch/middleware/templates/rescues/_trace.html.erb
  Rendered /home/usman/.rbenv/versions/2.4.0/lib/ruby/gems/2.4.0/gems/actionpack-5.0.3/lib/action_dispatch/middleware/templates/rescues/_trace.html.erb (4.2ms)
  Rendering /home/usman/.rbenv/versions/2.4.0/lib/ruby/gems/2.4.0/gems/actionpack-5.0.3/lib/action_dispatch/middleware/templates/rescues/_request_and_response.html.erb
  Rendered /home/usman/.rbenv/versions/2.4.0/lib/ruby/gems/2.4.0/gems/actionpack-5.0.3/lib/action_dispatch/middleware/templates/rescues/_request_and_response.html.erb (1.3ms)
  Rendered /home/usman/.rbenv/versions/2.4.0/lib/ruby/gems/2.4.0/gems/actionpack-5.0.3/lib/action_dispatch/middleware/templates/rescues/template_error.html.erb within rescues/layout (37.3ms)
Started GET "/items" for 127.0.0.1 at 2017-05-20 14:23:46 +0530
Processing by ItemsController#index as HTML
  Rendering items/index.html.erb within layouts/standard
  [1m[36mItem Load (0.6ms)[0m  [1m[34mSELECT `items`.* FROM `items`[0m
  [1m[36mCategory Load (0.5ms)[0m  [1m[34mSELECT  `categories`.* FROM `categories` WHERE `categories`.`category_id` = 1 LIMIT 1[0m
  [1m[36mSubCategory Load (0.5ms)[0m  [1m[34mSELECT  `sub_categories`.* FROM `sub_categories` WHERE `sub_categories`.`sub_category_id` = 1 LIMIT 1[0m
  [1m[36mCACHE (0.0ms)[0m  [1m[34mSELECT  `categories`.* FROM `categories` WHERE `categories`.`category_id` = 1 LIMIT 1[0m  [["category_id", 1], ["LIMIT", 1]]
  [1m[36mCACHE (0.0ms)[0m  [1m[34mSELECT  `sub_categories`.* FROM `sub_categories` WHERE `sub_categories`.`sub_category_id` = 1 LIMIT 1[0m  [["sub_category_id", 1], ["LIMIT", 1]]
  [1m[36mCategory Load (0.5ms)[0m  [1m[34mSELECT  `categories`.* FROM `categories` WHERE `categories`.`category_id` = 3 LIMIT 1[0m
  [1m[36mSubCategory Load (0.7ms)[0m  [1m[34mSELECT  `sub_categories`.* FROM `sub_categories` WHERE `sub_categories`.`sub_category_id` = 9 LIMIT 1[0m
  [1m[36mCACHE (0.0ms)[0m  [1m[34mSELECT  `categories`.* FROM `categories` WHERE `categories`.`category_id` = 3 LIMIT 1[0m  [["category_id", 3], ["LIMIT", 1]]
  [1m[36mCACHE (0.3ms)[0m  [1m[34mSELECT  `sub_categories`.* FROM `sub_categories` WHERE `sub_categories`.`sub_category_id` = 9 LIMIT 1[0m  [["sub_category_id", 9], ["LIMIT", 1]]
  [1m[36mCACHE (0.0ms)[0m  [1m[34mSELECT  `categories`.* FROM `categories` WHERE `categories`.`category_id` = 3 LIMIT 1[0m  [["category_id", 3], ["LIMIT", 1]]
  [1m[36mSubCategory Load (1.0ms)[0m  [1m[34mSELECT  `sub_categories`.* FROM `sub_categories` WHERE `sub_categories`.`sub_category_id` = 3 LIMIT 1[0m
  [1m[36mCACHE (0.0ms)[0m  [1m[34mSELECT  `categories`.* FROM `categories` WHERE `categories`.`category_id` = 3 LIMIT 1[0m  [["category_id", 3], ["LIMIT", 1]]
  [1m[36mSubCategory Load (0.5ms)[0m  [1m[34mSELECT  `sub_categories`.* FROM `sub_categories` WHERE `sub_categories`.`sub_category_id` = 2 LIMIT 1[0m
  Rendered items/index.html.erb within layouts/standard (22.8ms)
  [1m[36mSeller Load (0.5ms)[0m  [1m[34mSELECT  `sellers`.* FROM `sellers` WHERE `sellers`.`seller_id` = 'someone' LIMIT 1[0m
Completed 200 OK in 53ms (Views: 45.5ms | ActiveRecord: 5.3ms)


Started GET "/items" for 127.0.0.1 at 2017-05-20 14:24:00 +0530
Processing by ItemsController#index as HTML
  Rendering items/index.html.erb within layouts/standard
  [1m[36mItem Load (0.7ms)[0m  [1m[34mSELECT `items`.* FROM `items`[0m
  [1m[36mCategory Load (1.5ms)[0m  [1m[34mSELECT  `categories`.* FROM `categories` WHERE `categories`.`category_id` = 1 LIMIT 1[0m
  [1m[36mSubCategory Load (0.6ms)[0m  [1m[34mSELECT  `sub_categories`.* FROM `sub_categories` WHERE `sub_categories`.`sub_category_id` = 1 LIMIT 1[0m
  [1m[36mCACHE (0.0ms)[0m  [1m[34mSELECT  `categories`.* FROM `categories` WHERE `categories`.`category_id` = 1 LIMIT 1[0m  [["category_id", 1], ["LIMIT", 1]]
  [1m[36mCACHE (0.0ms)[0m  [1m[34mSELECT  `sub_categories`.* FROM `sub_categories` WHERE `sub_categories`.`sub_category_id` = 1 LIMIT 1[0m  [["sub_category_id", 1], ["LIMIT", 1]]
  [1m[36mCategory Load (1.0ms)[0m  [1m[34mSELECT  `categories`.* FROM `categories` WHERE `categories`.`category_id` = 3 LIMIT 1[0m
  [1m[36mSubCategory Load (0.6ms)[0m  [1m[34mSELECT  `sub_categories`.* FROM `sub_categories` WHERE `sub_categories`.`sub_category_id` = 9 LIMIT 1[0m
  [1m[36mCACHE (0.0ms)[0m  [1m[34mSELECT  `categories`.* FROM `categories` WHERE `categories`.`category_id` = 3 LIMIT 1[0m  [["category_id", 3], ["LIMIT", 1]]
  [1m[36mCACHE (0.0ms)[0m  [1m[34mSELECT  `sub_categories`.* FROM `sub_categories` WHERE `sub_categories`.`sub_category_id` = 9 LIMIT 1[0m  [["sub_category_id", 9], ["LIMIT", 1]]
  [1m[36mCACHE (0.0ms)[0m  [1m[34mSELECT  `categories`.* FROM `categories` WHERE `categories`.`category_id` = 3 LIMIT 1[0m  [["category_id", 3], ["LIMIT", 1]]
  [1m[36mSubCategory Load (0.5ms)[0m  [1m[34mSELECT  `sub_categories`.* FROM `sub_categories` WHERE `sub_categories`.`sub_category_id` = 3 LIMIT 1[0m
  [1m[36mCACHE (0.0ms)[0m  [1m[34mSELECT  `categories`.* FROM `categories` WHERE `categories`.`category_id` = 3 LIMIT 1[0m  [["category_id", 3], ["LIMIT", 1]]
  [1m[36mSubCategory Load (0.5ms)[0m  [1m[34mSELECT  `sub_categories`.* FROM `sub_categories` WHERE `sub_categories`.`sub_category_id` = 2 LIMIT 1[0m
  Rendered items/index.html.erb within layouts/standard (24.8ms)
  [1m[36mSeller Load (0.6ms)[0m  [1m[34mSELECT  `sellers`.* FROM `sellers` WHERE `sellers`.`seller_id` = 'someone' LIMIT 1[0m
Completed 200 OK in 82ms (Views: 74.2ms | ActiveRecord: 6.2ms)


Started GET "/sellers/login" for 127.0.0.1 at 2017-05-20 14:26:06 +0530
  
SyntaxError (/home/usman/Projects/rails-project/flickon/app/controllers/sellers_controller.rb:101: syntax error, unexpected end-of-input, expecting keyword_end):
  
app/controllers/sellers_controller.rb:101: syntax error, unexpected end-of-input, expecting keyword_end
  Rendering /home/usman/.rbenv/versions/2.4.0/lib/ruby/gems/2.4.0/gems/actionpack-5.0.3/lib/action_dispatch/middleware/templates/rescues/diagnostics.html.erb within rescues/layout
  Rendering /home/usman/.rbenv/versions/2.4.0/lib/ruby/gems/2.4.0/gems/actionpack-5.0.3/lib/action_dispatch/middleware/templates/rescues/_source.html.erb
  Rendered /home/usman/.rbenv/versions/2.4.0/lib/ruby/gems/2.4.0/gems/actionpack-5.0.3/lib/action_dispatch/middleware/templates/rescues/_source.html.erb (6.2ms)
  Rendering /home/usman/.rbenv/versions/2.4.0/lib/ruby/gems/2.4.0/gems/actionpack-5.0.3/lib/action_dispatch/middleware/templates/rescues/_trace.html.erb
  Rendered /home/usman/.rbenv/versions/2.4.0/lib/ruby/gems/2.4.0/gems/actionpack-5.0.3/lib/action_dispatch/middleware/templates/rescues/_trace.html.erb (3.1ms)
  Rendering /home/usman/.rbenv/versions/2.4.0/lib/ruby/gems/2.4.0/gems/actionpack-5.0.3/lib/action_dispatch/middleware/templates/rescues/_request_and_response.html.erb
  Rendered /home/usman/.rbenv/versions/2.4.0/lib/ruby/gems/2.4.0/gems/actionpack-5.0.3/lib/action_dispatch/middleware/templates/rescues/_request_and_response.html.erb (1.8ms)
  Rendered /home/usman/.rbenv/versions/2.4.0/lib/ruby/gems/2.4.0/gems/actionpack-5.0.3/lib/action_dispatch/middleware/templates/rescues/diagnostics.html.erb within rescues/layout (36.0ms)
Started GET "/sellers/login" for 127.0.0.1 at 2017-05-20 14:26:17 +0530
Processing by SellersController#login as HTML
  [1m[36mSeller Load (0.5ms)[0m  [1m[34mSELECT  `sellers`.* FROM `sellers` WHERE `sellers`.`seller_id` = 'someone' LIMIT 1[0m
Redirected to http://localhost:3000/items
Completed 302 Found in 12ms (ActiveRecord: 0.5ms)


Started GET "/items" for 127.0.0.1 at 2017-05-20 14:26:17 +0530
Processing by ItemsController#index as HTML
  Rendering items/index.html.erb within layouts/standard
  [1m[36mItem Load (0.6ms)[0m  [1m[34mSELECT `items`.* FROM `items`[0m
  [1m[36mCategory Load (0.3ms)[0m  [1m[34mSELECT  `categories`.* FROM `categories` WHERE `categories`.`category_id` = 1 LIMIT 1[0m
  [1m[36mSubCategory Load (0.3ms)[0m  [1m[34mSELECT  `sub_categories`.* FROM `sub_categories` WHERE `sub_categories`.`sub_category_id` = 1 LIMIT 1[0m
  [1m[36mCACHE (0.0ms)[0m  [1m[34mSELECT  `categories`.* FROM `categories` WHERE `categories`.`category_id` = 1 LIMIT 1[0m  [["category_id", 1], ["LIMIT", 1]]
  [1m[36mCACHE (0.0ms)[0m  [1m[34mSELECT  `sub_categories`.* FROM `sub_categories` WHERE `sub_categories`.`sub_category_id` = 1 LIMIT 1[0m  [["sub_category_id", 1], ["LIMIT", 1]]
  [1m[36mCategory Load (0.5ms)[0m  [1m[34mSELECT  `categories`.* FROM `categories` WHERE `categories`.`category_id` = 3 LIMIT 1[0m
  [1m[36mSubCategory Load (0.4ms)[0m  [1m[34mSELECT  `sub_categories`.* FROM `sub_categories` WHERE `sub_categories`.`sub_category_id` = 9 LIMIT 1[0m
  [1m[36mCACHE (0.0ms)[0m  [1m[34mSELECT  `categories`.* FROM `categories` WHERE `categories`.`category_id` = 3 LIMIT 1[0m  [["category_id", 3], ["LIMIT", 1]]
  [1m[36mCACHE (0.0ms)[0m  [1m[34mSELECT  `sub_categories`.* FROM `sub_categories` WHERE `sub_categories`.`sub_category_id` = 9 LIMIT 1[0m  [["sub_category_id", 9], ["LIMIT", 1]]
  [1m[36mCACHE (0.0ms)[0m  [1m[34mSELECT  `categories`.* FROM `categories` WHERE `categories`.`category_id` = 3 LIMIT 1[0m  [["category_id", 3], ["LIMIT", 1]]
  [1m[36mSubCategory Load (0.4ms)[0m  [1m[34mSELECT  `sub_categories`.* FROM `sub_categories` WHERE `sub_categories`.`sub_category_id` = 3 LIMIT 1[0m
  [1m[36mCACHE (0.0ms)[0m  [1m[34mSELECT  `categories`.* FROM `categories` WHERE `categories`.`category_id` = 3 LIMIT 1[0m  [["category_id", 3], ["LIMIT", 1]]
  [1m[36mSubCategory Load (0.4ms)[0m  [1m[34mSELECT  `sub_categories`.* FROM `sub_categories` WHERE `sub_categories`.`sub_category_id` = 2 LIMIT 1[0m
  Rendered items/index.html.erb within layouts/standard (59.0ms)
  [1m[36mSeller Load (0.5ms)[0m  [1m[34mSELECT  `sellers`.* FROM `sellers` WHERE `sellers`.`seller_id` = 'someone' LIMIT 1[0m
Completed 200 OK in 97ms (Views: 74.9ms | ActiveRecord: 7.8ms)


Started GET "/items" for 127.0.0.1 at 2017-05-20 14:36:25 +0530
  [1m[36mActiveRecord::SchemaMigration Load (0.5ms)[0m  [1m[34mSELECT `schema_migrations`.* FROM `schema_migrations`[0m
Processing by ItemsController#index as HTML
  Rendering items/index.html.erb within layouts/standard
  [1m[36mItem Load (0.6ms)[0m  [1m[34mSELECT `items`.* FROM `items`[0m
  [1m[36mCategory Load (0.4ms)[0m  [1m[34mSELECT  `categories`.* FROM `categories` WHERE `categories`.`category_id` = 1 LIMIT 1[0m
  [1m[36mSubCategory Load (0.5ms)[0m  [1m[34mSELECT  `sub_categories`.* FROM `sub_categories` WHERE `sub_categories`.`sub_category_id` = 1 LIMIT 1[0m
  [1m[36mCategory Load (0.6ms)[0m  [1m[34mSELECT  `categories`.* FROM `categories` WHERE `categories`.`category_id` = 1 LIMIT 1[0m
  [1m[36mSubCategory Load (0.4ms)[0m  [1m[34mSELECT  `sub_categories`.* FROM `sub_categories` WHERE `sub_categories`.`sub_category_id` = 1 LIMIT 1[0m
  [1m[36mCategory Load (0.6ms)[0m  [1m[34mSELECT  `categories`.* FROM `categories` WHERE `categories`.`category_id` = 3 LIMIT 1[0m
  [1m[36mSubCategory Load (0.6ms)[0m  [1m[34mSELECT  `sub_categories`.* FROM `sub_categories` WHERE `sub_categories`.`sub_category_id` = 9 LIMIT 1[0m
  [1m[36mCategory Load (0.4ms)[0m  [1m[34mSELECT  `categories`.* FROM `categories` WHERE `categories`.`category_id` = 3 LIMIT 1[0m
  [1m[36mSubCategory Load (0.4ms)[0m  [1m[34mSELECT  `sub_categories`.* FROM `sub_categories` WHERE `sub_categories`.`sub_category_id` = 9 LIMIT 1[0m
  [1m[36mCategory Load (0.4ms)[0m  [1m[34mSELECT  `categories`.* FROM `categories` WHERE `categories`.`category_id` = 3 LIMIT 1[0m
  [1m[36mSubCategory Load (0.3ms)[0m  [1m[34mSELECT  `sub_categories`.* FROM `sub_categories` WHERE `sub_categories`.`sub_category_id` = 3 LIMIT 1[0m
  Rendered items/index.html.erb within layouts/standard (62.7ms)
  [1m[36mSeller Load (0.4ms)[0m  [1m[34mSELECT  `sellers`.* FROM `sellers` WHERE `sellers`.`seller_id` = 'someone' LIMIT 1[0m
Completed 200 OK in 326ms (Views: 278.1ms | ActiveRecord: 12.8ms)


Started GET "/" for 127.0.0.1 at 2017-05-20 16:41:34 +0530
  [1m[36mActiveRecord::SchemaMigration Load (0.7ms)[0m  [1m[34mSELECT `schema_migrations`.* FROM `schema_migrations`[0m
Processing by Rails::WelcomeController#index as HTML
  Parameters: {"internal"=>true}
  Rendering /home/usman/.rbenv/versions/2.4.0/lib/ruby/gems/2.4.0/gems/railties-5.0.3/lib/rails/templates/rails/welcome/index.html.erb
  Rendered /home/usman/.rbenv/versions/2.4.0/lib/ruby/gems/2.4.0/gems/railties-5.0.3/lib/rails/templates/rails/welcome/index.html.erb (5.6ms)
Completed 200 OK in 65ms (Views: 38.2ms | ActiveRecord: 0.0ms)


Started GET "/sellers/login" for 127.0.0.1 at 2017-05-20 16:41:40 +0530
Processing by SellersController#login as HTML
  [1m[36mSeller Load (0.6ms)[0m  [1m[34mSELECT  `sellers`.* FROM `sellers` WHERE `sellers`.`seller_id` = 'someone' LIMIT 1[0m
Redirected to http://localhost:3000/items
Completed 302 Found in 78ms (ActiveRecord: 3.0ms)


Started GET "/items" for 127.0.0.1 at 2017-05-20 16:41:40 +0530
Processing by ItemsController#index as HTML
  Rendering items/index.html.erb within layouts/standard
  [1m[36mItem Load (0.7ms)[0m  [1m[34mSELECT `items`.* FROM `items`[0m
  [1m[36mCategory Load (0.4ms)[0m  [1m[34mSELECT  `categories`.* FROM `categories` WHERE `categories`.`category_id` = 1 LIMIT 1[0m
  [1m[36mSubCategory Load (0.4ms)[0m  [1m[34mSELECT  `sub_categories`.* FROM `sub_categories` WHERE `sub_categories`.`sub_category_id` = 1 LIMIT 1[0m
  [1m[36mSeller Load (1.5ms)[0m  [1m[34mSELECT  `sellers`.* FROM `sellers` WHERE `sellers`.`seller_id` = 'someone' LIMIT 1[0m
  [1m[36mCACHE (0.0ms)[0m  [1m[34mSELECT  `categories`.* FROM `categories` WHERE `categories`.`category_id` = 1 LIMIT 1[0m  [["category_id", 1], ["LIMIT", 1]]
  [1m[36mCACHE (0.0ms)[0m  [1m[34mSELECT  `sub_categories`.* FROM `sub_categories` WHERE `sub_categories`.`sub_category_id` = 1 LIMIT 1[0m  [["sub_category_id", 1], ["LIMIT", 1]]
  [1m[36mCategory Load (1.1ms)[0m  [1m[34mSELECT  `categories`.* FROM `categories` WHERE `categories`.`category_id` = 3 LIMIT 1[0m
  [1m[36mSubCategory Load (0.6ms)[0m  [1m[34mSELECT  `sub_categories`.* FROM `sub_categories` WHERE `sub_categories`.`sub_category_id` = 9 LIMIT 1[0m
  [1m[36mCACHE (0.0ms)[0m  [1m[34mSELECT  `categories`.* FROM `categories` WHERE `categories`.`category_id` = 3 LIMIT 1[0m  [["category_id", 3], ["LIMIT", 1]]
  [1m[36mCACHE (0.0ms)[0m  [1m[34mSELECT  `sub_categories`.* FROM `sub_categories` WHERE `sub_categories`.`sub_category_id` = 9 LIMIT 1[0m  [["sub_category_id", 9], ["LIMIT", 1]]
  [1m[36mCACHE (0.1ms)[0m  [1m[34mSELECT  `categories`.* FROM `categories` WHERE `categories`.`category_id` = 3 LIMIT 1[0m  [["category_id", 3], ["LIMIT", 1]]
  [1m[36mSubCategory Load (0.5ms)[0m  [1m[34mSELECT  `sub_categories`.* FROM `sub_categories` WHERE `sub_categories`.`sub_category_id` = 3 LIMIT 1[0m
  Rendered items/index.html.erb within layouts/standard (73.6ms)
Completed 500 Internal Server Error in 680ms (ActiveRecord: 9.8ms)


  
ActionView::Template::Error (undefined method `user_id' for #<Seller:0x0055db596ddde8>
Did you mean?  seller_id):
    12:     <nav>
    13:         <% if account_user_signed_in? %>
    14:           <% @current = current_account_user %>
    15:           <p><%= @current.user_id %>
    16:           </p>
    17:         <% else %>
    18:           <li><%= link_to 'log in', user_login_path %></li>
  
app/views/layouts/standard.html.erb:15:in `_app_views_layouts_standard_html_erb__1123310398272724673_47200293839520'
  Rendering /home/usman/.rbenv/versions/2.4.0/lib/ruby/gems/2.4.0/gems/actionpack-5.0.3/lib/action_dispatch/middleware/templates/rescues/template_error.html.erb within rescues/layout
  Rendering /home/usman/.rbenv/versions/2.4.0/lib/ruby/gems/2.4.0/gems/actionpack-5.0.3/lib/action_dispatch/middleware/templates/rescues/_source.html.erb
  Rendered /home/usman/.rbenv/versions/2.4.0/lib/ruby/gems/2.4.0/gems/actionpack-5.0.3/lib/action_dispatch/middleware/templates/rescues/_source.html.erb (41.9ms)
  Rendering /home/usman/.rbenv/versions/2.4.0/lib/ruby/gems/2.4.0/gems/actionpack-5.0.3/lib/action_dispatch/middleware/templates/rescues/_trace.html.erb
  Rendered /home/usman/.rbenv/versions/2.4.0/lib/ruby/gems/2.4.0/gems/actionpack-5.0.3/lib/action_dispatch/middleware/templates/rescues/_trace.html.erb (3.9ms)
  Rendering /home/usman/.rbenv/versions/2.4.0/lib/ruby/gems/2.4.0/gems/actionpack-5.0.3/lib/action_dispatch/middleware/templates/rescues/_request_and_response.html.erb
  Rendered /home/usman/.rbenv/versions/2.4.0/lib/ruby/gems/2.4.0/gems/actionpack-5.0.3/lib/action_dispatch/middleware/templates/rescues/_request_and_response.html.erb (1.6ms)
  Rendered /home/usman/.rbenv/versions/2.4.0/lib/ruby/gems/2.4.0/gems/actionpack-5.0.3/lib/action_dispatch/middleware/templates/rescues/template_error.html.erb within rescues/layout (79.0ms)
Started GET "/items" for 127.0.0.1 at 2017-05-20 16:43:17 +0530
Processing by ItemsController#index as HTML
  Rendering items/index.html.erb within layouts/standard
  [1m[36mItem Load (0.5ms)[0m  [1m[34mSELECT `items`.* FROM `items`[0m
  [1m[36mCategory Load (0.5ms)[0m  [1m[34mSELECT  `categories`.* FROM `categories` WHERE `categories`.`category_id` = 1 LIMIT 1[0m
  [1m[36mSubCategory Load (0.4ms)[0m  [1m[34mSELECT  `sub_categories`.* FROM `sub_categories` WHERE `sub_categories`.`sub_category_id` = 1 LIMIT 1[0m
  [1m[36mSeller Load (0.5ms)[0m  [1m[34mSELECT  `sellers`.* FROM `sellers` WHERE `sellers`.`seller_id` = 'someone' LIMIT 1[0m
  [1m[36mCACHE (0.0ms)[0m  [1m[34mSELECT  `categories`.* FROM `categories` WHERE `categories`.`category_id` = 1 LIMIT 1[0m  [["category_id", 1], ["LIMIT", 1]]
  [1m[36mCACHE (0.0ms)[0m  [1m[34mSELECT  `sub_categories`.* FROM `sub_categories` WHERE `sub_categories`.`sub_category_id` = 1 LIMIT 1[0m  [["sub_category_id", 1], ["LIMIT", 1]]
  [1m[36mCategory Load (0.5ms)[0m  [1m[34mSELECT  `categories`.* FROM `categories` WHERE `categories`.`category_id` = 3 LIMIT 1[0m
  [1m[36mSubCategory Load (0.5ms)[0m  [1m[34mSELECT  `sub_categories`.* FROM `sub_categories` WHERE `sub_categories`.`sub_category_id` = 9 LIMIT 1[0m
  [1m[36mCACHE (0.0ms)[0m  [1m[34mSELECT  `categories`.* FROM `categories` WHERE `categories`.`category_id` = 3 LIMIT 1[0m  [["category_id", 3], ["LIMIT", 1]]
  [1m[36mCACHE (0.0ms)[0m  [1m[34mSELECT  `sub_categories`.* FROM `sub_categories` WHERE `sub_categories`.`sub_category_id` = 9 LIMIT 1[0m  [["sub_category_id", 9], ["LIMIT", 1]]
  [1m[36mCACHE (0.0ms)[0m  [1m[34mSELECT  `categories`.* FROM `categories` WHERE `categories`.`category_id` = 3 LIMIT 1[0m  [["category_id", 3], ["LIMIT", 1]]
  [1m[36mSubCategory Load (0.6ms)[0m  [1m[34mSELECT  `sub_categories`.* FROM `sub_categories` WHERE `sub_categories`.`sub_category_id` = 3 LIMIT 1[0m
  Rendered items/index.html.erb within layouts/standard (19.9ms)
Completed 500 Internal Server Error in 63ms (ActiveRecord: 3.7ms)


  
ActionView::Template::Error (undefined method `user_id' for #<Seller:0x007f8a9601e000>
Did you mean?  seller_id):
    12:     <nav>
    13:         <% if account_user_signed_in? %>
    14:           <% @current = current_account_user %>
    15:           <p><%= @current.user_id %>
    16:           </p>
    17:         <% else %>
    18:           <li><%= link_to 'log in', user_login_path %></li>
  
app/views/layouts/standard.html.erb:15:in `_app_views_layouts_standard_html_erb__1123310398272724673_70116599617100'
  Rendering /home/usman/.rbenv/versions/2.4.0/lib/ruby/gems/2.4.0/gems/actionpack-5.0.3/lib/action_dispatch/middleware/templates/rescues/template_error.html.erb within rescues/layout
  Rendering /home/usman/.rbenv/versions/2.4.0/lib/ruby/gems/2.4.0/gems/actionpack-5.0.3/lib/action_dispatch/middleware/templates/rescues/_source.html.erb
  Rendered /home/usman/.rbenv/versions/2.4.0/lib/ruby/gems/2.4.0/gems/actionpack-5.0.3/lib/action_dispatch/middleware/templates/rescues/_source.html.erb (11.2ms)
  Rendering /home/usman/.rbenv/versions/2.4.0/lib/ruby/gems/2.4.0/gems/actionpack-5.0.3/lib/action_dispatch/middleware/templates/rescues/_trace.html.erb
  Rendered /home/usman/.rbenv/versions/2.4.0/lib/ruby/gems/2.4.0/gems/actionpack-5.0.3/lib/action_dispatch/middleware/templates/rescues/_trace.html.erb (6.1ms)
  Rendering /home/usman/.rbenv/versions/2.4.0/lib/ruby/gems/2.4.0/gems/actionpack-5.0.3/lib/action_dispatch/middleware/templates/rescues/_request_and_response.html.erb
  Rendered /home/usman/.rbenv/versions/2.4.0/lib/ruby/gems/2.4.0/gems/actionpack-5.0.3/lib/action_dispatch/middleware/templates/rescues/_request_and_response.html.erb (1.0ms)
  Rendered /home/usman/.rbenv/versions/2.4.0/lib/ruby/gems/2.4.0/gems/actionpack-5.0.3/lib/action_dispatch/middleware/templates/rescues/template_error.html.erb within rescues/layout (43.5ms)
Started GET "/sellers" for 127.0.0.1 at 2017-05-20 16:43:59 +0530
Processing by SellersController#index as HTML
  Rendering sellers/index.html.erb within layouts/standard
  [1m[36mSeller Load (0.6ms)[0m  [1m[34mSELECT `sellers`.* FROM `sellers`[0m
  Rendered sellers/index.html.erb within layouts/standard (6.7ms)
  [1m[36mUser Load (1.1ms)[0m  [1m[34mSELECT  `users`.* FROM `users` WHERE `users`.`seller_id` IS NULL LIMIT 1[0m
Completed 500 Internal Server Error in 107ms (ActiveRecord: 1.7ms)


  
ActionView::Template::Error (Mysql2::Error: Unknown column 'users.seller_id' in 'where clause': SELECT  `users`.* FROM `users` WHERE `users`.`seller_id` IS NULL LIMIT 1):
    10:  
    11:   <body>
    12:     <nav>
    13:         <% if account_user_signed_in? %>
    14:           <% @current = current_account_user %>
    15:           <p><%= @current.user_id %>
    16:           </p>
  
app/controllers/application_controller.rb:25:in `current_account_user'
app/controllers/application_controller.rb:29:in `account_user_signed_in?'
app/views/layouts/standard.html.erb:13:in `_app_views_layouts_standard_html_erb__1123310398272724673_70116600108120'
  Rendering /home/usman/.rbenv/versions/2.4.0/lib/ruby/gems/2.4.0/gems/actionpack-5.0.3/lib/action_dispatch/middleware/templates/rescues/template_error.html.erb within rescues/layout
  Rendering /home/usman/.rbenv/versions/2.4.0/lib/ruby/gems/2.4.0/gems/actionpack-5.0.3/lib/action_dispatch/middleware/templates/rescues/_source.html.erb
  Rendered /home/usman/.rbenv/versions/2.4.0/lib/ruby/gems/2.4.0/gems/actionpack-5.0.3/lib/action_dispatch/middleware/templates/rescues/_source.html.erb (20.4ms)
  Rendering /home/usman/.rbenv/versions/2.4.0/lib/ruby/gems/2.4.0/gems/actionpack-5.0.3/lib/action_dispatch/middleware/templates/rescues/_trace.html.erb
  Rendered /home/usman/.rbenv/versions/2.4.0/lib/ruby/gems/2.4.0/gems/actionpack-5.0.3/lib/action_dispatch/middleware/templates/rescues/_trace.html.erb (4.8ms)
  Rendering /home/usman/.rbenv/versions/2.4.0/lib/ruby/gems/2.4.0/gems/actionpack-5.0.3/lib/action_dispatch/middleware/templates/rescues/_request_and_response.html.erb
  Rendered /home/usman/.rbenv/versions/2.4.0/lib/ruby/gems/2.4.0/gems/actionpack-5.0.3/lib/action_dispatch/middleware/templates/rescues/_request_and_response.html.erb (1.6ms)
  Rendered /home/usman/.rbenv/versions/2.4.0/lib/ruby/gems/2.4.0/gems/actionpack-5.0.3/lib/action_dispatch/middleware/templates/rescues/template_error.html.erb within rescues/layout (52.1ms)
Started GET "/sellers" for 127.0.0.1 at 2017-05-20 16:44:52 +0530
Processing by SellersController#index as HTML
  Rendering sellers/index.html.erb within layouts/standard
  [1m[36mSeller Load (0.6ms)[0m  [1m[34mSELECT `sellers`.* FROM `sellers`[0m
  Rendered sellers/index.html.erb within layouts/standard (11.2ms)
  [1m[36mUser Load (0.5ms)[0m  [1m[34mSELECT  `users`.* FROM `users` WHERE `users`.`user_id` IS NULL LIMIT 1[0m
Completed 500 Internal Server Error in 326ms (ActiveRecord: 3.8ms)


  
ActionView::Template::Error (undefined local variable or method `user_login_path' for #<#<Class:0x007f8a95fc7278>:0x007f8a95fc60a8>
Did you mean?  users_login_path
               users_loggedin_path
               users_logout_path):
    15:           <p><%= @current.user_id %>
    16:           </p>
    17:         <% else %>
    18:           <li><%= link_to 'log in', user_login_path %></li>
    19:         <% end %>
    20:     </nav>
    21:     <%= yield %>
  
app/views/layouts/standard.html.erb:18:in `_app_views_layouts_standard_html_erb__1123310398272724673_70116599266360'
  Rendering /home/usman/.rbenv/versions/2.4.0/lib/ruby/gems/2.4.0/gems/actionpack-5.0.3/lib/action_dispatch/middleware/templates/rescues/template_error.html.erb within rescues/layout
  Rendering /home/usman/.rbenv/versions/2.4.0/lib/ruby/gems/2.4.0/gems/actionpack-5.0.3/lib/action_dispatch/middleware/templates/rescues/_source.html.erb
  Rendered /home/usman/.rbenv/versions/2.4.0/lib/ruby/gems/2.4.0/gems/actionpack-5.0.3/lib/action_dispatch/middleware/templates/rescues/_source.html.erb (8.7ms)
  Rendering /home/usman/.rbenv/versions/2.4.0/lib/ruby/gems/2.4.0/gems/actionpack-5.0.3/lib/action_dispatch/middleware/templates/rescues/_trace.html.erb
  Rendered /home/usman/.rbenv/versions/2.4.0/lib/ruby/gems/2.4.0/gems/actionpack-5.0.3/lib/action_dispatch/middleware/templates/rescues/_trace.html.erb (3.1ms)
  Rendering /home/usman/.rbenv/versions/2.4.0/lib/ruby/gems/2.4.0/gems/actionpack-5.0.3/lib/action_dispatch/middleware/templates/rescues/_request_and_response.html.erb
  Rendered /home/usman/.rbenv/versions/2.4.0/lib/ruby/gems/2.4.0/gems/actionpack-5.0.3/lib/action_dispatch/middleware/templates/rescues/_request_and_response.html.erb (1.4ms)
  Rendered /home/usman/.rbenv/versions/2.4.0/lib/ruby/gems/2.4.0/gems/actionpack-5.0.3/lib/action_dispatch/middleware/templates/rescues/template_error.html.erb within rescues/layout (39.9ms)
Started GET "/sellers" for 127.0.0.1 at 2017-05-20 16:45:08 +0530
Processing by SellersController#index as HTML
  Rendering sellers/index.html.erb within layouts/standard
  [1m[36mSeller Load (0.7ms)[0m  [1m[34mSELECT `sellers`.* FROM `sellers`[0m
  Rendered sellers/index.html.erb within layouts/standard (7.7ms)
  [1m[36mUser Load (0.5ms)[0m  [1m[34mSELECT  `users`.* FROM `users` WHERE `users`.`user_id` IS NULL LIMIT 1[0m
Completed 200 OK in 44ms (Views: 40.9ms | ActiveRecord: 1.2ms)


Started GET "/users/login" for 127.0.0.1 at 2017-05-20 16:45:12 +0530
Processing by SellersController#login as HTML
  [1m[36mSeller Load (0.6ms)[0m  [1m[34mSELECT  `sellers`.* FROM `sellers` WHERE `sellers`.`seller_id` = 'someone' LIMIT 1[0m
Redirected to http://localhost:3000/items
Completed 302 Found in 5ms (ActiveRecord: 0.6ms)


Started GET "/items" for 127.0.0.1 at 2017-05-20 16:45:12 +0530
Processing by ItemsController#index as HTML
  Rendering items/index.html.erb within layouts/standard
  [1m[36mItem Load (0.6ms)[0m  [1m[34mSELECT `items`.* FROM `items`[0m
  [1m[36mCategory Load (0.4ms)[0m  [1m[34mSELECT  `categories`.* FROM `categories` WHERE `categories`.`category_id` = 1 LIMIT 1[0m
  [1m[36mSubCategory Load (0.3ms)[0m  [1m[34mSELECT  `sub_categories`.* FROM `sub_categories` WHERE `sub_categories`.`sub_category_id` = 1 LIMIT 1[0m
  [1m[36mSeller Load (0.6ms)[0m  [1m[34mSELECT  `sellers`.* FROM `sellers` WHERE `sellers`.`seller_id` = 'someone' LIMIT 1[0m
  [1m[36mCACHE (0.0ms)[0m  [1m[34mSELECT  `categories`.* FROM `categories` WHERE `categories`.`category_id` = 1 LIMIT 1[0m  [["category_id", 1], ["LIMIT", 1]]
  [1m[36mCACHE (0.0ms)[0m  [1m[34mSELECT  `sub_categories`.* FROM `sub_categories` WHERE `sub_categories`.`sub_category_id` = 1 LIMIT 1[0m  [["sub_category_id", 1], ["LIMIT", 1]]
  [1m[36mCategory Load (0.5ms)[0m  [1m[34mSELECT  `categories`.* FROM `categories` WHERE `categories`.`category_id` = 3 LIMIT 1[0m
  [1m[36mSubCategory Load (0.6ms)[0m  [1m[34mSELECT  `sub_categories`.* FROM `sub_categories` WHERE `sub_categories`.`sub_category_id` = 9 LIMIT 1[0m
  [1m[36mCACHE (0.0ms)[0m  [1m[34mSELECT  `categories`.* FROM `categories` WHERE `categories`.`category_id` = 3 LIMIT 1[0m  [["category_id", 3], ["LIMIT", 1]]
  [1m[36mCACHE (0.0ms)[0m  [1m[34mSELECT  `sub_categories`.* FROM `sub_categories` WHERE `sub_categories`.`sub_category_id` = 9 LIMIT 1[0m  [["sub_category_id", 9], ["LIMIT", 1]]
  [1m[36mCACHE (0.0ms)[0m  [1m[34mSELECT  `categories`.* FROM `categories` WHERE `categories`.`category_id` = 3 LIMIT 1[0m  [["category_id", 3], ["LIMIT", 1]]
  [1m[36mSubCategory Load (0.5ms)[0m  [1m[34mSELECT  `sub_categories`.* FROM `sub_categories` WHERE `sub_categories`.`sub_category_id` = 3 LIMIT 1[0m
  Rendered items/index.html.erb within layouts/standard (75.1ms)
Completed 500 Internal Server Error in 145ms (ActiveRecord: 7.9ms)


  
ActionView::Template::Error (undefined method `user_id' for #<Seller:0x007f8a9c6b9508>
Did you mean?  seller_id):
    12:     <nav>
    13:         <% if account_user_signed_in? %>
    14:           <% @current = current_account_user %>
    15:           <p><%= @current.user_id %>
    16:           </p>
    17:         <% else %>
    18:           <li><%= link_to 'log in', users_login_path %></li>
  
app/views/layouts/standard.html.erb:15:in `_app_views_layouts_standard_html_erb__1123310398272724673_70116592952560'
  Rendering /home/usman/.rbenv/versions/2.4.0/lib/ruby/gems/2.4.0/gems/actionpack-5.0.3/lib/action_dispatch/middleware/templates/rescues/template_error.html.erb within rescues/layout
  Rendering /home/usman/.rbenv/versions/2.4.0/lib/ruby/gems/2.4.0/gems/actionpack-5.0.3/lib/action_dispatch/middleware/templates/rescues/_source.html.erb
  Rendered /home/usman/.rbenv/versions/2.4.0/lib/ruby/gems/2.4.0/gems/actionpack-5.0.3/lib/action_dispatch/middleware/templates/rescues/_source.html.erb (7.3ms)
  Rendering /home/usman/.rbenv/versions/2.4.0/lib/ruby/gems/2.4.0/gems/actionpack-5.0.3/lib/action_dispatch/middleware/templates/rescues/_trace.html.erb
  Rendered /home/usman/.rbenv/versions/2.4.0/lib/ruby/gems/2.4.0/gems/actionpack-5.0.3/lib/action_dispatch/middleware/templates/rescues/_trace.html.erb (3.2ms)
  Rendering /home/usman/.rbenv/versions/2.4.0/lib/ruby/gems/2.4.0/gems/actionpack-5.0.3/lib/action_dispatch/middleware/templates/rescues/_request_and_response.html.erb
  Rendered /home/usman/.rbenv/versions/2.4.0/lib/ruby/gems/2.4.0/gems/actionpack-5.0.3/lib/action_dispatch/middleware/templates/rescues/_request_and_response.html.erb (1.6ms)
  Rendered /home/usman/.rbenv/versions/2.4.0/lib/ruby/gems/2.4.0/gems/actionpack-5.0.3/lib/action_dispatch/middleware/templates/rescues/template_error.html.erb within rescues/layout (33.4ms)
Started GET "/users/login" for 127.0.0.1 at 2017-05-20 16:50:29 +0530
Processing by SellersController#login as HTML
  [1m[36mSeller Load (0.5ms)[0m  [1m[34mSELECT  `sellers`.* FROM `sellers` WHERE `sellers`.`seller_id` = 'someone' LIMIT 1[0m
Redirected to http://localhost:3000/items
Completed 302 Found in 13ms (ActiveRecord: 0.5ms)


Started GET "/items" for 127.0.0.1 at 2017-05-20 16:50:29 +0530
Processing by ItemsController#index as HTML
  Rendering items/index.html.erb within layouts/standard
  [1m[36mItem Load (0.5ms)[0m  [1m[34mSELECT `items`.* FROM `items`[0m
  [1m[36mCategory Load (0.4ms)[0m  [1m[34mSELECT  `categories`.* FROM `categories` WHERE `categories`.`category_id` = 1 LIMIT 1[0m
  [1m[36mSubCategory Load (0.3ms)[0m  [1m[34mSELECT  `sub_categories`.* FROM `sub_categories` WHERE `sub_categories`.`sub_category_id` = 1 LIMIT 1[0m
  [1m[36mSeller Load (0.5ms)[0m  [1m[34mSELECT  `sellers`.* FROM `sellers` WHERE `sellers`.`seller_id` = 'someone' LIMIT 1[0m
  [1m[36mCACHE (0.0ms)[0m  [1m[34mSELECT  `categories`.* FROM `categories` WHERE `categories`.`category_id` = 1 LIMIT 1[0m  [["category_id", 1], ["LIMIT", 1]]
  [1m[36mCACHE (0.0ms)[0m  [1m[34mSELECT  `sub_categories`.* FROM `sub_categories` WHERE `sub_categories`.`sub_category_id` = 1 LIMIT 1[0m  [["sub_category_id", 1], ["LIMIT", 1]]
  [1m[36mCategory Load (0.6ms)[0m  [1m[34mSELECT  `categories`.* FROM `categories` WHERE `categories`.`category_id` = 3 LIMIT 1[0m
  [1m[36mSubCategory Load (0.5ms)[0m  [1m[34mSELECT  `sub_categories`.* FROM `sub_categories` WHERE `sub_categories`.`sub_category_id` = 9 LIMIT 1[0m
  [1m[36mCACHE (0.0ms)[0m  [1m[34mSELECT  `categories`.* FROM `categories` WHERE `categories`.`category_id` = 3 LIMIT 1[0m  [["category_id", 3], ["LIMIT", 1]]
  [1m[36mCACHE (0.0ms)[0m  [1m[34mSELECT  `sub_categories`.* FROM `sub_categories` WHERE `sub_categories`.`sub_category_id` = 9 LIMIT 1[0m  [["sub_category_id", 9], ["LIMIT", 1]]
  [1m[36mCACHE (0.0ms)[0m  [1m[34mSELECT  `categories`.* FROM `categories` WHERE `categories`.`category_id` = 3 LIMIT 1[0m  [["category_id", 3], ["LIMIT", 1]]
  [1m[36mSubCategory Load (0.6ms)[0m  [1m[34mSELECT  `sub_categories`.* FROM `sub_categories` WHERE `sub_categories`.`sub_category_id` = 3 LIMIT 1[0m
  Rendered items/index.html.erb within layouts/standard (64.4ms)
Completed 200 OK in 105ms (Views: 82.3ms | ActiveRecord: 7.7ms)


Started GET "/users/login" for 127.0.0.1 at 2017-05-20 16:50:31 +0530
Processing by SellersController#login as HTML
  [1m[36mSeller Load (0.8ms)[0m  [1m[34mSELECT  `sellers`.* FROM `sellers` WHERE `sellers`.`seller_id` = 'someone' LIMIT 1[0m
Redirected to http://localhost:3000/items
Completed 302 Found in 4ms (ActiveRecord: 0.8ms)


Started GET "/items" for 127.0.0.1 at 2017-05-20 16:50:31 +0530
Processing by ItemsController#index as HTML
  Rendering items/index.html.erb within layouts/standard
  [1m[36mItem Load (0.5ms)[0m  [1m[34mSELECT `items`.* FROM `items`[0m
  [1m[36mCategory Load (0.5ms)[0m  [1m[34mSELECT  `categories`.* FROM `categories` WHERE `categories`.`category_id` = 1 LIMIT 1[0m
  [1m[36mSubCategory Load (0.5ms)[0m  [1m[34mSELECT  `sub_categories`.* FROM `sub_categories` WHERE `sub_categories`.`sub_category_id` = 1 LIMIT 1[0m
  [1m[36mSeller Load (0.5ms)[0m  [1m[34mSELECT  `sellers`.* FROM `sellers` WHERE `sellers`.`seller_id` = 'someone' LIMIT 1[0m
  [1m[36mCACHE (0.0ms)[0m  [1m[34mSELECT  `categories`.* FROM `categories` WHERE `categories`.`category_id` = 1 LIMIT 1[0m  [["category_id", 1], ["LIMIT", 1]]
  [1m[36mCACHE (0.0ms)[0m  [1m[34mSELECT  `sub_categories`.* FROM `sub_categories` WHERE `sub_categories`.`sub_category_id` = 1 LIMIT 1[0m  [["sub_category_id", 1], ["LIMIT", 1]]
  [1m[36mCategory Load (0.5ms)[0m  [1m[34mSELECT  `categories`.* FROM `categories` WHERE `categories`.`category_id` = 3 LIMIT 1[0m
  [1m[36mSubCategory Load (0.5ms)[0m  [1m[34mSELECT  `sub_categories`.* FROM `sub_categories` WHERE `sub_categories`.`sub_category_id` = 9 LIMIT 1[0m
  [1m[36mCACHE (0.0ms)[0m  [1m[34mSELECT  `categories`.* FROM `categories` WHERE `categories`.`category_id` = 3 LIMIT 1[0m  [["category_id", 3], ["LIMIT", 1]]
  [1m[36mCACHE (0.0ms)[0m  [1m[34mSELECT  `sub_categories`.* FROM `sub_categories` WHERE `sub_categories`.`sub_category_id` = 9 LIMIT 1[0m  [["sub_category_id", 9], ["LIMIT", 1]]
  [1m[36mCACHE (0.0ms)[0m  [1m[34mSELECT  `categories`.* FROM `categories` WHERE `categories`.`category_id` = 3 LIMIT 1[0m  [["category_id", 3], ["LIMIT", 1]]
  [1m[36mSubCategory Load (0.5ms)[0m  [1m[34mSELECT  `sub_categories`.* FROM `sub_categories` WHERE `sub_categories`.`sub_category_id` = 3 LIMIT 1[0m
  Rendered items/index.html.erb within layouts/standard (21.5ms)
Completed 200 OK in 53ms (Views: 47.1ms | ActiveRecord: 3.7ms)


Started GET "/users/login" for 127.0.0.1 at 2017-05-20 16:50:33 +0530
Processing by SellersController#login as HTML
  [1m[36mSeller Load (0.6ms)[0m  [1m[34mSELECT  `sellers`.* FROM `sellers` WHERE `sellers`.`seller_id` = 'someone' LIMIT 1[0m
Redirected to http://localhost:3000/items
Completed 302 Found in 4ms (ActiveRecord: 0.6ms)


Started GET "/items" for 127.0.0.1 at 2017-05-20 16:50:33 +0530
Processing by ItemsController#index as HTML
  Rendering items/index.html.erb within layouts/standard
  [1m[36mItem Load (0.6ms)[0m  [1m[34mSELECT `items`.* FROM `items`[0m
  [1m[36mCategory Load (0.6ms)[0m  [1m[34mSELECT  `categories`.* FROM `categories` WHERE `categories`.`category_id` = 1 LIMIT 1[0m
  [1m[36mSubCategory Load (0.6ms)[0m  [1m[34mSELECT  `sub_categories`.* FROM `sub_categories` WHERE `sub_categories`.`sub_category_id` = 1 LIMIT 1[0m
  [1m[36mSeller Load (0.5ms)[0m  [1m[34mSELECT  `sellers`.* FROM `sellers` WHERE `sellers`.`seller_id` = 'someone' LIMIT 1[0m
  [1m[36mCACHE (0.1ms)[0m  [1m[34mSELECT  `categories`.* FROM `categories` WHERE `categories`.`category_id` = 1 LIMIT 1[0m  [["category_id", 1], ["LIMIT", 1]]
  [1m[36mCACHE (0.0ms)[0m  [1m[34mSELECT  `sub_categories`.* FROM `sub_categories` WHERE `sub_categories`.`sub_category_id` = 1 LIMIT 1[0m  [["sub_category_id", 1], ["LIMIT", 1]]
  [1m[36mCategory Load (0.5ms)[0m  [1m[34mSELECT  `categories`.* FROM `categories` WHERE `categories`.`category_id` = 3 LIMIT 1[0m
  [1m[36mSubCategory Load (0.5ms)[0m  [1m[34mSELECT  `sub_categories`.* FROM `sub_categories` WHERE `sub_categories`.`sub_category_id` = 9 LIMIT 1[0m
  [1m[36mCACHE (0.0ms)[0m  [1m[34mSELECT  `categories`.* FROM `categories` WHERE `categories`.`category_id` = 3 LIMIT 1[0m  [["category_id", 3], ["LIMIT", 1]]
  [1m[36mCACHE (0.0ms)[0m  [1m[34mSELECT  `sub_categories`.* FROM `sub_categories` WHERE `sub_categories`.`sub_category_id` = 9 LIMIT 1[0m  [["sub_category_id", 9], ["LIMIT", 1]]
  [1m[36mCACHE (0.0ms)[0m  [1m[34mSELECT  `categories`.* FROM `categories` WHERE `categories`.`category_id` = 3 LIMIT 1[0m  [["category_id", 3], ["LIMIT", 1]]
  [1m[36mSubCategory Load (0.6ms)[0m  [1m[34mSELECT  `sub_categories`.* FROM `sub_categories` WHERE `sub_categories`.`sub_category_id` = 3 LIMIT 1[0m
  Rendered items/index.html.erb within layouts/standard (18.8ms)
Completed 200 OK in 47ms (Views: 40.4ms | ActiveRecord: 4.2ms)


Started GET "/users/login" for 127.0.0.1 at 2017-05-20 16:50:33 +0530
Processing by SellersController#login as HTML
  [1m[36mSeller Load (0.6ms)[0m  [1m[34mSELECT  `sellers`.* FROM `sellers` WHERE `sellers`.`seller_id` = 'someone' LIMIT 1[0m
Redirected to http://localhost:3000/items
Completed 302 Found in 4ms (ActiveRecord: 0.6ms)


Started GET "/items" for 127.0.0.1 at 2017-05-20 16:50:33 +0530
Processing by ItemsController#index as HTML
  Rendering items/index.html.erb within layouts/standard
  [1m[36mItem Load (0.6ms)[0m  [1m[34mSELECT `items`.* FROM `items`[0m
  [1m[36mCategory Load (0.6ms)[0m  [1m[34mSELECT  `categories`.* FROM `categories` WHERE `categories`.`category_id` = 1 LIMIT 1[0m
  [1m[36mSubCategory Load (0.6ms)[0m  [1m[34mSELECT  `sub_categories`.* FROM `sub_categories` WHERE `sub_categories`.`sub_category_id` = 1 LIMIT 1[0m
  [1m[36mSeller Load (0.5ms)[0m  [1m[34mSELECT  `sellers`.* FROM `sellers` WHERE `sellers`.`seller_id` = 'someone' LIMIT 1[0m
  [1m[36mCACHE (0.0ms)[0m  [1m[34mSELECT  `categories`.* FROM `categories` WHERE `categories`.`category_id` = 1 LIMIT 1[0m  [["category_id", 1], ["LIMIT", 1]]
  [1m[36mCACHE (0.0ms)[0m  [1m[34mSELECT  `sub_categories`.* FROM `sub_categories` WHERE `sub_categories`.`sub_category_id` = 1 LIMIT 1[0m  [["sub_category_id", 1], ["LIMIT", 1]]
  [1m[36mCategory Load (0.6ms)[0m  [1m[34mSELECT  `categories`.* FROM `categories` WHERE `categories`.`category_id` = 3 LIMIT 1[0m
  [1m[36mSubCategory Load (0.5ms)[0m  [1m[34mSELECT  `sub_categories`.* FROM `sub_categories` WHERE `sub_categories`.`sub_category_id` = 9 LIMIT 1[0m
  [1m[36mCACHE (0.0ms)[0m  [1m[34mSELECT  `categories`.* FROM `categories` WHERE `categories`.`category_id` = 3 LIMIT 1[0m  [["category_id", 3], ["LIMIT", 1]]
  [1m[36mCACHE (0.0ms)[0m  [1m[34mSELECT  `sub_categories`.* FROM `sub_categories` WHERE `sub_categories`.`sub_category_id` = 9 LIMIT 1[0m  [["sub_category_id", 9], ["LIMIT", 1]]
  [1m[36mCACHE (0.0ms)[0m  [1m[34mSELECT  `categories`.* FROM `categories` WHERE `categories`.`category_id` = 3 LIMIT 1[0m  [["category_id", 3], ["LIMIT", 1]]
  [1m[36mSubCategory Load (0.6ms)[0m  [1m[34mSELECT  `sub_categories`.* FROM `sub_categories` WHERE `sub_categories`.`sub_category_id` = 3 LIMIT 1[0m
  Rendered items/index.html.erb within layouts/standard (20.5ms)
Completed 200 OK in 48ms (Views: 42.1ms | ActiveRecord: 4.2ms)


Started GET "/users/login" for 127.0.0.1 at 2017-05-20 16:50:34 +0530
Processing by SellersController#login as HTML
  [1m[36mSeller Load (0.6ms)[0m  [1m[34mSELECT  `sellers`.* FROM `sellers` WHERE `sellers`.`seller_id` = 'someone' LIMIT 1[0m
Redirected to http://localhost:3000/items
Completed 302 Found in 4ms (ActiveRecord: 0.6ms)


Started GET "/items" for 127.0.0.1 at 2017-05-20 16:50:34 +0530
Processing by ItemsController#index as HTML
  Rendering items/index.html.erb within layouts/standard
  [1m[36mItem Load (0.8ms)[0m  [1m[34mSELECT `items`.* FROM `items`[0m
  [1m[36mCategory Load (0.6ms)[0m  [1m[34mSELECT  `categories`.* FROM `categories` WHERE `categories`.`category_id` = 1 LIMIT 1[0m
  [1m[36mSubCategory Load (0.5ms)[0m  [1m[34mSELECT  `sub_categories`.* FROM `sub_categories` WHERE `sub_categories`.`sub_category_id` = 1 LIMIT 1[0m
  [1m[36mSeller Load (0.5ms)[0m  [1m[34mSELECT  `sellers`.* FROM `sellers` WHERE `sellers`.`seller_id` = 'someone' LIMIT 1[0m
  [1m[36mCACHE (0.0ms)[0m  [1m[34mSELECT  `categories`.* FROM `categories` WHERE `categories`.`category_id` = 1 LIMIT 1[0m  [["category_id", 1], ["LIMIT", 1]]
  [1m[36mCACHE (0.2ms)[0m  [1m[34mSELECT  `sub_categories`.* FROM `sub_categories` WHERE `sub_categories`.`sub_category_id` = 1 LIMIT 1[0m  [["sub_category_id", 1], ["LIMIT", 1]]
  [1m[36mCategory Load (0.5ms)[0m  [1m[34mSELECT  `categories`.* FROM `categories` WHERE `categories`.`category_id` = 3 LIMIT 1[0m
  [1m[36mSubCategory Load (0.7ms)[0m  [1m[34mSELECT  `sub_categories`.* FROM `sub_categories` WHERE `sub_categories`.`sub_category_id` = 9 LIMIT 1[0m
  [1m[36mCACHE (0.0ms)[0m  [1m[34mSELECT  `categories`.* FROM `categories` WHERE `categories`.`category_id` = 3 LIMIT 1[0m  [["category_id", 3], ["LIMIT", 1]]
  [1m[36mCACHE (0.0ms)[0m  [1m[34mSELECT  `sub_categories`.* FROM `sub_categories` WHERE `sub_categories`.`sub_category_id` = 9 LIMIT 1[0m  [["sub_category_id", 9], ["LIMIT", 1]]
  [1m[36mCACHE (0.0ms)[0m  [1m[34mSELECT  `categories`.* FROM `categories` WHERE `categories`.`category_id` = 3 LIMIT 1[0m  [["category_id", 3], ["LIMIT", 1]]
  [1m[36mSubCategory Load (0.6ms)[0m  [1m[34mSELECT  `sub_categories`.* FROM `sub_categories` WHERE `sub_categories`.`sub_category_id` = 3 LIMIT 1[0m
  Rendered items/index.html.erb within layouts/standard (22.3ms)
Completed 200 OK in 48ms (Views: 42.0ms | ActiveRecord: 4.4ms)


Started GET "/items" for 127.0.0.1 at 2017-05-20 16:50:58 +0530
Processing by ItemsController#index as HTML
  Rendering items/index.html.erb within layouts/standard
  [1m[36mItem Load (2.9ms)[0m  [1m[34mSELECT `items`.* FROM `items`[0m
  [1m[36mCategory Load (0.3ms)[0m  [1m[34mSELECT  `categories`.* FROM `categories` WHERE `categories`.`category_id` = 1 LIMIT 1[0m
  [1m[36mSubCategory Load (0.6ms)[0m  [1m[34mSELECT  `sub_categories`.* FROM `sub_categories` WHERE `sub_categories`.`sub_category_id` = 1 LIMIT 1[0m
  [1m[36mSeller Load (0.5ms)[0m  [1m[34mSELECT  `sellers`.* FROM `sellers` WHERE `sellers`.`seller_id` = 'someone' LIMIT 1[0m
  [1m[36mCACHE (0.0ms)[0m  [1m[34mSELECT  `categories`.* FROM `categories` WHERE `categories`.`category_id` = 1 LIMIT 1[0m  [["category_id", 1], ["LIMIT", 1]]
  [1m[36mCACHE (0.0ms)[0m  [1m[34mSELECT  `sub_categories`.* FROM `sub_categories` WHERE `sub_categories`.`sub_category_id` = 1 LIMIT 1[0m  [["sub_category_id", 1], ["LIMIT", 1]]
  [1m[36mCategory Load (0.5ms)[0m  [1m[34mSELECT  `categories`.* FROM `categories` WHERE `categories`.`category_id` = 3 LIMIT 1[0m
  [1m[36mSubCategory Load (0.4ms)[0m  [1m[34mSELECT  `sub_categories`.* FROM `sub_categories` WHERE `sub_categories`.`sub_category_id` = 9 LIMIT 1[0m
  [1m[36mCACHE (0.0ms)[0m  [1m[34mSELECT  `categories`.* FROM `categories` WHERE `categories`.`category_id` = 3 LIMIT 1[0m  [["category_id", 3], ["LIMIT", 1]]
  [1m[36mCACHE (0.0ms)[0m  [1m[34mSELECT  `sub_categories`.* FROM `sub_categories` WHERE `sub_categories`.`sub_category_id` = 9 LIMIT 1[0m  [["sub_category_id", 9], ["LIMIT", 1]]
  [1m[36mCACHE (0.0ms)[0m  [1m[34mSELECT  `categories`.* FROM `categories` WHERE `categories`.`category_id` = 3 LIMIT 1[0m  [["category_id", 3], ["LIMIT", 1]]
  [1m[36mSubCategory Load (0.7ms)[0m  [1m[34mSELECT  `sub_categories`.* FROM `sub_categories` WHERE `sub_categories`.`sub_category_id` = 3 LIMIT 1[0m
  Rendered items/index.html.erb within layouts/standard (76.7ms)
Completed 200 OK in 121ms (Views: 96.6ms | ActiveRecord: 9.7ms)


Started GET "/users/login" for 127.0.0.1 at 2017-05-20 16:51:03 +0530
Processing by SellersController#login as HTML
  [1m[36mSeller Load (0.5ms)[0m  [1m[34mSELECT  `sellers`.* FROM `sellers` WHERE `sellers`.`seller_id` = 'someone' LIMIT 1[0m
Redirected to http://localhost:3000/items
Completed 302 Found in 5ms (ActiveRecord: 0.5ms)


Started GET "/items" for 127.0.0.1 at 2017-05-20 16:51:03 +0530
Processing by ItemsController#index as HTML
  Rendering items/index.html.erb within layouts/standard
  [1m[36mItem Load (0.5ms)[0m  [1m[34mSELECT `items`.* FROM `items`[0m
  [1m[36mCategory Load (0.6ms)[0m  [1m[34mSELECT  `categories`.* FROM `categories` WHERE `categories`.`category_id` = 1 LIMIT 1[0m
  [1m[36mSubCategory Load (1.1ms)[0m  [1m[34mSELECT  `sub_categories`.* FROM `sub_categories` WHERE `sub_categories`.`sub_category_id` = 1 LIMIT 1[0m
  [1m[36mSeller Load (0.6ms)[0m  [1m[34mSELECT  `sellers`.* FROM `sellers` WHERE `sellers`.`seller_id` = 'someone' LIMIT 1[0m
  [1m[36mCACHE (0.0ms)[0m  [1m[34mSELECT  `categories`.* FROM `categories` WHERE `categories`.`category_id` = 1 LIMIT 1[0m  [["category_id", 1], ["LIMIT", 1]]
  [1m[36mCACHE (0.0ms)[0m  [1m[34mSELECT  `sub_categories`.* FROM `sub_categories` WHERE `sub_categories`.`sub_category_id` = 1 LIMIT 1[0m  [["sub_category_id", 1], ["LIMIT", 1]]
  [1m[36mCategory Load (0.5ms)[0m  [1m[34mSELECT  `categories`.* FROM `categories` WHERE `categories`.`category_id` = 3 LIMIT 1[0m
  [1m[36mSubCategory Load (0.4ms)[0m  [1m[34mSELECT  `sub_categories`.* FROM `sub_categories` WHERE `sub_categories`.`sub_category_id` = 9 LIMIT 1[0m
  [1m[36mCACHE (0.0ms)[0m  [1m[34mSELECT  `categories`.* FROM `categories` WHERE `categories`.`category_id` = 3 LIMIT 1[0m  [["category_id", 3], ["LIMIT", 1]]
  [1m[36mCACHE (0.0ms)[0m  [1m[34mSELECT  `sub_categories`.* FROM `sub_categories` WHERE `sub_categories`.`sub_category_id` = 9 LIMIT 1[0m  [["sub_category_id", 9], ["LIMIT", 1]]
  [1m[36mCACHE (0.0ms)[0m  [1m[34mSELECT  `categories`.* FROM `categories` WHERE `categories`.`category_id` = 3 LIMIT 1[0m  [["category_id", 3], ["LIMIT", 1]]
  [1m[36mSubCategory Load (0.5ms)[0m  [1m[34mSELECT  `sub_categories`.* FROM `sub_categories` WHERE `sub_categories`.`sub_category_id` = 3 LIMIT 1[0m
  Rendered items/index.html.erb within layouts/standard (22.7ms)
Completed 200 OK in 58ms (Views: 52.2ms | ActiveRecord: 4.4ms)


Started GET "/users/login" for 127.0.0.1 at 2017-05-20 16:51:07 +0530
Processing by SellersController#login as HTML
  [1m[36mSeller Load (0.6ms)[0m  [1m[34mSELECT  `sellers`.* FROM `sellers` WHERE `sellers`.`seller_id` = 'someone' LIMIT 1[0m
Redirected to http://localhost:3000/items
Completed 302 Found in 4ms (ActiveRecord: 0.6ms)


Started GET "/items" for 127.0.0.1 at 2017-05-20 16:51:07 +0530
Processing by ItemsController#index as HTML
  Rendering items/index.html.erb within layouts/standard
  [1m[36mItem Load (0.6ms)[0m  [1m[34mSELECT `items`.* FROM `items`[0m
  [1m[36mCategory Load (0.6ms)[0m  [1m[34mSELECT  `categories`.* FROM `categories` WHERE `categories`.`category_id` = 1 LIMIT 1[0m
  [1m[36mSubCategory Load (0.5ms)[0m  [1m[34mSELECT  `sub_categories`.* FROM `sub_categories` WHERE `sub_categories`.`sub_category_id` = 1 LIMIT 1[0m
  [1m[36mSeller Load (0.6ms)[0m  [1m[34mSELECT  `sellers`.* FROM `sellers` WHERE `sellers`.`seller_id` = 'someone' LIMIT 1[0m
  [1m[36mCACHE (0.0ms)[0m  [1m[34mSELECT  `categories`.* FROM `categories` WHERE `categories`.`category_id` = 1 LIMIT 1[0m  [["category_id", 1], ["LIMIT", 1]]
  [1m[36mCACHE (0.0ms)[0m  [1m[34mSELECT  `sub_categories`.* FROM `sub_categories` WHERE `sub_categories`.`sub_category_id` = 1 LIMIT 1[0m  [["sub_category_id", 1], ["LIMIT", 1]]
  [1m[36mCategory Load (0.6ms)[0m  [1m[34mSELECT  `categories`.* FROM `categories` WHERE `categories`.`category_id` = 3 LIMIT 1[0m
  [1m[36mSubCategory Load (0.5ms)[0m  [1m[34mSELECT  `sub_categories`.* FROM `sub_categories` WHERE `sub_categories`.`sub_category_id` = 9 LIMIT 1[0m
  [1m[36mCACHE (0.0ms)[0m  [1m[34mSELECT  `categories`.* FROM `categories` WHERE `categories`.`category_id` = 3 LIMIT 1[0m  [["category_id", 3], ["LIMIT", 1]]
  [1m[36mCACHE (0.0ms)[0m  [1m[34mSELECT  `sub_categories`.* FROM `sub_categories` WHERE `sub_categories`.`sub_category_id` = 9 LIMIT 1[0m  [["sub_category_id", 9], ["LIMIT", 1]]
  [1m[36mCACHE (0.0ms)[0m  [1m[34mSELECT  `categories`.* FROM `categories` WHERE `categories`.`category_id` = 3 LIMIT 1[0m  [["category_id", 3], ["LIMIT", 1]]
  [1m[36mSubCategory Load (0.7ms)[0m  [1m[34mSELECT  `sub_categories`.* FROM `sub_categories` WHERE `sub_categories`.`sub_category_id` = 3 LIMIT 1[0m
  Rendered items/index.html.erb within layouts/standard (25.5ms)
Completed 200 OK in 54ms (Views: 47.8ms | ActiveRecord: 4.2ms)


Started GET "/users/login" for 127.0.0.1 at 2017-05-20 16:51:07 +0530
Processing by SellersController#login as HTML
  [1m[36mSeller Load (0.5ms)[0m  [1m[34mSELECT  `sellers`.* FROM `sellers` WHERE `sellers`.`seller_id` = 'someone' LIMIT 1[0m
Redirected to http://localhost:3000/items
Completed 302 Found in 5ms (ActiveRecord: 0.5ms)


Started GET "/items" for 127.0.0.1 at 2017-05-20 16:51:07 +0530
Processing by ItemsController#index as HTML
  Rendering items/index.html.erb within layouts/standard
  [1m[36mItem Load (0.6ms)[0m  [1m[34mSELECT `items`.* FROM `items`[0m
  [1m[36mCategory Load (0.5ms)[0m  [1m[34mSELECT  `categories`.* FROM `categories` WHERE `categories`.`category_id` = 1 LIMIT 1[0m
  [1m[36mSubCategory Load (0.5ms)[0m  [1m[34mSELECT  `sub_categories`.* FROM `sub_categories` WHERE `sub_categories`.`sub_category_id` = 1 LIMIT 1[0m
  [1m[36mSeller Load (0.6ms)[0m  [1m[34mSELECT  `sellers`.* FROM `sellers` WHERE `sellers`.`seller_id` = 'someone' LIMIT 1[0m
  [1m[36mCACHE (0.0ms)[0m  [1m[34mSELECT  `categories`.* FROM `categories` WHERE `categories`.`category_id` = 1 LIMIT 1[0m  [["category_id", 1], ["LIMIT", 1]]
  [1m[36mCACHE (0.0ms)[0m  [1m[34mSELECT  `sub_categories`.* FROM `sub_categories` WHERE `sub_categories`.`sub_category_id` = 1 LIMIT 1[0m  [["sub_category_id", 1], ["LIMIT", 1]]
  [1m[36mCategory Load (0.8ms)[0m  [1m[34mSELECT  `categories`.* FROM `categories` WHERE `categories`.`category_id` = 3 LIMIT 1[0m
  [1m[36mSubCategory Load (0.5ms)[0m  [1m[34mSELECT  `sub_categories`.* FROM `sub_categories` WHERE `sub_categories`.`sub_category_id` = 9 LIMIT 1[0m
  [1m[36mCACHE (0.0ms)[0m  [1m[34mSELECT  `categories`.* FROM `categories` WHERE `categories`.`category_id` = 3 LIMIT 1[0m  [["category_id", 3], ["LIMIT", 1]]
  [1m[36mCACHE (0.0ms)[0m  [1m[34mSELECT  `sub_categories`.* FROM `sub_categories` WHERE `sub_categories`.`sub_category_id` = 9 LIMIT 1[0m  [["sub_category_id", 9], ["LIMIT", 1]]
  [1m[36mCACHE (0.0ms)[0m  [1m[34mSELECT  `categories`.* FROM `categories` WHERE `categories`.`category_id` = 3 LIMIT 1[0m  [["category_id", 3], ["LIMIT", 1]]
  [1m[36mSubCategory Load (0.9ms)[0m  [1m[34mSELECT  `sub_categories`.* FROM `sub_categories` WHERE `sub_categories`.`sub_category_id` = 3 LIMIT 1[0m
  Rendered items/index.html.erb within layouts/standard (23.5ms)
Completed 200 OK in 51ms (Views: 44.9ms | ActiveRecord: 4.6ms)


Started GET "/users/login" for 127.0.0.1 at 2017-05-20 16:51:08 +0530
Processing by SellersController#login as HTML
  [1m[36mSeller Load (0.6ms)[0m  [1m[34mSELECT  `sellers`.* FROM `sellers` WHERE `sellers`.`seller_id` = 'someone' LIMIT 1[0m
Redirected to http://localhost:3000/items
Completed 302 Found in 4ms (ActiveRecord: 0.6ms)


Started GET "/items" for 127.0.0.1 at 2017-05-20 16:51:08 +0530
Processing by ItemsController#index as HTML
  Rendering items/index.html.erb within layouts/standard
  [1m[36mItem Load (0.5ms)[0m  [1m[34mSELECT `items`.* FROM `items`[0m
  [1m[36mCategory Load (0.5ms)[0m  [1m[34mSELECT  `categories`.* FROM `categories` WHERE `categories`.`category_id` = 1 LIMIT 1[0m
  [1m[36mSubCategory Load (0.5ms)[0m  [1m[34mSELECT  `sub_categories`.* FROM `sub_categories` WHERE `sub_categories`.`sub_category_id` = 1 LIMIT 1[0m
  [1m[36mSeller Load (0.6ms)[0m  [1m[34mSELECT  `sellers`.* FROM `sellers` WHERE `sellers`.`seller_id` = 'someone' LIMIT 1[0m
  [1m[36mCACHE (0.0ms)[0m  [1m[34mSELECT  `categories`.* FROM `categories` WHERE `categories`.`category_id` = 1 LIMIT 1[0m  [["category_id", 1], ["LIMIT", 1]]
  [1m[36mCACHE (0.0ms)[0m  [1m[34mSELECT  `sub_categories`.* FROM `sub_categories` WHERE `sub_categories`.`sub_category_id` = 1 LIMIT 1[0m  [["sub_category_id", 1], ["LIMIT", 1]]
  [1m[36mCategory Load (0.7ms)[0m  [1m[34mSELECT  `categories`.* FROM `categories` WHERE `categories`.`category_id` = 3 LIMIT 1[0m
  [1m[36mSubCategory Load (0.7ms)[0m  [1m[34mSELECT  `sub_categories`.* FROM `sub_categories` WHERE `sub_categories`.`sub_category_id` = 9 LIMIT 1[0m
  [1m[36mCACHE (0.0ms)[0m  [1m[34mSELECT  `categories`.* FROM `categories` WHERE `categories`.`category_id` = 3 LIMIT 1[0m  [["category_id", 3], ["LIMIT", 1]]
  [1m[36mCACHE (0.0ms)[0m  [1m[34mSELECT  `sub_categories`.* FROM `sub_categories` WHERE `sub_categories`.`sub_category_id` = 9 LIMIT 1[0m  [["sub_category_id", 9], ["LIMIT", 1]]
  [1m[36mCACHE (0.1ms)[0m  [1m[34mSELECT  `categories`.* FROM `categories` WHERE `categories`.`category_id` = 3 LIMIT 1[0m  [["category_id", 3], ["LIMIT", 1]]
  [1m[36mSubCategory Load (0.5ms)[0m  [1m[34mSELECT  `sub_categories`.* FROM `sub_categories` WHERE `sub_categories`.`sub_category_id` = 3 LIMIT 1[0m
  Rendered items/index.html.erb within layouts/standard (17.7ms)
Completed 200 OK in 40ms (Views: 34.5ms | ActiveRecord: 4.3ms)


Started GET "/users/login" for 127.0.0.1 at 2017-05-20 16:51:16 +0530
Processing by SellersController#login as HTML
  [1m[36mSeller Load (0.7ms)[0m  [1m[34mSELECT  `sellers`.* FROM `sellers` WHERE `sellers`.`seller_id` = 'someone' LIMIT 1[0m
Redirected to http://localhost:3000/items
Completed 302 Found in 19ms (ActiveRecord: 0.7ms)


Started GET "/items" for 127.0.0.1 at 2017-05-20 16:51:16 +0530
Processing by ItemsController#index as HTML
  Rendering items/index.html.erb within layouts/standard
  [1m[36mItem Load (0.5ms)[0m  [1m[34mSELECT `items`.* FROM `items`[0m
  [1m[36mCategory Load (0.4ms)[0m  [1m[34mSELECT  `categories`.* FROM `categories` WHERE `categories`.`category_id` = 1 LIMIT 1[0m
  [1m[36mSubCategory Load (0.4ms)[0m  [1m[34mSELECT  `sub_categories`.* FROM `sub_categories` WHERE `sub_categories`.`sub_category_id` = 1 LIMIT 1[0m
  [1m[36mSeller Load (0.6ms)[0m  [1m[34mSELECT  `sellers`.* FROM `sellers` WHERE `sellers`.`seller_id` = 'someone' LIMIT 1[0m
  [1m[36mCACHE (0.0ms)[0m  [1m[34mSELECT  `categories`.* FROM `categories` WHERE `categories`.`category_id` = 1 LIMIT 1[0m  [["category_id", 1], ["LIMIT", 1]]
  [1m[36mCACHE (0.0ms)[0m  [1m[34mSELECT  `sub_categories`.* FROM `sub_categories` WHERE `sub_categories`.`sub_category_id` = 1 LIMIT 1[0m  [["sub_category_id", 1], ["LIMIT", 1]]
  [1m[36mCategory Load (0.6ms)[0m  [1m[34mSELECT  `categories`.* FROM `categories` WHERE `categories`.`category_id` = 3 LIMIT 1[0m
  [1m[36mSubCategory Load (0.5ms)[0m  [1m[34mSELECT  `sub_categories`.* FROM `sub_categories` WHERE `sub_categories`.`sub_category_id` = 9 LIMIT 1[0m
  [1m[36mCACHE (0.0ms)[0m  [1m[34mSELECT  `categories`.* FROM `categories` WHERE `categories`.`category_id` = 3 LIMIT 1[0m  [["category_id", 3], ["LIMIT", 1]]
  [1m[36mCACHE (0.0ms)[0m  [1m[34mSELECT  `sub_categories`.* FROM `sub_categories` WHERE `sub_categories`.`sub_category_id` = 9 LIMIT 1[0m  [["sub_category_id", 9], ["LIMIT", 1]]
  [1m[36mCACHE (0.0ms)[0m  [1m[34mSELECT  `categories`.* FROM `categories` WHERE `categories`.`category_id` = 3 LIMIT 1[0m  [["category_id", 3], ["LIMIT", 1]]
  [1m[36mSubCategory Load (0.4ms)[0m  [1m[34mSELECT  `sub_categories`.* FROM `sub_categories` WHERE `sub_categories`.`sub_category_id` = 3 LIMIT 1[0m
  Rendered items/index.html.erb within layouts/standard (69.7ms)
Completed 200 OK in 126ms (Views: 103.9ms | ActiveRecord: 8.3ms)


Started GET "/users/login" for 127.0.0.1 at 2017-05-20 16:51:17 +0530
Processing by SellersController#login as HTML
  [1m[36mSeller Load (0.6ms)[0m  [1m[34mSELECT  `sellers`.* FROM `sellers` WHERE `sellers`.`seller_id` = 'someone' LIMIT 1[0m
Redirected to http://localhost:3000/items
Completed 302 Found in 5ms (ActiveRecord: 0.6ms)


Started GET "/items" for 127.0.0.1 at 2017-05-20 16:51:17 +0530
Processing by ItemsController#index as HTML
  Rendering items/index.html.erb within layouts/standard
  [1m[36mItem Load (0.4ms)[0m  [1m[34mSELECT `items`.* FROM `items`[0m
  [1m[36mCategory Load (0.5ms)[0m  [1m[34mSELECT  `categories`.* FROM `categories` WHERE `categories`.`category_id` = 1 LIMIT 1[0m
  [1m[36mSubCategory Load (0.6ms)[0m  [1m[34mSELECT  `sub_categories`.* FROM `sub_categories` WHERE `sub_categories`.`sub_category_id` = 1 LIMIT 1[0m
  [1m[36mSeller Load (0.5ms)[0m  [1m[34mSELECT  `sellers`.* FROM `sellers` WHERE `sellers`.`seller_id` = 'someone' LIMIT 1[0m
  [1m[36mCACHE (0.0ms)[0m  [1m[34mSELECT  `categories`.* FROM `categories` WHERE `categories`.`category_id` = 1 LIMIT 1[0m  [["category_id", 1], ["LIMIT", 1]]
  [1m[36mCACHE (0.0ms)[0m  [1m[34mSELECT  `sub_categories`.* FROM `sub_categories` WHERE `sub_categories`.`sub_category_id` = 1 LIMIT 1[0m  [["sub_category_id", 1], ["LIMIT", 1]]
  [1m[36mCategory Load (0.6ms)[0m  [1m[34mSELECT  `categories`.* FROM `categories` WHERE `categories`.`category_id` = 3 LIMIT 1[0m
  [1m[36mSubCategory Load (0.6ms)[0m  [1m[34mSELECT  `sub_categories`.* FROM `sub_categories` WHERE `sub_categories`.`sub_category_id` = 9 LIMIT 1[0m
  [1m[36mCACHE (0.0ms)[0m  [1m[34mSELECT  `categories`.* FROM `categories` WHERE `categories`.`category_id` = 3 LIMIT 1[0m  [["category_id", 3], ["LIMIT", 1]]
  [1m[36mCACHE (0.0ms)[0m  [1m[34mSELECT  `sub_categories`.* FROM `sub_categories` WHERE `sub_categories`.`sub_category_id` = 9 LIMIT 1[0m  [["sub_category_id", 9], ["LIMIT", 1]]
  [1m[36mCACHE (0.0ms)[0m  [1m[34mSELECT  `categories`.* FROM `categories` WHERE `categories`.`category_id` = 3 LIMIT 1[0m  [["category_id", 3], ["LIMIT", 1]]
  [1m[36mSubCategory Load (0.5ms)[0m  [1m[34mSELECT  `sub_categories`.* FROM `sub_categories` WHERE `sub_categories`.`sub_category_id` = 3 LIMIT 1[0m
  Rendered items/index.html.erb within layouts/standard (19.5ms)
Completed 200 OK in 57ms (Views: 51.5ms | ActiveRecord: 3.9ms)


Started GET "/users/login" for 127.0.0.1 at 2017-05-20 16:51:52 +0530
Processing by SellersController#login as HTML
  [1m[36mSeller Load (0.8ms)[0m  [1m[34mSELECT  `sellers`.* FROM `sellers` WHERE `sellers`.`seller_id` = 'someone' LIMIT 1[0m
Redirected to http://localhost:3000/items
Completed 302 Found in 24ms (ActiveRecord: 0.8ms)


Started GET "/items" for 127.0.0.1 at 2017-05-20 16:51:52 +0530
Processing by ItemsController#index as HTML
  Rendering items/index.html.erb within layouts/standard
  [1m[36mItem Load (0.5ms)[0m  [1m[34mSELECT `items`.* FROM `items`[0m
  [1m[36mCategory Load (0.6ms)[0m  [1m[34mSELECT  `categories`.* FROM `categories` WHERE `categories`.`category_id` = 1 LIMIT 1[0m
  [1m[36mSubCategory Load (0.5ms)[0m  [1m[34mSELECT  `sub_categories`.* FROM `sub_categories` WHERE `sub_categories`.`sub_category_id` = 1 LIMIT 1[0m
  [1m[36mSeller Load (0.5ms)[0m  [1m[34mSELECT  `sellers`.* FROM `sellers` WHERE `sellers`.`seller_id` = 'someone' LIMIT 1[0m
  [1m[36mCACHE (0.0ms)[0m  [1m[34mSELECT  `categories`.* FROM `categories` WHERE `categories`.`category_id` = 1 LIMIT 1[0m  [["category_id", 1], ["LIMIT", 1]]
  [1m[36mCACHE (0.0ms)[0m  [1m[34mSELECT  `sub_categories`.* FROM `sub_categories` WHERE `sub_categories`.`sub_category_id` = 1 LIMIT 1[0m  [["sub_category_id", 1], ["LIMIT", 1]]
  [1m[36mCategory Load (0.6ms)[0m  [1m[34mSELECT  `categories`.* FROM `categories` WHERE `categories`.`category_id` = 3 LIMIT 1[0m
  [1m[36mSubCategory Load (0.7ms)[0m  [1m[34mSELECT  `sub_categories`.* FROM `sub_categories` WHERE `sub_categories`.`sub_category_id` = 9 LIMIT 1[0m
  [1m[36mCACHE (0.0ms)[0m  [1m[34mSELECT  `categories`.* FROM `categories` WHERE `categories`.`category_id` = 3 LIMIT 1[0m  [["category_id", 3], ["LIMIT", 1]]
  [1m[36mCACHE (0.0ms)[0m  [1m[34mSELECT  `sub_categories`.* FROM `sub_categories` WHERE `sub_categories`.`sub_category_id` = 9 LIMIT 1[0m  [["sub_category_id", 9], ["LIMIT", 1]]
  [1m[36mCACHE (0.0ms)[0m  [1m[34mSELECT  `categories`.* FROM `categories` WHERE `categories`.`category_id` = 3 LIMIT 1[0m  [["category_id", 3], ["LIMIT", 1]]
  [1m[36mSubCategory Load (0.5ms)[0m  [1m[34mSELECT  `sub_categories`.* FROM `sub_categories` WHERE `sub_categories`.`sub_category_id` = 3 LIMIT 1[0m
  Rendered items/index.html.erb within layouts/standard (58.2ms)
Completed 200 OK in 98ms (Views: 81.1ms | ActiveRecord: 3.9ms)


Started GET "/users/login" for 127.0.0.1 at 2017-05-20 16:51:53 +0530
Processing by SellersController#login as HTML
  [1m[36mSeller Load (0.6ms)[0m  [1m[34mSELECT  `sellers`.* FROM `sellers` WHERE `sellers`.`seller_id` = 'someone' LIMIT 1[0m
Redirected to http://localhost:3000/items
Completed 302 Found in 4ms (ActiveRecord: 0.6ms)


Started GET "/items" for 127.0.0.1 at 2017-05-20 16:51:53 +0530
Processing by ItemsController#index as HTML
  Rendering items/index.html.erb within layouts/standard
  [1m[36mItem Load (0.5ms)[0m  [1m[34mSELECT `items`.* FROM `items`[0m
  [1m[36mCategory Load (0.5ms)[0m  [1m[34mSELECT  `categories`.* FROM `categories` WHERE `categories`.`category_id` = 1 LIMIT 1[0m
  [1m[36mSubCategory Load (0.7ms)[0m  [1m[34mSELECT  `sub_categories`.* FROM `sub_categories` WHERE `sub_categories`.`sub_category_id` = 1 LIMIT 1[0m
  [1m[36mSeller Load (0.5ms)[0m  [1m[34mSELECT  `sellers`.* FROM `sellers` WHERE `sellers`.`seller_id` = 'someone' LIMIT 1[0m
  [1m[36mCACHE (0.1ms)[0m  [1m[34mSELECT  `categories`.* FROM `categories` WHERE `categories`.`category_id` = 1 LIMIT 1[0m  [["category_id", 1], ["LIMIT", 1]]
  [1m[36mCACHE (0.1ms)[0m  [1m[34mSELECT  `sub_categories`.* FROM `sub_categories` WHERE `sub_categories`.`sub_category_id` = 1 LIMIT 1[0m  [["sub_category_id", 1], ["LIMIT", 1]]
  [1m[36mCategory Load (0.5ms)[0m  [1m[34mSELECT  `categories`.* FROM `categories` WHERE `categories`.`category_id` = 3 LIMIT 1[0m
  [1m[36mSubCategory Load (0.5ms)[0m  [1m[34mSELECT  `sub_categories`.* FROM `sub_categories` WHERE `sub_categories`.`sub_category_id` = 9 LIMIT 1[0m
  [1m[36mCACHE (0.0ms)[0m  [1m[34mSELECT  `categories`.* FROM `categories` WHERE `categories`.`category_id` = 3 LIMIT 1[0m  [["category_id", 3], ["LIMIT", 1]]
  [1m[36mCACHE (0.1ms)[0m  [1m[34mSELECT  `sub_categories`.* FROM `sub_categories` WHERE `sub_categories`.`sub_category_id` = 9 LIMIT 1[0m  [["sub_category_id", 9], ["LIMIT", 1]]
  [1m[36mCACHE (0.0ms)[0m  [1m[34mSELECT  `categories`.* FROM `categories` WHERE `categories`.`category_id` = 3 LIMIT 1[0m  [["category_id", 3], ["LIMIT", 1]]
  [1m[36mSubCategory Load (0.6ms)[0m  [1m[34mSELECT  `sub_categories`.* FROM `sub_categories` WHERE `sub_categories`.`sub_category_id` = 3 LIMIT 1[0m
  Rendered items/index.html.erb within layouts/standard (24.3ms)
Completed 200 OK in 56ms (Views: 49.5ms | ActiveRecord: 4.2ms)


Started GET "/users/login" for 127.0.0.1 at 2017-05-20 16:51:54 +0530
Processing by SellersController#login as HTML
  [1m[36mSeller Load (0.6ms)[0m  [1m[34mSELECT  `sellers`.* FROM `sellers` WHERE `sellers`.`seller_id` = 'someone' LIMIT 1[0m
Redirected to http://localhost:3000/items
Completed 302 Found in 4ms (ActiveRecord: 0.6ms)


Started GET "/items" for 127.0.0.1 at 2017-05-20 16:51:54 +0530
Processing by ItemsController#index as HTML
  Rendering items/index.html.erb within layouts/standard
  [1m[36mItem Load (0.6ms)[0m  [1m[34mSELECT `items`.* FROM `items`[0m
  [1m[36mCategory Load (0.5ms)[0m  [1m[34mSELECT  `categories`.* FROM `categories` WHERE `categories`.`category_id` = 1 LIMIT 1[0m
  [1m[36mSubCategory Load (0.4ms)[0m  [1m[34mSELECT  `sub_categories`.* FROM `sub_categories` WHERE `sub_categories`.`sub_category_id` = 1 LIMIT 1[0m
  [1m[36mSeller Load (0.4ms)[0m  [1m[34mSELECT  `sellers`.* FROM `sellers` WHERE `sellers`.`seller_id` = 'someone' LIMIT 1[0m
  [1m[36mCACHE (0.0ms)[0m  [1m[34mSELECT  `categories`.* FROM `categories` WHERE `categories`.`category_id` = 1 LIMIT 1[0m  [["category_id", 1], ["LIMIT", 1]]
  [1m[36mCACHE (0.0ms)[0m  [1m[34mSELECT  `sub_categories`.* FROM `sub_categories` WHERE `sub_categories`.`sub_category_id` = 1 LIMIT 1[0m  [["sub_category_id", 1], ["LIMIT", 1]]
  [1m[36mCategory Load (0.5ms)[0m  [1m[34mSELECT  `categories`.* FROM `categories` WHERE `categories`.`category_id` = 3 LIMIT 1[0m
  [1m[36mSubCategory Load (0.5ms)[0m  [1m[34mSELECT  `sub_categories`.* FROM `sub_categories` WHERE `sub_categories`.`sub_category_id` = 9 LIMIT 1[0m
  [1m[36mCACHE (0.0ms)[0m  [1m[34mSELECT  `categories`.* FROM `categories` WHERE `categories`.`category_id` = 3 LIMIT 1[0m  [["category_id", 3], ["LIMIT", 1]]
  [1m[36mCACHE (0.0ms)[0m  [1m[34mSELECT  `sub_categories`.* FROM `sub_categories` WHERE `sub_categories`.`sub_category_id` = 9 LIMIT 1[0m  [["sub_category_id", 9], ["LIMIT", 1]]
  [1m[36mCACHE (0.0ms)[0m  [1m[34mSELECT  `categories`.* FROM `categories` WHERE `categories`.`category_id` = 3 LIMIT 1[0m  [["category_id", 3], ["LIMIT", 1]]
  [1m[36mSubCategory Load (0.5ms)[0m  [1m[34mSELECT  `sub_categories`.* FROM `sub_categories` WHERE `sub_categories`.`sub_category_id` = 3 LIMIT 1[0m
  Rendered items/index.html.erb within layouts/standard (20.8ms)
Completed 200 OK in 52ms (Views: 46.4ms | ActiveRecord: 3.5ms)


Started GET "/users/login" for 127.0.0.1 at 2017-05-20 16:52:19 +0530
Processing by SellersController#login as HTML
  [1m[36mSeller Load (0.6ms)[0m  [1m[34mSELECT  `sellers`.* FROM `sellers` WHERE `sellers`.`seller_id` = 'someone' LIMIT 1[0m
Redirected to http://localhost:3000/items
Completed 302 Found in 17ms (ActiveRecord: 0.6ms)


Started GET "/items" for 127.0.0.1 at 2017-05-20 16:52:19 +0530
Processing by ItemsController#index as HTML
  Rendering items/index.html.erb within layouts/standard
  [1m[36mItem Load (0.6ms)[0m  [1m[34mSELECT `items`.* FROM `items`[0m
  [1m[36mCategory Load (0.4ms)[0m  [1m[34mSELECT  `categories`.* FROM `categories` WHERE `categories`.`category_id` = 1 LIMIT 1[0m
  [1m[36mSubCategory Load (0.3ms)[0m  [1m[34mSELECT  `sub_categories`.* FROM `sub_categories` WHERE `sub_categories`.`sub_category_id` = 1 LIMIT 1[0m
  [1m[36mSeller Load (0.5ms)[0m  [1m[34mSELECT  `sellers`.* FROM `sellers` WHERE `sellers`.`seller_id` = 'someone' LIMIT 1[0m
  [1m[36mCACHE (0.0ms)[0m  [1m[34mSELECT  `categories`.* FROM `categories` WHERE `categories`.`category_id` = 1 LIMIT 1[0m  [["category_id", 1], ["LIMIT", 1]]
  [1m[36mCACHE (0.0ms)[0m  [1m[34mSELECT  `sub_categories`.* FROM `sub_categories` WHERE `sub_categories`.`sub_category_id` = 1 LIMIT 1[0m  [["sub_category_id", 1], ["LIMIT", 1]]
  [1m[36mCategory Load (0.5ms)[0m  [1m[34mSELECT  `categories`.* FROM `categories` WHERE `categories`.`category_id` = 3 LIMIT 1[0m
  [1m[36mSubCategory Load (0.4ms)[0m  [1m[34mSELECT  `sub_categories`.* FROM `sub_categories` WHERE `sub_categories`.`sub_category_id` = 9 LIMIT 1[0m
  [1m[36mCACHE (0.0ms)[0m  [1m[34mSELECT  `categories`.* FROM `categories` WHERE `categories`.`category_id` = 3 LIMIT 1[0m  [["category_id", 3], ["LIMIT", 1]]
  [1m[36mCACHE (0.0ms)[0m  [1m[34mSELECT  `sub_categories`.* FROM `sub_categories` WHERE `sub_categories`.`sub_category_id` = 9 LIMIT 1[0m  [["sub_category_id", 9], ["LIMIT", 1]]
  [1m[36mCACHE (0.0ms)[0m  [1m[34mSELECT  `categories`.* FROM `categories` WHERE `categories`.`category_id` = 3 LIMIT 1[0m  [["category_id", 3], ["LIMIT", 1]]
  [1m[36mSubCategory Load (0.5ms)[0m  [1m[34mSELECT  `sub_categories`.* FROM `sub_categories` WHERE `sub_categories`.`sub_category_id` = 3 LIMIT 1[0m
  Rendered items/index.html.erb within layouts/standard (63.3ms)
Completed 200 OK in 107ms (Views: 84.7ms | ActiveRecord: 7.1ms)


Started GET "/users/login" for 127.0.0.1 at 2017-05-20 16:52:20 +0530
Processing by SellersController#login as HTML
  [1m[36mSeller Load (0.6ms)[0m  [1m[34mSELECT  `sellers`.* FROM `sellers` WHERE `sellers`.`seller_id` = 'someone' LIMIT 1[0m
Redirected to http://localhost:3000/items
Completed 302 Found in 4ms (ActiveRecord: 0.6ms)


Started GET "/items" for 127.0.0.1 at 2017-05-20 16:52:20 +0530
Processing by ItemsController#index as HTML
  Rendering items/index.html.erb within layouts/standard
  [1m[36mItem Load (0.7ms)[0m  [1m[34mSELECT `items`.* FROM `items`[0m
  [1m[36mCategory Load (0.5ms)[0m  [1m[34mSELECT  `categories`.* FROM `categories` WHERE `categories`.`category_id` = 1 LIMIT 1[0m
  [1m[36mSubCategory Load (0.5ms)[0m  [1m[34mSELECT  `sub_categories`.* FROM `sub_categories` WHERE `sub_categories`.`sub_category_id` = 1 LIMIT 1[0m
  [1m[36mSeller Load (0.5ms)[0m  [1m[34mSELECT  `sellers`.* FROM `sellers` WHERE `sellers`.`seller_id` = 'someone' LIMIT 1[0m
  [1m[36mCACHE (0.1ms)[0m  [1m[34mSELECT  `categories`.* FROM `categories` WHERE `categories`.`category_id` = 1 LIMIT 1[0m  [["category_id", 1], ["LIMIT", 1]]
  [1m[36mCACHE (0.0ms)[0m  [1m[34mSELECT  `sub_categories`.* FROM `sub_categories` WHERE `sub_categories`.`sub_category_id` = 1 LIMIT 1[0m  [["sub_category_id", 1], ["LIMIT", 1]]
  [1m[36mCategory Load (0.6ms)[0m  [1m[34mSELECT  `categories`.* FROM `categories` WHERE `categories`.`category_id` = 3 LIMIT 1[0m
  [1m[36mSubCategory Load (0.5ms)[0m  [1m[34mSELECT  `sub_categories`.* FROM `sub_categories` WHERE `sub_categories`.`sub_category_id` = 9 LIMIT 1[0m
  [1m[36mCACHE (0.0ms)[0m  [1m[34mSELECT  `categories`.* FROM `categories` WHERE `categories`.`category_id` = 3 LIMIT 1[0m  [["category_id", 3], ["LIMIT", 1]]
  [1m[36mCACHE (0.1ms)[0m  [1m[34mSELECT  `sub_categories`.* FROM `sub_categories` WHERE `sub_categories`.`sub_category_id` = 9 LIMIT 1[0m  [["sub_category_id", 9], ["LIMIT", 1]]
  [1m[36mCACHE (0.0ms)[0m  [1m[34mSELECT  `categories`.* FROM `categories` WHERE `categories`.`category_id` = 3 LIMIT 1[0m  [["category_id", 3], ["LIMIT", 1]]
  [1m[36mSubCategory Load (0.5ms)[0m  [1m[34mSELECT  `sub_categories`.* FROM `sub_categories` WHERE `sub_categories`.`sub_category_id` = 3 LIMIT 1[0m
  Rendered items/index.html.erb within layouts/standard (22.1ms)
Completed 200 OK in 58ms (Views: 51.2ms | ActiveRecord: 4.1ms)


Started GET "/users/login" for 127.0.0.1 at 2017-05-20 16:52:20 +0530
Processing by SellersController#login as HTML
  [1m[36mSeller Load (0.5ms)[0m  [1m[34mSELECT  `sellers`.* FROM `sellers` WHERE `sellers`.`seller_id` = 'someone' LIMIT 1[0m
Redirected to http://localhost:3000/items
Completed 302 Found in 3ms (ActiveRecord: 0.5ms)


Started GET "/items" for 127.0.0.1 at 2017-05-20 16:52:20 +0530
Processing by ItemsController#index as HTML
  Rendering items/index.html.erb within layouts/standard
  [1m[36mItem Load (0.7ms)[0m  [1m[34mSELECT `items`.* FROM `items`[0m
  [1m[36mCategory Load (1.2ms)[0m  [1m[34mSELECT  `categories`.* FROM `categories` WHERE `categories`.`category_id` = 1 LIMIT 1[0m
  [1m[36mSubCategory Load (0.5ms)[0m  [1m[34mSELECT  `sub_categories`.* FROM `sub_categories` WHERE `sub_categories`.`sub_category_id` = 1 LIMIT 1[0m
  [1m[36mSeller Load (0.9ms)[0m  [1m[34mSELECT  `sellers`.* FROM `sellers` WHERE `sellers`.`seller_id` = 'someone' LIMIT 1[0m
  [1m[36mCACHE (0.0ms)[0m  [1m[34mSELECT  `categories`.* FROM `categories` WHERE `categories`.`category_id` = 1 LIMIT 1[0m  [["category_id", 1], ["LIMIT", 1]]
  [1m[36mCACHE (0.0ms)[0m  [1m[34mSELECT  `sub_categories`.* FROM `sub_categories` WHERE `sub_categories`.`sub_category_id` = 1 LIMIT 1[0m  [["sub_category_id", 1], ["LIMIT", 1]]
  [1m[36mCategory Load (0.6ms)[0m  [1m[34mSELECT  `categories`.* FROM `categories` WHERE `categories`.`category_id` = 3 LIMIT 1[0m
  [1m[36mSubCategory Load (0.5ms)[0m  [1m[34mSELECT  `sub_categories`.* FROM `sub_categories` WHERE `sub_categories`.`sub_category_id` = 9 LIMIT 1[0m
  [1m[36mCACHE (0.0ms)[0m  [1m[34mSELECT  `categories`.* FROM `categories` WHERE `categories`.`category_id` = 3 LIMIT 1[0m  [["category_id", 3], ["LIMIT", 1]]
  [1m[36mCACHE (0.0ms)[0m  [1m[34mSELECT  `sub_categories`.* FROM `sub_categories` WHERE `sub_categories`.`sub_category_id` = 9 LIMIT 1[0m  [["sub_category_id", 9], ["LIMIT", 1]]
  [1m[36mCACHE (0.0ms)[0m  [1m[34mSELECT  `categories`.* FROM `categories` WHERE `categories`.`category_id` = 3 LIMIT 1[0m  [["category_id", 3], ["LIMIT", 1]]
  [1m[36mSubCategory Load (0.6ms)[0m  [1m[34mSELECT  `sub_categories`.* FROM `sub_categories` WHERE `sub_categories`.`sub_category_id` = 3 LIMIT 1[0m
  Rendered items/index.html.erb within layouts/standard (28.6ms)
Completed 200 OK in 67ms (Views: 59.4ms | ActiveRecord: 5.3ms)


Started GET "/items" for 127.0.0.1 at 2017-05-20 16:52:53 +0530
  [1m[36mActiveRecord::SchemaMigration Load (0.6ms)[0m  [1m[34mSELECT `schema_migrations`.* FROM `schema_migrations`[0m
Processing by ItemsController#index as HTML
  Rendering items/index.html.erb within layouts/standard
  [1m[36mItem Load (0.6ms)[0m  [1m[34mSELECT `items`.* FROM `items`[0m
  [1m[36mCategory Load (0.5ms)[0m  [1m[34mSELECT  `categories`.* FROM `categories` WHERE `categories`.`category_id` = 1 LIMIT 1[0m
  [1m[36mSubCategory Load (0.6ms)[0m  [1m[34mSELECT  `sub_categories`.* FROM `sub_categories` WHERE `sub_categories`.`sub_category_id` = 1 LIMIT 1[0m
  [1m[36mSeller Load (0.6ms)[0m  [1m[34mSELECT  `sellers`.* FROM `sellers` WHERE `sellers`.`seller_id` = 'someone' LIMIT 1[0m
  [1m[36mCategory Load (0.5ms)[0m  [1m[34mSELECT  `categories`.* FROM `categories` WHERE `categories`.`category_id` = 1 LIMIT 1[0m
  [1m[36mSubCategory Load (2.1ms)[0m  [1m[34mSELECT  `sub_categories`.* FROM `sub_categories` WHERE `sub_categories`.`sub_category_id` = 1 LIMIT 1[0m
  [1m[36mCategory Load (0.6ms)[0m  [1m[34mSELECT  `categories`.* FROM `categories` WHERE `categories`.`category_id` = 3 LIMIT 1[0m
  [1m[36mSubCategory Load (0.5ms)[0m  [1m[34mSELECT  `sub_categories`.* FROM `sub_categories` WHERE `sub_categories`.`sub_category_id` = 9 LIMIT 1[0m
  [1m[36mCategory Load (0.6ms)[0m  [1m[34mSELECT  `categories`.* FROM `categories` WHERE `categories`.`category_id` = 3 LIMIT 1[0m
  [1m[36mSubCategory Load (0.5ms)[0m  [1m[34mSELECT  `sub_categories`.* FROM `sub_categories` WHERE `sub_categories`.`sub_category_id` = 9 LIMIT 1[0m
  [1m[36mCategory Load (0.4ms)[0m  [1m[34mSELECT  `categories`.* FROM `categories` WHERE `categories`.`category_id` = 3 LIMIT 1[0m
  [1m[36mSubCategory Load (0.5ms)[0m  [1m[34mSELECT  `sub_categories`.* FROM `sub_categories` WHERE `sub_categories`.`sub_category_id` = 3 LIMIT 1[0m
  Rendered items/index.html.erb within layouts/standard (86.2ms)
Completed 200 OK in 382ms (Views: 336.1ms | ActiveRecord: 17.8ms)


Started GET "/users/login" for 127.0.0.1 at 2017-05-20 16:52:55 +0530
Processing by SellersController#login as HTML
  [1m[36mSeller Load (0.7ms)[0m  [1m[34mSELECT  `sellers`.* FROM `sellers` WHERE `sellers`.`seller_id` = 'someone' LIMIT 1[0m
Redirected to http://localhost:3000/items
Completed 302 Found in 6ms (ActiveRecord: 0.7ms)


Started GET "/items" for 127.0.0.1 at 2017-05-20 16:52:55 +0530
Processing by ItemsController#index as HTML
  Rendering items/index.html.erb within layouts/standard
  [1m[36mItem Load (1.3ms)[0m  [1m[34mSELECT `items`.* FROM `items`[0m
  [1m[36mCategory Load (0.6ms)[0m  [1m[34mSELECT  `categories`.* FROM `categories` WHERE `categories`.`category_id` = 1 LIMIT 1[0m
  [1m[36mSubCategory Load (0.5ms)[0m  [1m[34mSELECT  `sub_categories`.* FROM `sub_categories` WHERE `sub_categories`.`sub_category_id` = 1 LIMIT 1[0m
  [1m[36mSeller Load (0.5ms)[0m  [1m[34mSELECT  `sellers`.* FROM `sellers` WHERE `sellers`.`seller_id` = 'someone' LIMIT 1[0m
  [1m[36mCACHE (0.0ms)[0m  [1m[34mSELECT  `categories`.* FROM `categories` WHERE `categories`.`category_id` = 1 LIMIT 1[0m  [["category_id", 1], ["LIMIT", 1]]
  [1m[36mCACHE (0.0ms)[0m  [1m[34mSELECT  `sub_categories`.* FROM `sub_categories` WHERE `sub_categories`.`sub_category_id` = 1 LIMIT 1[0m  [["sub_category_id", 1], ["LIMIT", 1]]
  [1m[36mCategory Load (0.8ms)[0m  [1m[34mSELECT  `categories`.* FROM `categories` WHERE `categories`.`category_id` = 3 LIMIT 1[0m
  [1m[36mSubCategory Load (3.0ms)[0m  [1m[34mSELECT  `sub_categories`.* FROM `sub_categories` WHERE `sub_categories`.`sub_category_id` = 9 LIMIT 1[0m
  [1m[36mCACHE (0.0ms)[0m  [1m[34mSELECT  `categories`.* FROM `categories` WHERE `categories`.`category_id` = 3 LIMIT 1[0m  [["category_id", 3], ["LIMIT", 1]]
  [1m[36mCACHE (0.0ms)[0m  [1m[34mSELECT  `sub_categories`.* FROM `sub_categories` WHERE `sub_categories`.`sub_category_id` = 9 LIMIT 1[0m  [["sub_category_id", 9], ["LIMIT", 1]]
  [1m[36mCACHE (0.0ms)[0m  [1m[34mSELECT  `categories`.* FROM `categories` WHERE `categories`.`category_id` = 3 LIMIT 1[0m  [["category_id", 3], ["LIMIT", 1]]
  [1m[36mSubCategory Load (0.6ms)[0m  [1m[34mSELECT  `sub_categories`.* FROM `sub_categories` WHERE `sub_categories`.`sub_category_id` = 3 LIMIT 1[0m
  Rendered items/index.html.erb within layouts/standard (23.7ms)
Completed 200 OK in 49ms (Views: 39.0ms | ActiveRecord: 7.4ms)


Started GET "/users/login" for 127.0.0.1 at 2017-05-20 16:52:55 +0530
Processing by SellersController#login as HTML
  [1m[36mSeller Load (0.8ms)[0m  [1m[34mSELECT  `sellers`.* FROM `sellers` WHERE `sellers`.`seller_id` = 'someone' LIMIT 1[0m
Redirected to http://localhost:3000/items
Completed 302 Found in 4ms (ActiveRecord: 0.8ms)


Started GET "/items" for 127.0.0.1 at 2017-05-20 16:52:55 +0530
Processing by ItemsController#index as HTML
  Rendering items/index.html.erb within layouts/standard
  [1m[36mItem Load (0.7ms)[0m  [1m[34mSELECT `items`.* FROM `items`[0m
  [1m[36mCategory Load (0.7ms)[0m  [1m[34mSELECT  `categories`.* FROM `categories` WHERE `categories`.`category_id` = 1 LIMIT 1[0m
  [1m[36mSubCategory Load (0.8ms)[0m  [1m[34mSELECT  `sub_categories`.* FROM `sub_categories` WHERE `sub_categories`.`sub_category_id` = 1 LIMIT 1[0m
  [1m[36mSeller Load (0.8ms)[0m  [1m[34mSELECT  `sellers`.* FROM `sellers` WHERE `sellers`.`seller_id` = 'someone' LIMIT 1[0m
  [1m[36mCACHE (0.0ms)[0m  [1m[34mSELECT  `categories`.* FROM `categories` WHERE `categories`.`category_id` = 1 LIMIT 1[0m  [["category_id", 1], ["LIMIT", 1]]
  [1m[36mCACHE (0.0ms)[0m  [1m[34mSELECT  `sub_categories`.* FROM `sub_categories` WHERE `sub_categories`.`sub_category_id` = 1 LIMIT 1[0m  [["sub_category_id", 1], ["LIMIT", 1]]
  [1m[36mCategory Load (0.6ms)[0m  [1m[34mSELECT  `categories`.* FROM `categories` WHERE `categories`.`category_id` = 3 LIMIT 1[0m
  [1m[36mSubCategory Load (0.6ms)[0m  [1m[34mSELECT  `sub_categories`.* FROM `sub_categories` WHERE `sub_categories`.`sub_category_id` = 9 LIMIT 1[0m
  [1m[36mCACHE (0.0ms)[0m  [1m[34mSELECT  `categories`.* FROM `categories` WHERE `categories`.`category_id` = 3 LIMIT 1[0m  [["category_id", 3], ["LIMIT", 1]]
  [1m[36mCACHE (0.0ms)[0m  [1m[34mSELECT  `sub_categories`.* FROM `sub_categories` WHERE `sub_categories`.`sub_category_id` = 9 LIMIT 1[0m  [["sub_category_id", 9], ["LIMIT", 1]]
  [1m[36mCACHE (0.0ms)[0m  [1m[34mSELECT  `categories`.* FROM `categories` WHERE `categories`.`category_id` = 3 LIMIT 1[0m  [["category_id", 3], ["LIMIT", 1]]
  [1m[36mSubCategory Load (0.7ms)[0m  [1m[34mSELECT  `sub_categories`.* FROM `sub_categories` WHERE `sub_categories`.`sub_category_id` = 3 LIMIT 1[0m
  Rendered items/index.html.erb within layouts/standard (21.5ms)
Completed 200 OK in 52ms (Views: 44.4ms | ActiveRecord: 5.2ms)


Started GET "/users/login" for 127.0.0.1 at 2017-05-20 16:52:56 +0530
Processing by SellersController#login as HTML
  [1m[36mSeller Load (0.6ms)[0m  [1m[34mSELECT  `sellers`.* FROM `sellers` WHERE `sellers`.`seller_id` = 'someone' LIMIT 1[0m
Redirected to http://localhost:3000/items
Completed 302 Found in 4ms (ActiveRecord: 0.6ms)


Started GET "/items" for 127.0.0.1 at 2017-05-20 16:52:56 +0530
Processing by ItemsController#index as HTML
  Rendering items/index.html.erb within layouts/standard
  [1m[36mItem Load (0.6ms)[0m  [1m[34mSELECT `items`.* FROM `items`[0m
  [1m[36mCategory Load (0.7ms)[0m  [1m[34mSELECT  `categories`.* FROM `categories` WHERE `categories`.`category_id` = 1 LIMIT 1[0m
  [1m[36mSubCategory Load (0.7ms)[0m  [1m[34mSELECT  `sub_categories`.* FROM `sub_categories` WHERE `sub_categories`.`sub_category_id` = 1 LIMIT 1[0m
  [1m[36mSeller Load (0.6ms)[0m  [1m[34mSELECT  `sellers`.* FROM `sellers` WHERE `sellers`.`seller_id` = 'someone' LIMIT 1[0m
  [1m[36mCACHE (0.0ms)[0m  [1m[34mSELECT  `categories`.* FROM `categories` WHERE `categories`.`category_id` = 1 LIMIT 1[0m  [["category_id", 1], ["LIMIT", 1]]
  [1m[36mCACHE (0.0ms)[0m  [1m[34mSELECT  `sub_categories`.* FROM `sub_categories` WHERE `sub_categories`.`sub_category_id` = 1 LIMIT 1[0m  [["sub_category_id", 1], ["LIMIT", 1]]
  [1m[36mCategory Load (0.6ms)[0m  [1m[34mSELECT  `categories`.* FROM `categories` WHERE `categories`.`category_id` = 3 LIMIT 1[0m
  [1m[36mSubCategory Load (1.2ms)[0m  [1m[34mSELECT  `sub_categories`.* FROM `sub_categories` WHERE `sub_categories`.`sub_category_id` = 9 LIMIT 1[0m
  [1m[36mCACHE (0.0ms)[0m  [1m[34mSELECT  `categories`.* FROM `categories` WHERE `categories`.`category_id` = 3 LIMIT 1[0m  [["category_id", 3], ["LIMIT", 1]]
  [1m[36mCACHE (0.0ms)[0m  [1m[34mSELECT  `sub_categories`.* FROM `sub_categories` WHERE `sub_categories`.`sub_category_id` = 9 LIMIT 1[0m  [["sub_category_id", 9], ["LIMIT", 1]]
  [1m[36mCACHE (0.0ms)[0m  [1m[34mSELECT  `categories`.* FROM `categories` WHERE `categories`.`category_id` = 3 LIMIT 1[0m  [["category_id", 3], ["LIMIT", 1]]
  [1m[36mSubCategory Load (2.0ms)[0m  [1m[34mSELECT  `sub_categories`.* FROM `sub_categories` WHERE `sub_categories`.`sub_category_id` = 3 LIMIT 1[0m
  Rendered items/index.html.erb within layouts/standard (22.7ms)
Completed 200 OK in 79ms (Views: 71.0ms | ActiveRecord: 6.4ms)


Started GET "/users/login" for 127.0.0.1 at 2017-05-20 16:52:57 +0530
Processing by SellersController#login as HTML
  [1m[36mSeller Load (0.6ms)[0m  [1m[34mSELECT  `sellers`.* FROM `sellers` WHERE `sellers`.`seller_id` = 'someone' LIMIT 1[0m
Redirected to http://localhost:3000/items
Completed 302 Found in 4ms (ActiveRecord: 0.6ms)


Started GET "/items" for 127.0.0.1 at 2017-05-20 16:52:57 +0530
Processing by ItemsController#index as HTML
  Rendering items/index.html.erb within layouts/standard
  [1m[36mItem Load (0.6ms)[0m  [1m[34mSELECT `items`.* FROM `items`[0m
  [1m[36mCategory Load (0.7ms)[0m  [1m[34mSELECT  `categories`.* FROM `categories` WHERE `categories`.`category_id` = 1 LIMIT 1[0m
  [1m[36mSubCategory Load (0.6ms)[0m  [1m[34mSELECT  `sub_categories`.* FROM `sub_categories` WHERE `sub_categories`.`sub_category_id` = 1 LIMIT 1[0m
  [1m[36mSeller Load (0.6ms)[0m  [1m[34mSELECT  `sellers`.* FROM `sellers` WHERE `sellers`.`seller_id` = 'someone' LIMIT 1[0m
  [1m[36mCACHE (0.0ms)[0m  [1m[34mSELECT  `categories`.* FROM `categories` WHERE `categories`.`category_id` = 1 LIMIT 1[0m  [["category_id", 1], ["LIMIT", 1]]
  [1m[36mCACHE (0.0ms)[0m  [1m[34mSELECT  `sub_categories`.* FROM `sub_categories` WHERE `sub_categories`.`sub_category_id` = 1 LIMIT 1[0m  [["sub_category_id", 1], ["LIMIT", 1]]
  [1m[36mCategory Load (0.6ms)[0m  [1m[34mSELECT  `categories`.* FROM `categories` WHERE `categories`.`category_id` = 3 LIMIT 1[0m
  [1m[36mSubCategory Load (0.5ms)[0m  [1m[34mSELECT  `sub_categories`.* FROM `sub_categories` WHERE `sub_categories`.`sub_category_id` = 9 LIMIT 1[0m
  [1m[36mCACHE (0.0ms)[0m  [1m[34mSELECT  `categories`.* FROM `categories` WHERE `categories`.`category_id` = 3 LIMIT 1[0m  [["category_id", 3], ["LIMIT", 1]]
  [1m[36mCACHE (0.0ms)[0m  [1m[34mSELECT  `sub_categories`.* FROM `sub_categories` WHERE `sub_categories`.`sub_category_id` = 9 LIMIT 1[0m  [["sub_category_id", 9], ["LIMIT", 1]]
  [1m[36mCACHE (0.0ms)[0m  [1m[34mSELECT  `categories`.* FROM `categories` WHERE `categories`.`category_id` = 3 LIMIT 1[0m  [["category_id", 3], ["LIMIT", 1]]
  [1m[36mSubCategory Load (0.5ms)[0m  [1m[34mSELECT  `sub_categories`.* FROM `sub_categories` WHERE `sub_categories`.`sub_category_id` = 3 LIMIT 1[0m
  Rendered items/index.html.erb within layouts/standard (19.1ms)
Completed 200 OK in 50ms (Views: 43.7ms | ActiveRecord: 4.3ms)


Started GET "/users/login" for 127.0.0.1 at 2017-05-20 16:52:57 +0530
Processing by SellersController#login as HTML
  [1m[36mSeller Load (0.6ms)[0m  [1m[34mSELECT  `sellers`.* FROM `sellers` WHERE `sellers`.`seller_id` = 'someone' LIMIT 1[0m
Redirected to http://localhost:3000/items
Completed 302 Found in 3ms (ActiveRecord: 0.6ms)


Started GET "/items" for 127.0.0.1 at 2017-05-20 16:52:57 +0530
Processing by ItemsController#index as HTML
  Rendering items/index.html.erb within layouts/standard
  [1m[36mItem Load (0.6ms)[0m  [1m[34mSELECT `items`.* FROM `items`[0m
  [1m[36mCategory Load (0.9ms)[0m  [1m[34mSELECT  `categories`.* FROM `categories` WHERE `categories`.`category_id` = 1 LIMIT 1[0m
  [1m[36mSubCategory Load (0.8ms)[0m  [1m[34mSELECT  `sub_categories`.* FROM `sub_categories` WHERE `sub_categories`.`sub_category_id` = 1 LIMIT 1[0m
  [1m[36mSeller Load (0.8ms)[0m  [1m[34mSELECT  `sellers`.* FROM `sellers` WHERE `sellers`.`seller_id` = 'someone' LIMIT 1[0m
  [1m[36mCACHE (0.0ms)[0m  [1m[34mSELECT  `categories`.* FROM `categories` WHERE `categories`.`category_id` = 1 LIMIT 1[0m  [["category_id", 1], ["LIMIT", 1]]
  [1m[36mCACHE (0.0ms)[0m  [1m[34mSELECT  `sub_categories`.* FROM `sub_categories` WHERE `sub_categories`.`sub_category_id` = 1 LIMIT 1[0m  [["sub_category_id", 1], ["LIMIT", 1]]
  [1m[36mCategory Load (1.0ms)[0m  [1m[34mSELECT  `categories`.* FROM `categories` WHERE `categories`.`category_id` = 3 LIMIT 1[0m
  [1m[36mSubCategory Load (0.6ms)[0m  [1m[34mSELECT  `sub_categories`.* FROM `sub_categories` WHERE `sub_categories`.`sub_category_id` = 9 LIMIT 1[0m
  [1m[36mCACHE (0.0ms)[0m  [1m[34mSELECT  `categories`.* FROM `categories` WHERE `categories`.`category_id` = 3 LIMIT 1[0m  [["category_id", 3], ["LIMIT", 1]]
  [1m[36mCACHE (0.0ms)[0m  [1m[34mSELECT  `sub_categories`.* FROM `sub_categories` WHERE `sub_categories`.`sub_category_id` = 9 LIMIT 1[0m  [["sub_category_id", 9], ["LIMIT", 1]]
  [1m[36mCACHE (0.0ms)[0m  [1m[34mSELECT  `categories`.* FROM `categories` WHERE `categories`.`category_id` = 3 LIMIT 1[0m  [["category_id", 3], ["LIMIT", 1]]
  [1m[36mSubCategory Load (0.6ms)[0m  [1m[34mSELECT  `sub_categories`.* FROM `sub_categories` WHERE `sub_categories`.`sub_category_id` = 3 LIMIT 1[0m
  Rendered items/index.html.erb within layouts/standard (22.4ms)
Completed 200 OK in 52ms (Views: 44.8ms | ActiveRecord: 5.6ms)


Started GET "/users/login" for 127.0.0.1 at 2017-05-20 16:52:58 +0530
Processing by SellersController#login as HTML
  [1m[36mSeller Load (0.5ms)[0m  [1m[34mSELECT  `sellers`.* FROM `sellers` WHERE `sellers`.`seller_id` = 'someone' LIMIT 1[0m
Redirected to http://localhost:3000/items
Completed 302 Found in 3ms (ActiveRecord: 0.5ms)


Started GET "/items" for 127.0.0.1 at 2017-05-20 16:52:58 +0530
Processing by ItemsController#index as HTML
  Rendering items/index.html.erb within layouts/standard
  [1m[36mItem Load (0.5ms)[0m  [1m[34mSELECT `items`.* FROM `items`[0m
  [1m[36mCategory Load (0.7ms)[0m  [1m[34mSELECT  `categories`.* FROM `categories` WHERE `categories`.`category_id` = 1 LIMIT 1[0m
  [1m[36mSubCategory Load (0.6ms)[0m  [1m[34mSELECT  `sub_categories`.* FROM `sub_categories` WHERE `sub_categories`.`sub_category_id` = 1 LIMIT 1[0m
  [1m[36mSeller Load (0.6ms)[0m  [1m[34mSELECT  `sellers`.* FROM `sellers` WHERE `sellers`.`seller_id` = 'someone' LIMIT 1[0m
  [1m[36mCACHE (0.0ms)[0m  [1m[34mSELECT  `categories`.* FROM `categories` WHERE `categories`.`category_id` = 1 LIMIT 1[0m  [["category_id", 1], ["LIMIT", 1]]
  [1m[36mCACHE (0.0ms)[0m  [1m[34mSELECT  `sub_categories`.* FROM `sub_categories` WHERE `sub_categories`.`sub_category_id` = 1 LIMIT 1[0m  [["sub_category_id", 1], ["LIMIT", 1]]
  [1m[36mCategory Load (0.6ms)[0m  [1m[34mSELECT  `categories`.* FROM `categories` WHERE `categories`.`category_id` = 3 LIMIT 1[0m
  [1m[36mSubCategory Load (0.5ms)[0m  [1m[34mSELECT  `sub_categories`.* FROM `sub_categories` WHERE `sub_categories`.`sub_category_id` = 9 LIMIT 1[0m
  [1m[36mCACHE (0.0ms)[0m  [1m[34mSELECT  `categories`.* FROM `categories` WHERE `categories`.`category_id` = 3 LIMIT 1[0m  [["category_id", 3], ["LIMIT", 1]]
  [1m[36mCACHE (0.0ms)[0m  [1m[34mSELECT  `sub_categories`.* FROM `sub_categories` WHERE `sub_categories`.`sub_category_id` = 9 LIMIT 1[0m  [["sub_category_id", 9], ["LIMIT", 1]]
  [1m[36mCACHE (0.0ms)[0m  [1m[34mSELECT  `categories`.* FROM `categories` WHERE `categories`.`category_id` = 3 LIMIT 1[0m  [["category_id", 3], ["LIMIT", 1]]
  [1m[36mSubCategory Load (0.6ms)[0m  [1m[34mSELECT  `sub_categories`.* FROM `sub_categories` WHERE `sub_categories`.`sub_category_id` = 3 LIMIT 1[0m
  Rendered items/index.html.erb within layouts/standard (18.6ms)
Completed 200 OK in 52ms (Views: 45.2ms | ActiveRecord: 4.1ms)


Started GET "/users/login" for 127.0.0.1 at 2017-05-20 16:52:59 +0530
Processing by SellersController#login as HTML
  [1m[36mSeller Load (0.6ms)[0m  [1m[34mSELECT  `sellers`.* FROM `sellers` WHERE `sellers`.`seller_id` = 'someone' LIMIT 1[0m
Redirected to http://localhost:3000/items
Completed 302 Found in 4ms (ActiveRecord: 0.6ms)


Started GET "/items" for 127.0.0.1 at 2017-05-20 16:52:59 +0530
Processing by ItemsController#index as HTML
  Rendering items/index.html.erb within layouts/standard
  [1m[36mItem Load (0.6ms)[0m  [1m[34mSELECT `items`.* FROM `items`[0m
  [1m[36mCategory Load (0.6ms)[0m  [1m[34mSELECT  `categories`.* FROM `categories` WHERE `categories`.`category_id` = 1 LIMIT 1[0m
  [1m[36mSubCategory Load (0.7ms)[0m  [1m[34mSELECT  `sub_categories`.* FROM `sub_categories` WHERE `sub_categories`.`sub_category_id` = 1 LIMIT 1[0m
  [1m[36mSeller Load (0.7ms)[0m  [1m[34mSELECT  `sellers`.* FROM `sellers` WHERE `sellers`.`seller_id` = 'someone' LIMIT 1[0m
  [1m[36mCACHE (0.0ms)[0m  [1m[34mSELECT  `categories`.* FROM `categories` WHERE `categories`.`category_id` = 1 LIMIT 1[0m  [["category_id", 1], ["LIMIT", 1]]
  [1m[36mCACHE (0.0ms)[0m  [1m[34mSELECT  `sub_categories`.* FROM `sub_categories` WHERE `sub_categories`.`sub_category_id` = 1 LIMIT 1[0m  [["sub_category_id", 1], ["LIMIT", 1]]
  [1m[36mCategory Load (0.5ms)[0m  [1m[34mSELECT  `categories`.* FROM `categories` WHERE `categories`.`category_id` = 3 LIMIT 1[0m
  [1m[36mSubCategory Load (0.4ms)[0m  [1m[34mSELECT  `sub_categories`.* FROM `sub_categories` WHERE `sub_categories`.`sub_category_id` = 9 LIMIT 1[0m
  [1m[36mCACHE (0.0ms)[0m  [1m[34mSELECT  `categories`.* FROM `categories` WHERE `categories`.`category_id` = 3 LIMIT 1[0m  [["category_id", 3], ["LIMIT", 1]]
  [1m[36mCACHE (0.0ms)[0m  [1m[34mSELECT  `sub_categories`.* FROM `sub_categories` WHERE `sub_categories`.`sub_category_id` = 9 LIMIT 1[0m  [["sub_category_id", 9], ["LIMIT", 1]]
  [1m[36mCACHE (0.0ms)[0m  [1m[34mSELECT  `categories`.* FROM `categories` WHERE `categories`.`category_id` = 3 LIMIT 1[0m  [["category_id", 3], ["LIMIT", 1]]
  [1m[36mSubCategory Load (0.6ms)[0m  [1m[34mSELECT  `sub_categories`.* FROM `sub_categories` WHERE `sub_categories`.`sub_category_id` = 3 LIMIT 1[0m
  Rendered items/index.html.erb within layouts/standard (20.6ms)
Completed 200 OK in 51ms (Views: 44.6ms | ActiveRecord: 4.2ms)


Started GET "/users/login" for 127.0.0.1 at 2017-05-20 16:53:00 +0530
Processing by SellersController#login as HTML
  [1m[36mSeller Load (0.6ms)[0m  [1m[34mSELECT  `sellers`.* FROM `sellers` WHERE `sellers`.`seller_id` = 'someone' LIMIT 1[0m
Redirected to http://localhost:3000/items
Completed 302 Found in 3ms (ActiveRecord: 0.6ms)


Started GET "/items" for 127.0.0.1 at 2017-05-20 16:53:00 +0530
Processing by ItemsController#index as HTML
  Rendering items/index.html.erb within layouts/standard
  [1m[36mItem Load (0.5ms)[0m  [1m[34mSELECT `items`.* FROM `items`[0m
  [1m[36mCategory Load (0.7ms)[0m  [1m[34mSELECT  `categories`.* FROM `categories` WHERE `categories`.`category_id` = 1 LIMIT 1[0m
  [1m[36mSubCategory Load (0.7ms)[0m  [1m[34mSELECT  `sub_categories`.* FROM `sub_categories` WHERE `sub_categories`.`sub_category_id` = 1 LIMIT 1[0m
  [1m[36mSeller Load (0.6ms)[0m  [1m[34mSELECT  `sellers`.* FROM `sellers` WHERE `sellers`.`seller_id` = 'someone' LIMIT 1[0m
  [1m[36mCACHE (0.0ms)[0m  [1m[34mSELECT  `categories`.* FROM `categories` WHERE `categories`.`category_id` = 1 LIMIT 1[0m  [["category_id", 1], ["LIMIT", 1]]
  [1m[36mCACHE (0.1ms)[0m  [1m[34mSELECT  `sub_categories`.* FROM `sub_categories` WHERE `sub_categories`.`sub_category_id` = 1 LIMIT 1[0m  [["sub_category_id", 1], ["LIMIT", 1]]
  [1m[36mCategory Load (0.6ms)[0m  [1m[34mSELECT  `categories`.* FROM `categories` WHERE `categories`.`category_id` = 3 LIMIT 1[0m
  [1m[36mSubCategory Load (0.5ms)[0m  [1m[34mSELECT  `sub_categories`.* FROM `sub_categories` WHERE `sub_categories`.`sub_category_id` = 9 LIMIT 1[0m
  [1m[36mCACHE (0.0ms)[0m  [1m[34mSELECT  `categories`.* FROM `categories` WHERE `categories`.`category_id` = 3 LIMIT 1[0m  [["category_id", 3], ["LIMIT", 1]]
  [1m[36mCACHE (0.0ms)[0m  [1m[34mSELECT  `sub_categories`.* FROM `sub_categories` WHERE `sub_categories`.`sub_category_id` = 9 LIMIT 1[0m  [["sub_category_id", 9], ["LIMIT", 1]]
  [1m[36mCACHE (0.0ms)[0m  [1m[34mSELECT  `categories`.* FROM `categories` WHERE `categories`.`category_id` = 3 LIMIT 1[0m  [["category_id", 3], ["LIMIT", 1]]
  [1m[36mSubCategory Load (0.5ms)[0m  [1m[34mSELECT  `sub_categories`.* FROM `sub_categories` WHERE `sub_categories`.`sub_category_id` = 3 LIMIT 1[0m
  Rendered items/index.html.erb within layouts/standard (21.9ms)
Completed 200 OK in 52ms (Views: 46.1ms | ActiveRecord: 4.1ms)


Started GET "/users/login" for 127.0.0.1 at 2017-05-20 16:53:44 +0530
Processing by UsersController#login as HTML
  Rendering users/login.html.erb within layouts/application
  Rendered users/login.html.erb within layouts/application (28.7ms)
Completed 200 OK in 98ms (Views: 67.1ms | ActiveRecord: 1.5ms)


Started POST "/users/loggedin" for 127.0.0.1 at 2017-05-20 16:53:56 +0530
Processing by UsersController#loggedin as HTML
  Parameters: {"utf8"=>"✓", "authenticity_token"=>"KGmQL14IstCLoSP1WNF78lbXQopxsTUHZu0R7w7EoadRRbFMCuHX2Bos4buTHCVt1IE8rfIvaRznaDGDYkppkQ==", "users"=>{"user_id"=>"harsha", "password"=>"[FILTERED]"}, "commit"=>"Login"}
  [1m[36mUser Load (0.7ms)[0m  [1m[34mSELECT  `users`.* FROM `users` WHERE (LOWER(user_id) = 'harsha') LIMIT 1[0m
No template found for UsersController#loggedin, rendering head :no_content
Completed 204 No Content in 22ms (ActiveRecord: 0.7ms)


Started GET "/users/login" for 127.0.0.1 at 2017-05-20 16:54:01 +0530
Processing by UsersController#login as HTML
  Rendering users/login.html.erb within layouts/application
  Rendered users/login.html.erb within layouts/application (2.1ms)
Completed 200 OK in 28ms (Views: 25.6ms | ActiveRecord: 0.0ms)


Started GET "/users/new" for 127.0.0.1 at 2017-05-20 16:54:08 +0530
Processing by UsersController#new as HTML
  Rendering users/new.html.erb within layouts/application
  Rendered users/_form.html.erb (67.9ms)
  Rendered users/new.html.erb within layouts/application (77.4ms)
Completed 200 OK in 111ms (Views: 95.9ms | ActiveRecord: 0.0ms)


Started POST "/users" for 127.0.0.1 at 2017-05-20 16:54:42 +0530
Processing by UsersController#create as HTML
  Parameters: {"utf8"=>"✓", "authenticity_token"=>"aWZhkSrkZ1adISxvc6bFRLSUuFhNpY7gknb3rwEXeELqNRByICX8ehdC86bTaBFgNxVkOwvGCYpNBfXoKtpyFQ==", "user"=>{"user_id"=>"usman2897", "user_name"=>"Mohammed Usman", "user_email"=>"musman2897@gmail.com", "password"=>"[FILTERED]", "user_phone"=>"8553853415"}, "commit"=>"Create User"}
  [1m[35m (0.3ms)[0m  [1m[35mBEGIN[0m
  [1m[35mSQL (29.0ms)[0m  [1m[32mINSERT INTO `users` (`user_id`, `user_name`, `user_email`, `password_digest`, `user_phone`) VALUES ('usman2897', 'Mohammed Usman', 'musman2897@gmail.com', '$2a$10$9HFg2LxY8y7jTRdsbwsmHugzAKBUU1PvZNy0Rh63nt3V/Kw3r6UTW', 8553853415)[0m
  [1m[35m (40.4ms)[0m  [1m[35mCOMMIT[0m
Redirected to http://localhost:3000/users/usman2897
Completed 302 Found in 171ms (ActiveRecord: 69.7ms)


Started GET "/users/usman2897" for 127.0.0.1 at 2017-05-20 16:54:42 +0530
Processing by UsersController#show as HTML
  Parameters: {"id"=>"usman2897"}
  [1m[36mUser Load (0.5ms)[0m  [1m[34mSELECT  `users`.* FROM `users` WHERE `users`.`user_id` = 'usman2897' LIMIT 1[0m
  Rendering users/show.html.erb within layouts/application
  Rendered users/show.html.erb within layouts/application (1.3ms)
Completed 200 OK in 26ms (Views: 21.8ms | ActiveRecord: 0.5ms)


Started GET "/users" for 127.0.0.1 at 2017-05-20 16:54:45 +0530
Processing by UsersController#index as HTML
  Rendering users/index.html.erb within layouts/application
  [1m[36mUser Load (0.7ms)[0m  [1m[34mSELECT `users`.* FROM `users`[0m
  Rendered users/index.html.erb within layouts/application (4.8ms)
Completed 200 OK in 39ms (Views: 35.9ms | ActiveRecord: 0.7ms)


Started GET "/users/login" for 127.0.0.1 at 2017-05-20 16:54:52 +0530
Processing by UsersController#login as HTML
  Rendering users/login.html.erb within layouts/application
  Rendered users/login.html.erb within layouts/application (4.4ms)
Completed 200 OK in 47ms (Views: 45.2ms | ActiveRecord: 0.0ms)


Started POST "/users/loggedin" for 127.0.0.1 at 2017-05-20 16:54:59 +0530
Processing by UsersController#loggedin as HTML
  Parameters: {"utf8"=>"✓", "authenticity_token"=>"05RIcvsx4fgmBcn0hdZbzL1OrlYzYhvWymYlv68unZNQxzmR8fB61KxmFj0lGI/oPs9yNXUBnLwVFSf4hOOXxA==", "users"=>{"user_id"=>"usman2897", "password"=>"[FILTERED]"}, "commit"=>"Login"}
  [1m[36mUser Load (0.7ms)[0m  [1m[34mSELECT  `users`.* FROM `users` WHERE (LOWER(user_id) = 'usman2897') LIMIT 1[0m
Redirected to http://localhost:3000/items
Completed 302 Found in 99ms (ActiveRecord: 0.7ms)


Started GET "/items" for 127.0.0.1 at 2017-05-20 16:54:59 +0530
Processing by ItemsController#index as HTML
  Rendering items/index.html.erb within layouts/standard
  [1m[36mItem Load (0.5ms)[0m  [1m[34mSELECT `items`.* FROM `items`[0m
  [1m[36mCategory Load (0.5ms)[0m  [1m[34mSELECT  `categories`.* FROM `categories` WHERE `categories`.`category_id` = 1 LIMIT 1[0m
  [1m[36mSubCategory Load (0.5ms)[0m  [1m[34mSELECT  `sub_categories`.* FROM `sub_categories` WHERE `sub_categories`.`sub_category_id` = 1 LIMIT 1[0m
  [1m[36mSeller Load (0.5ms)[0m  [1m[34mSELECT  `sellers`.* FROM `sellers` WHERE `sellers`.`seller_id` = 'someone' LIMIT 1[0m
  [1m[36mCACHE (0.0ms)[0m  [1m[34mSELECT  `categories`.* FROM `categories` WHERE `categories`.`category_id` = 1 LIMIT 1[0m  [["category_id", 1], ["LIMIT", 1]]
  [1m[36mCACHE (0.0ms)[0m  [1m[34mSELECT  `sub_categories`.* FROM `sub_categories` WHERE `sub_categories`.`sub_category_id` = 1 LIMIT 1[0m  [["sub_category_id", 1], ["LIMIT", 1]]
  [1m[36mCategory Load (0.5ms)[0m  [1m[34mSELECT  `categories`.* FROM `categories` WHERE `categories`.`category_id` = 3 LIMIT 1[0m
  [1m[36mSubCategory Load (0.4ms)[0m  [1m[34mSELECT  `sub_categories`.* FROM `sub_categories` WHERE `sub_categories`.`sub_category_id` = 9 LIMIT 1[0m
  [1m[36mCACHE (0.0ms)[0m  [1m[34mSELECT  `categories`.* FROM `categories` WHERE `categories`.`category_id` = 3 LIMIT 1[0m  [["category_id", 3], ["LIMIT", 1]]
  [1m[36mCACHE (0.0ms)[0m  [1m[34mSELECT  `sub_categories`.* FROM `sub_categories` WHERE `sub_categories`.`sub_category_id` = 9 LIMIT 1[0m  [["sub_category_id", 9], ["LIMIT", 1]]
  [1m[36mCACHE (0.0ms)[0m  [1m[34mSELECT  `categories`.* FROM `categories` WHERE `categories`.`category_id` = 3 LIMIT 1[0m  [["category_id", 3], ["LIMIT", 1]]
  [1m[36mSubCategory Load (0.5ms)[0m  [1m[34mSELECT  `sub_categories`.* FROM `sub_categories` WHERE `sub_categories`.`sub_category_id` = 3 LIMIT 1[0m
  Rendered items/index.html.erb within layouts/standard (56.9ms)
Completed 500 Internal Server Error in 109ms (ActiveRecord: 3.6ms)


  
ActionView::Template::Error (undefined method `user_id' for #<Seller:0x007f78e00ec2b0>
Did you mean?  seller_id):
    12:     <nav>
    13:         <% if account_user_signed_in? && cookies.signed[:id] == 'user' %>
    14:           <% @current = current_account_user %>
    15:           <p><%= @current.user_id %>
    16:           </p>
    17:         <% else %>
    18:           <li><%= link_to 'log in', users_login_path %></li>
  
app/views/layouts/standard.html.erb:15:in `_app_views_layouts_standard_html_erb__3682097333455197896_70078666566440'
  Rendering /home/usman/.rbenv/versions/2.4.0/lib/ruby/gems/2.4.0/gems/actionpack-5.0.3/lib/action_dispatch/middleware/templates/rescues/template_error.html.erb within rescues/layout
  Rendering /home/usman/.rbenv/versions/2.4.0/lib/ruby/gems/2.4.0/gems/actionpack-5.0.3/lib/action_dispatch/middleware/templates/rescues/_source.html.erb
  Rendered /home/usman/.rbenv/versions/2.4.0/lib/ruby/gems/2.4.0/gems/actionpack-5.0.3/lib/action_dispatch/middleware/templates/rescues/_source.html.erb (7.4ms)
  Rendering /home/usman/.rbenv/versions/2.4.0/lib/ruby/gems/2.4.0/gems/actionpack-5.0.3/lib/action_dispatch/middleware/templates/rescues/_trace.html.erb
  Rendered /home/usman/.rbenv/versions/2.4.0/lib/ruby/gems/2.4.0/gems/actionpack-5.0.3/lib/action_dispatch/middleware/templates/rescues/_trace.html.erb (3.1ms)
  Rendering /home/usman/.rbenv/versions/2.4.0/lib/ruby/gems/2.4.0/gems/actionpack-5.0.3/lib/action_dispatch/middleware/templates/rescues/_request_and_response.html.erb
  Rendered /home/usman/.rbenv/versions/2.4.0/lib/ruby/gems/2.4.0/gems/actionpack-5.0.3/lib/action_dispatch/middleware/templates/rescues/_request_and_response.html.erb (1.2ms)
  Rendered /home/usman/.rbenv/versions/2.4.0/lib/ruby/gems/2.4.0/gems/actionpack-5.0.3/lib/action_dispatch/middleware/templates/rescues/template_error.html.erb within rescues/layout (32.9ms)
Started GET "/items" for 127.0.0.1 at 2017-05-20 16:57:03 +0530
Processing by ItemsController#index as HTML
  Rendering items/index.html.erb within layouts/standard
  [1m[36mItem Load (0.9ms)[0m  [1m[34mSELECT `items`.* FROM `items`[0m
  [1m[36mCategory Load (0.8ms)[0m  [1m[34mSELECT  `categories`.* FROM `categories` WHERE `categories`.`category_id` = 1 LIMIT 1[0m
  [1m[36mSubCategory Load (0.8ms)[0m  [1m[34mSELECT  `sub_categories`.* FROM `sub_categories` WHERE `sub_categories`.`sub_category_id` = 1 LIMIT 1[0m
  [1m[36mSeller Load (0.6ms)[0m  [1m[34mSELECT  `sellers`.* FROM `sellers` WHERE `sellers`.`seller_id` = 'someone' LIMIT 1[0m
  [1m[36mCACHE (0.0ms)[0m  [1m[34mSELECT  `categories`.* FROM `categories` WHERE `categories`.`category_id` = 1 LIMIT 1[0m  [["category_id", 1], ["LIMIT", 1]]
  [1m[36mCACHE (0.0ms)[0m  [1m[34mSELECT  `sub_categories`.* FROM `sub_categories` WHERE `sub_categories`.`sub_category_id` = 1 LIMIT 1[0m  [["sub_category_id", 1], ["LIMIT", 1]]
  [1m[36mCategory Load (0.6ms)[0m  [1m[34mSELECT  `categories`.* FROM `categories` WHERE `categories`.`category_id` = 3 LIMIT 1[0m
  [1m[36mSubCategory Load (0.5ms)[0m  [1m[34mSELECT  `sub_categories`.* FROM `sub_categories` WHERE `sub_categories`.`sub_category_id` = 9 LIMIT 1[0m
  [1m[36mCACHE (0.0ms)[0m  [1m[34mSELECT  `categories`.* FROM `categories` WHERE `categories`.`category_id` = 3 LIMIT 1[0m  [["category_id", 3], ["LIMIT", 1]]
  [1m[36mCACHE (0.0ms)[0m  [1m[34mSELECT  `sub_categories`.* FROM `sub_categories` WHERE `sub_categories`.`sub_category_id` = 9 LIMIT 1[0m  [["sub_category_id", 9], ["LIMIT", 1]]
  [1m[36mCACHE (0.0ms)[0m  [1m[34mSELECT  `categories`.* FROM `categories` WHERE `categories`.`category_id` = 3 LIMIT 1[0m  [["category_id", 3], ["LIMIT", 1]]
  [1m[36mSubCategory Load (0.5ms)[0m  [1m[34mSELECT  `sub_categories`.* FROM `sub_categories` WHERE `sub_categories`.`sub_category_id` = 3 LIMIT 1[0m
  Rendered items/index.html.erb within layouts/standard (20.2ms)
Completed 500 Internal Server Error in 55ms (ActiveRecord: 4.7ms)


  
ActionView::Template::Error (undefined method `user_id' for #<Seller:0x007f78f40245d0>
Did you mean?  seller_id):
    12:     <nav>
    13:         <% if account_user_signed_in? && cookies.signed[:id] == 'user' %>
    14:           <% @current_user = current_account_user %>
    15:           <p><%= @current_user.user_id %>
    16:           </p>
    17:         <% else %>
    18:           <li><%= link_to 'log in', users_login_path %></li>
  
app/views/layouts/standard.html.erb:15:in `_app_views_layouts_standard_html_erb__3682097333455197896_70078666174800'
  Rendering /home/usman/.rbenv/versions/2.4.0/lib/ruby/gems/2.4.0/gems/actionpack-5.0.3/lib/action_dispatch/middleware/templates/rescues/template_error.html.erb within rescues/layout
  Rendering /home/usman/.rbenv/versions/2.4.0/lib/ruby/gems/2.4.0/gems/actionpack-5.0.3/lib/action_dispatch/middleware/templates/rescues/_source.html.erb
  Rendered /home/usman/.rbenv/versions/2.4.0/lib/ruby/gems/2.4.0/gems/actionpack-5.0.3/lib/action_dispatch/middleware/templates/rescues/_source.html.erb (7.2ms)
  Rendering /home/usman/.rbenv/versions/2.4.0/lib/ruby/gems/2.4.0/gems/actionpack-5.0.3/lib/action_dispatch/middleware/templates/rescues/_trace.html.erb
  Rendered /home/usman/.rbenv/versions/2.4.0/lib/ruby/gems/2.4.0/gems/actionpack-5.0.3/lib/action_dispatch/middleware/templates/rescues/_trace.html.erb (3.9ms)
  Rendering /home/usman/.rbenv/versions/2.4.0/lib/ruby/gems/2.4.0/gems/actionpack-5.0.3/lib/action_dispatch/middleware/templates/rescues/_request_and_response.html.erb
  Rendered /home/usman/.rbenv/versions/2.4.0/lib/ruby/gems/2.4.0/gems/actionpack-5.0.3/lib/action_dispatch/middleware/templates/rescues/_request_and_response.html.erb (1.5ms)
  Rendered /home/usman/.rbenv/versions/2.4.0/lib/ruby/gems/2.4.0/gems/actionpack-5.0.3/lib/action_dispatch/middleware/templates/rescues/template_error.html.erb within rescues/layout (35.5ms)
Started GET "/items" for 127.0.0.1 at 2017-05-20 16:57:04 +0530
Processing by ItemsController#index as HTML
  Rendering items/index.html.erb within layouts/standard
  [1m[36mItem Load (0.6ms)[0m  [1m[34mSELECT `items`.* FROM `items`[0m
  [1m[36mCategory Load (0.6ms)[0m  [1m[34mSELECT  `categories`.* FROM `categories` WHERE `categories`.`category_id` = 1 LIMIT 1[0m
  [1m[36mSubCategory Load (0.5ms)[0m  [1m[34mSELECT  `sub_categories`.* FROM `sub_categories` WHERE `sub_categories`.`sub_category_id` = 1 LIMIT 1[0m
  [1m[36mSeller Load (1.2ms)[0m  [1m[34mSELECT  `sellers`.* FROM `sellers` WHERE `sellers`.`seller_id` = 'someone' LIMIT 1[0m
  [1m[36mCACHE (0.0ms)[0m  [1m[34mSELECT  `categories`.* FROM `categories` WHERE `categories`.`category_id` = 1 LIMIT 1[0m  [["category_id", 1], ["LIMIT", 1]]
  [1m[36mCACHE (0.0ms)[0m  [1m[34mSELECT  `sub_categories`.* FROM `sub_categories` WHERE `sub_categories`.`sub_category_id` = 1 LIMIT 1[0m  [["sub_category_id", 1], ["LIMIT", 1]]
  [1m[36mCategory Load (0.7ms)[0m  [1m[34mSELECT  `categories`.* FROM `categories` WHERE `categories`.`category_id` = 3 LIMIT 1[0m
  [1m[36mSubCategory Load (0.6ms)[0m  [1m[34mSELECT  `sub_categories`.* FROM `sub_categories` WHERE `sub_categories`.`sub_category_id` = 9 LIMIT 1[0m
  [1m[36mCACHE (0.0ms)[0m  [1m[34mSELECT  `categories`.* FROM `categories` WHERE `categories`.`category_id` = 3 LIMIT 1[0m  [["category_id", 3], ["LIMIT", 1]]
  [1m[36mCACHE (0.0ms)[0m  [1m[34mSELECT  `sub_categories`.* FROM `sub_categories` WHERE `sub_categories`.`sub_category_id` = 9 LIMIT 1[0m  [["sub_category_id", 9], ["LIMIT", 1]]
  [1m[36mCACHE (0.0ms)[0m  [1m[34mSELECT  `categories`.* FROM `categories` WHERE `categories`.`category_id` = 3 LIMIT 1[0m  [["category_id", 3], ["LIMIT", 1]]
  [1m[36mSubCategory Load (0.6ms)[0m  [1m[34mSELECT  `sub_categories`.* FROM `sub_categories` WHERE `sub_categories`.`sub_category_id` = 3 LIMIT 1[0m
  Rendered items/index.html.erb within layouts/standard (23.0ms)
Completed 500 Internal Server Error in 60ms (ActiveRecord: 5.2ms)


  
ActionView::Template::Error (undefined method `user_id' for #<Seller:0x007f78f9df2d88>
Did you mean?  seller_id):
    12:     <nav>
    13:         <% if account_user_signed_in? && cookies.signed[:id] == 'user' %>
    14:           <% @current_user = current_account_user %>
    15:           <p><%= @current_user.user_id %>
    16:           </p>
    17:         <% else %>
    18:           <li><%= link_to 'log in', users_login_path %></li>
  
app/views/layouts/standard.html.erb:15:in `_app_views_layouts_standard_html_erb__3682097333455197896_70078783119200'
  Rendering /home/usman/.rbenv/versions/2.4.0/lib/ruby/gems/2.4.0/gems/actionpack-5.0.3/lib/action_dispatch/middleware/templates/rescues/template_error.html.erb within rescues/layout
  Rendering /home/usman/.rbenv/versions/2.4.0/lib/ruby/gems/2.4.0/gems/actionpack-5.0.3/lib/action_dispatch/middleware/templates/rescues/_source.html.erb
  Rendered /home/usman/.rbenv/versions/2.4.0/lib/ruby/gems/2.4.0/gems/actionpack-5.0.3/lib/action_dispatch/middleware/templates/rescues/_source.html.erb (7.7ms)
  Rendering /home/usman/.rbenv/versions/2.4.0/lib/ruby/gems/2.4.0/gems/actionpack-5.0.3/lib/action_dispatch/middleware/templates/rescues/_trace.html.erb
  Rendered /home/usman/.rbenv/versions/2.4.0/lib/ruby/gems/2.4.0/gems/actionpack-5.0.3/lib/action_dispatch/middleware/templates/rescues/_trace.html.erb (3.2ms)
  Rendering /home/usman/.rbenv/versions/2.4.0/lib/ruby/gems/2.4.0/gems/actionpack-5.0.3/lib/action_dispatch/middleware/templates/rescues/_request_and_response.html.erb
  Rendered /home/usman/.rbenv/versions/2.4.0/lib/ruby/gems/2.4.0/gems/actionpack-5.0.3/lib/action_dispatch/middleware/templates/rescues/_request_and_response.html.erb (1.5ms)
  Rendered /home/usman/.rbenv/versions/2.4.0/lib/ruby/gems/2.4.0/gems/actionpack-5.0.3/lib/action_dispatch/middleware/templates/rescues/template_error.html.erb within rescues/layout (33.7ms)
Started GET "/items" for 127.0.0.1 at 2017-05-20 16:57:05 +0530
Processing by ItemsController#index as HTML
  Rendering items/index.html.erb within layouts/standard
  [1m[36mItem Load (0.6ms)[0m  [1m[34mSELECT `items`.* FROM `items`[0m
  [1m[36mCategory Load (1.2ms)[0m  [1m[34mSELECT  `categories`.* FROM `categories` WHERE `categories`.`category_id` = 1 LIMIT 1[0m
  [1m[36mSubCategory Load (0.6ms)[0m  [1m[34mSELECT  `sub_categories`.* FROM `sub_categories` WHERE `sub_categories`.`sub_category_id` = 1 LIMIT 1[0m
  [1m[36mSeller Load (0.7ms)[0m  [1m[34mSELECT  `sellers`.* FROM `sellers` WHERE `sellers`.`seller_id` = 'someone' LIMIT 1[0m
  [1m[36mCACHE (0.0ms)[0m  [1m[34mSELECT  `categories`.* FROM `categories` WHERE `categories`.`category_id` = 1 LIMIT 1[0m  [["category_id", 1], ["LIMIT", 1]]
  [1m[36mCACHE (0.0ms)[0m  [1m[34mSELECT  `sub_categories`.* FROM `sub_categories` WHERE `sub_categories`.`sub_category_id` = 1 LIMIT 1[0m  [["sub_category_id", 1], ["LIMIT", 1]]
  [1m[36mCategory Load (0.6ms)[0m  [1m[34mSELECT  `categories`.* FROM `categories` WHERE `categories`.`category_id` = 3 LIMIT 1[0m
  [1m[36mSubCategory Load (0.6ms)[0m  [1m[34mSELECT  `sub_categories`.* FROM `sub_categories` WHERE `sub_categories`.`sub_category_id` = 9 LIMIT 1[0m
  [1m[36mCACHE (0.0ms)[0m  [1m[34mSELECT  `categories`.* FROM `categories` WHERE `categories`.`category_id` = 3 LIMIT 1[0m  [["category_id", 3], ["LIMIT", 1]]
  [1m[36mCACHE (0.0ms)[0m  [1m[34mSELECT  `sub_categories`.* FROM `sub_categories` WHERE `sub_categories`.`sub_category_id` = 9 LIMIT 1[0m  [["sub_category_id", 9], ["LIMIT", 1]]
  [1m[36mCACHE (0.0ms)[0m  [1m[34mSELECT  `categories`.* FROM `categories` WHERE `categories`.`category_id` = 3 LIMIT 1[0m  [["category_id", 3], ["LIMIT", 1]]
  [1m[36mSubCategory Load (0.7ms)[0m  [1m[34mSELECT  `sub_categories`.* FROM `sub_categories` WHERE `sub_categories`.`sub_category_id` = 3 LIMIT 1[0m
  Rendered items/index.html.erb within layouts/standard (19.9ms)
Completed 500 Internal Server Error in 53ms (ActiveRecord: 5.0ms)


  
ActionView::Template::Error (undefined method `user_id' for #<Seller:0x007f78f994cb80>
Did you mean?  seller_id):
    12:     <nav>
    13:         <% if account_user_signed_in? && cookies.signed[:id] == 'user' %>
    14:           <% @current_user = current_account_user %>
    15:           <p><%= @current_user.user_id %>
    16:           </p>
    17:         <% else %>
    18:           <li><%= link_to 'log in', users_login_path %></li>
  
app/views/layouts/standard.html.erb:15:in `_app_views_layouts_standard_html_erb__3682097333455197896_70078780341680'
  Rendering /home/usman/.rbenv/versions/2.4.0/lib/ruby/gems/2.4.0/gems/actionpack-5.0.3/lib/action_dispatch/middleware/templates/rescues/template_error.html.erb within rescues/layout
  Rendering /home/usman/.rbenv/versions/2.4.0/lib/ruby/gems/2.4.0/gems/actionpack-5.0.3/lib/action_dispatch/middleware/templates/rescues/_source.html.erb
  Rendered /home/usman/.rbenv/versions/2.4.0/lib/ruby/gems/2.4.0/gems/actionpack-5.0.3/lib/action_dispatch/middleware/templates/rescues/_source.html.erb (7.2ms)
  Rendering /home/usman/.rbenv/versions/2.4.0/lib/ruby/gems/2.4.0/gems/actionpack-5.0.3/lib/action_dispatch/middleware/templates/rescues/_trace.html.erb
  Rendered /home/usman/.rbenv/versions/2.4.0/lib/ruby/gems/2.4.0/gems/actionpack-5.0.3/lib/action_dispatch/middleware/templates/rescues/_trace.html.erb (3.3ms)
  Rendering /home/usman/.rbenv/versions/2.4.0/lib/ruby/gems/2.4.0/gems/actionpack-5.0.3/lib/action_dispatch/middleware/templates/rescues/_request_and_response.html.erb
  Rendered /home/usman/.rbenv/versions/2.4.0/lib/ruby/gems/2.4.0/gems/actionpack-5.0.3/lib/action_dispatch/middleware/templates/rescues/_request_and_response.html.erb (1.1ms)
  Rendered /home/usman/.rbenv/versions/2.4.0/lib/ruby/gems/2.4.0/gems/actionpack-5.0.3/lib/action_dispatch/middleware/templates/rescues/template_error.html.erb within rescues/layout (35.4ms)
Started GET "/items" for 127.0.0.1 at 2017-05-20 17:00:27 +0530
Processing by ItemsController#index as HTML
  Rendering items/index.html.erb within layouts/standard
  [1m[36mItem Load (0.5ms)[0m  [1m[34mSELECT `items`.* FROM `items`[0m
  [1m[36mCategory Load (0.4ms)[0m  [1m[34mSELECT  `categories`.* FROM `categories` WHERE `categories`.`category_id` = 1 LIMIT 1[0m
  [1m[36mSubCategory Load (0.4ms)[0m  [1m[34mSELECT  `sub_categories`.* FROM `sub_categories` WHERE `sub_categories`.`sub_category_id` = 1 LIMIT 1[0m
  [1m[36mSeller Load (0.4ms)[0m  [1m[34mSELECT  `sellers`.* FROM `sellers` WHERE `sellers`.`seller_id` = 'someone' LIMIT 1[0m
  [1m[36mCACHE (0.0ms)[0m  [1m[34mSELECT  `categories`.* FROM `categories` WHERE `categories`.`category_id` = 1 LIMIT 1[0m  [["category_id", 1], ["LIMIT", 1]]
  [1m[36mCACHE (0.1ms)[0m  [1m[34mSELECT  `sub_categories`.* FROM `sub_categories` WHERE `sub_categories`.`sub_category_id` = 1 LIMIT 1[0m  [["sub_category_id", 1], ["LIMIT", 1]]
  [1m[36mCategory Load (0.5ms)[0m  [1m[34mSELECT  `categories`.* FROM `categories` WHERE `categories`.`category_id` = 3 LIMIT 1[0m
  [1m[36mSubCategory Load (0.4ms)[0m  [1m[34mSELECT  `sub_categories`.* FROM `sub_categories` WHERE `sub_categories`.`sub_category_id` = 9 LIMIT 1[0m
  [1m[36mCACHE (0.0ms)[0m  [1m[34mSELECT  `categories`.* FROM `categories` WHERE `categories`.`category_id` = 3 LIMIT 1[0m  [["category_id", 3], ["LIMIT", 1]]
  [1m[36mCACHE (0.0ms)[0m  [1m[34mSELECT  `sub_categories`.* FROM `sub_categories` WHERE `sub_categories`.`sub_category_id` = 9 LIMIT 1[0m  [["sub_category_id", 9], ["LIMIT", 1]]
  [1m[36mCACHE (0.0ms)[0m  [1m[34mSELECT  `categories`.* FROM `categories` WHERE `categories`.`category_id` = 3 LIMIT 1[0m  [["category_id", 3], ["LIMIT", 1]]
  [1m[36mSubCategory Load (0.5ms)[0m  [1m[34mSELECT  `sub_categories`.* FROM `sub_categories` WHERE `sub_categories`.`sub_category_id` = 3 LIMIT 1[0m
  Rendered items/index.html.erb within layouts/standard (62.7ms)
Completed 500 Internal Server Error in 112ms (ActiveRecord: 8.5ms)


  
ActionView::Template::Error (undefined method `user_id' for #<Seller:0x007f78e00fe2d0>
Did you mean?  seller_id):
    12:     <nav>
    13:         <% if account_user_signed_in? && cookies.signed[:id] == 'user' %>
    14:           <% @current_user = current_account_user %>
    15:           <p><%= @current_user.user_id %>
    16:           </p>
    17:         <% else %>
    18:           <li><%= link_to 'log in', users_login_path %></li>
  
app/views/layouts/standard.html.erb:15:in `_app_views_layouts_standard_html_erb__3682097333455197896_70078666866800'
  Rendering /home/usman/.rbenv/versions/2.4.0/lib/ruby/gems/2.4.0/gems/actionpack-5.0.3/lib/action_dispatch/middleware/templates/rescues/template_error.html.erb within rescues/layout
  Rendering /home/usman/.rbenv/versions/2.4.0/lib/ruby/gems/2.4.0/gems/actionpack-5.0.3/lib/action_dispatch/middleware/templates/rescues/_source.html.erb
  Rendered /home/usman/.rbenv/versions/2.4.0/lib/ruby/gems/2.4.0/gems/actionpack-5.0.3/lib/action_dispatch/middleware/templates/rescues/_source.html.erb (8.8ms)
  Rendering /home/usman/.rbenv/versions/2.4.0/lib/ruby/gems/2.4.0/gems/actionpack-5.0.3/lib/action_dispatch/middleware/templates/rescues/_trace.html.erb
  Rendered /home/usman/.rbenv/versions/2.4.0/lib/ruby/gems/2.4.0/gems/actionpack-5.0.3/lib/action_dispatch/middleware/templates/rescues/_trace.html.erb (3.6ms)
  Rendering /home/usman/.rbenv/versions/2.4.0/lib/ruby/gems/2.4.0/gems/actionpack-5.0.3/lib/action_dispatch/middleware/templates/rescues/_request_and_response.html.erb
  Rendered /home/usman/.rbenv/versions/2.4.0/lib/ruby/gems/2.4.0/gems/actionpack-5.0.3/lib/action_dispatch/middleware/templates/rescues/_request_and_response.html.erb (1.2ms)
  Rendered /home/usman/.rbenv/versions/2.4.0/lib/ruby/gems/2.4.0/gems/actionpack-5.0.3/lib/action_dispatch/middleware/templates/rescues/template_error.html.erb within rescues/layout (37.3ms)
Started GET "/items" for 127.0.0.1 at 2017-05-20 17:01:17 +0530
Processing by ItemsController#index as HTML
  Rendering items/index.html.erb within layouts/standard
  [1m[36mItem Load (0.6ms)[0m  [1m[34mSELECT `items`.* FROM `items`[0m
  [1m[36mCategory Load (0.6ms)[0m  [1m[34mSELECT  `categories`.* FROM `categories` WHERE `categories`.`category_id` = 1 LIMIT 1[0m
  [1m[36mSubCategory Load (0.6ms)[0m  [1m[34mSELECT  `sub_categories`.* FROM `sub_categories` WHERE `sub_categories`.`sub_category_id` = 1 LIMIT 1[0m
  [1m[36mSeller Load (0.6ms)[0m  [1m[34mSELECT  `sellers`.* FROM `sellers` WHERE `sellers`.`seller_id` = 'someone' LIMIT 1[0m
  [1m[36mCACHE (0.0ms)[0m  [1m[34mSELECT  `categories`.* FROM `categories` WHERE `categories`.`category_id` = 1 LIMIT 1[0m  [["category_id", 1], ["LIMIT", 1]]
  [1m[36mCACHE (0.0ms)[0m  [1m[34mSELECT  `sub_categories`.* FROM `sub_categories` WHERE `sub_categories`.`sub_category_id` = 1 LIMIT 1[0m  [["sub_category_id", 1], ["LIMIT", 1]]
  [1m[36mCategory Load (0.6ms)[0m  [1m[34mSELECT  `categories`.* FROM `categories` WHERE `categories`.`category_id` = 3 LIMIT 1[0m
  [1m[36mSubCategory Load (0.6ms)[0m  [1m[34mSELECT  `sub_categories`.* FROM `sub_categories` WHERE `sub_categories`.`sub_category_id` = 9 LIMIT 1[0m
  [1m[36mCACHE (0.0ms)[0m  [1m[34mSELECT  `categories`.* FROM `categories` WHERE `categories`.`category_id` = 3 LIMIT 1[0m  [["category_id", 3], ["LIMIT", 1]]
  [1m[36mCACHE (0.0ms)[0m  [1m[34mSELECT  `sub_categories`.* FROM `sub_categories` WHERE `sub_categories`.`sub_category_id` = 9 LIMIT 1[0m  [["sub_category_id", 9], ["LIMIT", 1]]
  [1m[36mCACHE (0.0ms)[0m  [1m[34mSELECT  `categories`.* FROM `categories` WHERE `categories`.`category_id` = 3 LIMIT 1[0m  [["category_id", 3], ["LIMIT", 1]]
  [1m[36mSubCategory Load (0.6ms)[0m  [1m[34mSELECT  `sub_categories`.* FROM `sub_categories` WHERE `sub_categories`.`sub_category_id` = 3 LIMIT 1[0m
  Rendered items/index.html.erb within layouts/standard (26.7ms)
Completed 500 Internal Server Error in 33ms (ActiveRecord: 4.3ms)


  
SyntaxError (/home/usman/Projects/rails-project/flickon/app/views/layouts/standard.html.erb:14: syntax error, unexpected '='
           =@current_user = current_accoun
            ^):
  
app/views/layouts/standard.html.erb:14: syntax error, unexpected '='
  Rendering /home/usman/.rbenv/versions/2.4.0/lib/ruby/gems/2.4.0/gems/actionpack-5.0.3/lib/action_dispatch/middleware/templates/rescues/diagnostics.html.erb within rescues/layout
  Rendering /home/usman/.rbenv/versions/2.4.0/lib/ruby/gems/2.4.0/gems/actionpack-5.0.3/lib/action_dispatch/middleware/templates/rescues/_source.html.erb
  Rendered /home/usman/.rbenv/versions/2.4.0/lib/ruby/gems/2.4.0/gems/actionpack-5.0.3/lib/action_dispatch/middleware/templates/rescues/_source.html.erb (9.3ms)
  Rendering /home/usman/.rbenv/versions/2.4.0/lib/ruby/gems/2.4.0/gems/actionpack-5.0.3/lib/action_dispatch/middleware/templates/rescues/_trace.html.erb
  Rendered /home/usman/.rbenv/versions/2.4.0/lib/ruby/gems/2.4.0/gems/actionpack-5.0.3/lib/action_dispatch/middleware/templates/rescues/_trace.html.erb (3.7ms)
  Rendering /home/usman/.rbenv/versions/2.4.0/lib/ruby/gems/2.4.0/gems/actionpack-5.0.3/lib/action_dispatch/middleware/templates/rescues/_request_and_response.html.erb
  Rendered /home/usman/.rbenv/versions/2.4.0/lib/ruby/gems/2.4.0/gems/actionpack-5.0.3/lib/action_dispatch/middleware/templates/rescues/_request_and_response.html.erb (1.1ms)
  Rendered /home/usman/.rbenv/versions/2.4.0/lib/ruby/gems/2.4.0/gems/actionpack-5.0.3/lib/action_dispatch/middleware/templates/rescues/diagnostics.html.erb within rescues/layout (37.0ms)
Started GET "/items" for 127.0.0.1 at 2017-05-20 17:01:42 +0530
Processing by ItemsController#index as HTML
  Rendering items/index.html.erb within layouts/standard
  [1m[36mItem Load (0.6ms)[0m  [1m[34mSELECT `items`.* FROM `items`[0m
  [1m[36mCategory Load (0.5ms)[0m  [1m[34mSELECT  `categories`.* FROM `categories` WHERE `categories`.`category_id` = 1 LIMIT 1[0m
  [1m[36mSubCategory Load (0.5ms)[0m  [1m[34mSELECT  `sub_categories`.* FROM `sub_categories` WHERE `sub_categories`.`sub_category_id` = 1 LIMIT 1[0m
  [1m[36mSeller Load (0.7ms)[0m  [1m[34mSELECT  `sellers`.* FROM `sellers` WHERE `sellers`.`seller_id` = 'someone' LIMIT 1[0m
  [1m[36mCACHE (0.1ms)[0m  [1m[34mSELECT  `categories`.* FROM `categories` WHERE `categories`.`category_id` = 1 LIMIT 1[0m  [["category_id", 1], ["LIMIT", 1]]
  [1m[36mCACHE (0.0ms)[0m  [1m[34mSELECT  `sub_categories`.* FROM `sub_categories` WHERE `sub_categories`.`sub_category_id` = 1 LIMIT 1[0m  [["sub_category_id", 1], ["LIMIT", 1]]
  [1m[36mCategory Load (0.6ms)[0m  [1m[34mSELECT  `categories`.* FROM `categories` WHERE `categories`.`category_id` = 3 LIMIT 1[0m
  [1m[36mSubCategory Load (0.4ms)[0m  [1m[34mSELECT  `sub_categories`.* FROM `sub_categories` WHERE `sub_categories`.`sub_category_id` = 9 LIMIT 1[0m
  [1m[36mCACHE (0.0ms)[0m  [1m[34mSELECT  `categories`.* FROM `categories` WHERE `categories`.`category_id` = 3 LIMIT 1[0m  [["category_id", 3], ["LIMIT", 1]]
  [1m[36mCACHE (0.0ms)[0m  [1m[34mSELECT  `sub_categories`.* FROM `sub_categories` WHERE `sub_categories`.`sub_category_id` = 9 LIMIT 1[0m  [["sub_category_id", 9], ["LIMIT", 1]]
  [1m[36mCACHE (0.0ms)[0m  [1m[34mSELECT  `categories`.* FROM `categories` WHERE `categories`.`category_id` = 3 LIMIT 1[0m  [["category_id", 3], ["LIMIT", 1]]
  [1m[36mSubCategory Load (0.6ms)[0m  [1m[34mSELECT  `sub_categories`.* FROM `sub_categories` WHERE `sub_categories`.`sub_category_id` = 3 LIMIT 1[0m
  Rendered items/index.html.erb within layouts/standard (19.7ms)
Completed 200 OK in 48ms (Views: 42.1ms | ActiveRecord: 4.1ms)


Started GET "/sellers/login" for 127.0.0.1 at 2017-05-20 17:04:39 +0530
Processing by SellersController#login as HTML
  [1m[36mSeller Load (0.6ms)[0m  [1m[34mSELECT  `sellers`.* FROM `sellers` WHERE `sellers`.`seller_id` = 'someone' LIMIT 1[0m
Redirected to http://localhost:3000/items
Completed 302 Found in 5ms (ActiveRecord: 0.6ms)


Started GET "/items" for 127.0.0.1 at 2017-05-20 17:04:39 +0530
Processing by ItemsController#index as HTML
  Rendering items/index.html.erb within layouts/standard
  [1m[36mItem Load (0.5ms)[0m  [1m[34mSELECT `items`.* FROM `items`[0m
  [1m[36mCategory Load (0.6ms)[0m  [1m[34mSELECT  `categories`.* FROM `categories` WHERE `categories`.`category_id` = 1 LIMIT 1[0m
  [1m[36mSubCategory Load (0.5ms)[0m  [1m[34mSELECT  `sub_categories`.* FROM `sub_categories` WHERE `sub_categories`.`sub_category_id` = 1 LIMIT 1[0m
  [1m[36mSeller Load (0.6ms)[0m  [1m[34mSELECT  `sellers`.* FROM `sellers` WHERE `sellers`.`seller_id` = 'someone' LIMIT 1[0m
  [1m[36mCACHE (0.0ms)[0m  [1m[34mSELECT  `categories`.* FROM `categories` WHERE `categories`.`category_id` = 1 LIMIT 1[0m  [["category_id", 1], ["LIMIT", 1]]
  [1m[36mCACHE (0.0ms)[0m  [1m[34mSELECT  `sub_categories`.* FROM `sub_categories` WHERE `sub_categories`.`sub_category_id` = 1 LIMIT 1[0m  [["sub_category_id", 1], ["LIMIT", 1]]
  [1m[36mCategory Load (0.7ms)[0m  [1m[34mSELECT  `categories`.* FROM `categories` WHERE `categories`.`category_id` = 3 LIMIT 1[0m
  [1m[36mSubCategory Load (0.6ms)[0m  [1m[34mSELECT  `sub_categories`.* FROM `sub_categories` WHERE `sub_categories`.`sub_category_id` = 9 LIMIT 1[0m
  [1m[36mCACHE (0.0ms)[0m  [1m[34mSELECT  `categories`.* FROM `categories` WHERE `categories`.`category_id` = 3 LIMIT 1[0m  [["category_id", 3], ["LIMIT", 1]]
  [1m[36mCACHE (0.0ms)[0m  [1m[34mSELECT  `sub_categories`.* FROM `sub_categories` WHERE `sub_categories`.`sub_category_id` = 9 LIMIT 1[0m  [["sub_category_id", 9], ["LIMIT", 1]]
  [1m[36mCACHE (0.0ms)[0m  [1m[34mSELECT  `categories`.* FROM `categories` WHERE `categories`.`category_id` = 3 LIMIT 1[0m  [["category_id", 3], ["LIMIT", 1]]
  [1m[36mSubCategory Load (0.6ms)[0m  [1m[34mSELECT  `sub_categories`.* FROM `sub_categories` WHERE `sub_categories`.`sub_category_id` = 3 LIMIT 1[0m
  Rendered items/index.html.erb within layouts/standard (21.3ms)
Completed 200 OK in 66ms (Views: 59.9ms | ActiveRecord: 4.2ms)


Started GET "/users/logout" for 127.0.0.1 at 2017-05-20 17:04:54 +0530
Processing by UsersController#logout as HTML
Redirected to http://localhost:3000/users/login
Completed 302 Found in 2ms (ActiveRecord: 0.0ms)


Started GET "/users/login" for 127.0.0.1 at 2017-05-20 17:04:54 +0530
Processing by UsersController#login as HTML
  Rendering users/login.html.erb within layouts/application
  Rendered users/login.html.erb within layouts/application (2.1ms)
Completed 200 OK in 38ms (Views: 20.8ms | ActiveRecord: 2.1ms)


Started GET "/sellers/login" for 127.0.0.1 at 2017-05-20 17:05:03 +0530
Processing by SellersController#login as HTML
  [1m[36mSeller Load (0.6ms)[0m  [1m[34mSELECT  `sellers`.* FROM `sellers` WHERE `sellers`.`seller_id` = 'someone' LIMIT 1[0m
Redirected to http://localhost:3000/items
Completed 302 Found in 4ms (ActiveRecord: 0.6ms)


Started GET "/items" for 127.0.0.1 at 2017-05-20 17:05:03 +0530
Processing by ItemsController#index as HTML
  Rendering items/index.html.erb within layouts/standard
  [1m[36mItem Load (0.7ms)[0m  [1m[34mSELECT `items`.* FROM `items`[0m
  [1m[36mCategory Load (0.6ms)[0m  [1m[34mSELECT  `categories`.* FROM `categories` WHERE `categories`.`category_id` = 1 LIMIT 1[0m
  [1m[36mSubCategory Load (0.7ms)[0m  [1m[34mSELECT  `sub_categories`.* FROM `sub_categories` WHERE `sub_categories`.`sub_category_id` = 1 LIMIT 1[0m
  [1m[36mSeller Load (0.6ms)[0m  [1m[34mSELECT  `sellers`.* FROM `sellers` WHERE `sellers`.`seller_id` = 'someone' LIMIT 1[0m
  [1m[36mCACHE (0.0ms)[0m  [1m[34mSELECT  `categories`.* FROM `categories` WHERE `categories`.`category_id` = 1 LIMIT 1[0m  [["category_id", 1], ["LIMIT", 1]]
  [1m[36mCACHE (0.0ms)[0m  [1m[34mSELECT  `sub_categories`.* FROM `sub_categories` WHERE `sub_categories`.`sub_category_id` = 1 LIMIT 1[0m  [["sub_category_id", 1], ["LIMIT", 1]]
  [1m[36mCategory Load (0.6ms)[0m  [1m[34mSELECT  `categories`.* FROM `categories` WHERE `categories`.`category_id` = 3 LIMIT 1[0m
  [1m[36mSubCategory Load (0.8ms)[0m  [1m[34mSELECT  `sub_categories`.* FROM `sub_categories` WHERE `sub_categories`.`sub_category_id` = 9 LIMIT 1[0m
  [1m[36mCACHE (0.0ms)[0m  [1m[34mSELECT  `categories`.* FROM `categories` WHERE `categories`.`category_id` = 3 LIMIT 1[0m  [["category_id", 3], ["LIMIT", 1]]
  [1m[36mCACHE (0.0ms)[0m  [1m[34mSELECT  `sub_categories`.* FROM `sub_categories` WHERE `sub_categories`.`sub_category_id` = 9 LIMIT 1[0m  [["sub_category_id", 9], ["LIMIT", 1]]
  [1m[36mCACHE (0.0ms)[0m  [1m[34mSELECT  `categories`.* FROM `categories` WHERE `categories`.`category_id` = 3 LIMIT 1[0m  [["category_id", 3], ["LIMIT", 1]]
  [1m[36mSubCategory Load (0.7ms)[0m  [1m[34mSELECT  `sub_categories`.* FROM `sub_categories` WHERE `sub_categories`.`sub_category_id` = 3 LIMIT 1[0m
  Rendered items/index.html.erb within layouts/standard (23.8ms)
Completed 200 OK in 45ms (Views: 38.0ms | ActiveRecord: 4.8ms)


Started GET "/sellers/logout" for 127.0.0.1 at 2017-05-20 17:05:21 +0530
Processing by SellersController#logout as HTML
Redirected to http://localhost:3000/sellers/login
Completed 302 Found in 1ms (ActiveRecord: 0.0ms)


Started GET "/sellers/login" for 127.0.0.1 at 2017-05-20 17:05:21 +0530
Processing by SellersController#login as HTML
  [1m[36mSeller Load (0.5ms)[0m  [1m[34mSELECT  `sellers`.* FROM `sellers` WHERE `sellers`.`seller_id` IS NULL LIMIT 1[0m
  Rendering sellers/login.html.erb within layouts/standard
  Rendered sellers/login.html.erb within layouts/standard (2.5ms)
  [1m[36mUser Load (0.4ms)[0m  [1m[34mSELECT  `users`.* FROM `users` WHERE `users`.`user_id` IS NULL LIMIT 1[0m
Completed 200 OK in 39ms (Views: 33.9ms | ActiveRecord: 0.9ms)


Started POST "/sellers/loggedin" for 127.0.0.1 at 2017-05-20 17:05:33 +0530
Processing by SellersController#loggedin as HTML
  Parameters: {"utf8"=>"✓", "authenticity_token"=>"7L2AbP0tP78sEuy0ovnoKLFic9lO6KCkscDxA63Rt1Jv7vGP9+ykk6ZxM30CNzwMMuOvugiLJ85us/NEhhy9BQ==", "sellers"=>{"seller_id"=>"someone", "password"=>"[FILTERED]"}, "commit"=>"Login"}
  [1m[36mSeller Load (0.6ms)[0m  [1m[34mSELECT  `sellers`.* FROM `sellers` WHERE (LOWER(seller_id) = 'someone') LIMIT 1[0m
Redirected to http://localhost:3000/items
Completed 302 Found in 94ms (ActiveRecord: 0.6ms)


Started GET "/items" for 127.0.0.1 at 2017-05-20 17:05:33 +0530
Processing by ItemsController#index as HTML
  Rendering items/index.html.erb within layouts/standard
  [1m[36mItem Load (0.5ms)[0m  [1m[34mSELECT `items`.* FROM `items`[0m
  [1m[36mCategory Load (0.6ms)[0m  [1m[34mSELECT  `categories`.* FROM `categories` WHERE `categories`.`category_id` = 1 LIMIT 1[0m
  [1m[36mSubCategory Load (0.6ms)[0m  [1m[34mSELECT  `sub_categories`.* FROM `sub_categories` WHERE `sub_categories`.`sub_category_id` = 1 LIMIT 1[0m
  [1m[36mSeller Load (0.6ms)[0m  [1m[34mSELECT  `sellers`.* FROM `sellers` WHERE `sellers`.`seller_id` = 'someone' LIMIT 1[0m
  [1m[36mCACHE (0.0ms)[0m  [1m[34mSELECT  `categories`.* FROM `categories` WHERE `categories`.`category_id` = 1 LIMIT 1[0m  [["category_id", 1], ["LIMIT", 1]]
  [1m[36mCACHE (0.0ms)[0m  [1m[34mSELECT  `sub_categories`.* FROM `sub_categories` WHERE `sub_categories`.`sub_category_id` = 1 LIMIT 1[0m  [["sub_category_id", 1], ["LIMIT", 1]]
  [1m[36mCategory Load (0.5ms)[0m  [1m[34mSELECT  `categories`.* FROM `categories` WHERE `categories`.`category_id` = 3 LIMIT 1[0m
  [1m[36mSubCategory Load (0.5ms)[0m  [1m[34mSELECT  `sub_categories`.* FROM `sub_categories` WHERE `sub_categories`.`sub_category_id` = 9 LIMIT 1[0m
  [1m[36mCACHE (0.0ms)[0m  [1m[34mSELECT  `categories`.* FROM `categories` WHERE `categories`.`category_id` = 3 LIMIT 1[0m  [["category_id", 3], ["LIMIT", 1]]
  [1m[36mCACHE (0.0ms)[0m  [1m[34mSELECT  `sub_categories`.* FROM `sub_categories` WHERE `sub_categories`.`sub_category_id` = 9 LIMIT 1[0m  [["sub_category_id", 9], ["LIMIT", 1]]
  [1m[36mCACHE (0.0ms)[0m  [1m[34mSELECT  `categories`.* FROM `categories` WHERE `categories`.`category_id` = 3 LIMIT 1[0m  [["category_id", 3], ["LIMIT", 1]]
  [1m[36mSubCategory Load (0.5ms)[0m  [1m[34mSELECT  `sub_categories`.* FROM `sub_categories` WHERE `sub_categories`.`sub_category_id` = 3 LIMIT 1[0m
  Rendered items/index.html.erb within layouts/standard (20.0ms)
Completed 200 OK in 48ms (Views: 42.2ms | ActiveRecord: 4.0ms)


Started GET "/sellers/logout" for 127.0.0.1 at 2017-05-20 17:05:52 +0530
Processing by SellersController#logout as HTML
Redirected to http://localhost:3000/sellers/login
Completed 302 Found in 1ms (ActiveRecord: 0.0ms)


Started GET "/sellers/login" for 127.0.0.1 at 2017-05-20 17:05:52 +0530
Processing by SellersController#login as HTML
  [1m[36mSeller Load (0.4ms)[0m  [1m[34mSELECT  `sellers`.* FROM `sellers` WHERE `sellers`.`seller_id` IS NULL LIMIT 1[0m
  Rendering sellers/login.html.erb within layouts/standard
  Rendered sellers/login.html.erb within layouts/standard (1.6ms)
  [1m[36mUser Load (0.3ms)[0m  [1m[34mSELECT  `users`.* FROM `users` WHERE `users`.`user_id` IS NULL LIMIT 1[0m
Completed 200 OK in 33ms (Views: 29.0ms | ActiveRecord: 0.8ms)


Started GET "/users/login" for 127.0.0.1 at 2017-05-20 17:05:54 +0530
Processing by UsersController#login as HTML
  Rendering users/login.html.erb within layouts/application
  Rendered users/login.html.erb within layouts/application (2.2ms)
Completed 200 OK in 46ms (Views: 44.5ms | ActiveRecord: 0.0ms)


Started POST "/users/loggedin" for 127.0.0.1 at 2017-05-20 17:06:01 +0530
Processing by UsersController#loggedin as HTML
  Parameters: {"utf8"=>"✓", "authenticity_token"=>"QAwyHV8F6MWsPo7GnhKUuLwZixE3GZwLgilJOE3B+Bk5IBN+C+yNzT2zTIhV38onPk/1NrSHwBADrGlUIU8wLw==", "users"=>{"user_id"=>"usman2897", "password"=>"[FILTERED]"}, "commit"=>"Login"}
  [1m[36mUser Load (0.6ms)[0m  [1m[34mSELECT  `users`.* FROM `users` WHERE (LOWER(user_id) = 'usman2897') LIMIT 1[0m
Redirected to http://localhost:3000/items
Completed 302 Found in 93ms (ActiveRecord: 0.6ms)


Started GET "/items" for 127.0.0.1 at 2017-05-20 17:06:01 +0530
Processing by ItemsController#index as HTML
  Rendering items/index.html.erb within layouts/standard
  [1m[36mItem Load (0.5ms)[0m  [1m[34mSELECT `items`.* FROM `items`[0m
  [1m[36mCategory Load (0.4ms)[0m  [1m[34mSELECT  `categories`.* FROM `categories` WHERE `categories`.`category_id` = 1 LIMIT 1[0m
  [1m[36mSubCategory Load (0.4ms)[0m  [1m[34mSELECT  `sub_categories`.* FROM `sub_categories` WHERE `sub_categories`.`sub_category_id` = 1 LIMIT 1[0m
  [1m[36mSeller Load (0.3ms)[0m  [1m[34mSELECT  `sellers`.* FROM `sellers` WHERE `sellers`.`seller_id` IS NULL LIMIT 1[0m
  [1m[36mCACHE (0.0ms)[0m  [1m[34mSELECT  `categories`.* FROM `categories` WHERE `categories`.`category_id` = 1 LIMIT 1[0m  [["category_id", 1], ["LIMIT", 1]]
  [1m[36mCACHE (0.0ms)[0m  [1m[34mSELECT  `sub_categories`.* FROM `sub_categories` WHERE `sub_categories`.`sub_category_id` = 1 LIMIT 1[0m  [["sub_category_id", 1], ["LIMIT", 1]]
  [1m[36mCACHE (0.0ms)[0m  [1m[34mSELECT  `sellers`.* FROM `sellers` WHERE `sellers`.`seller_id` IS NULL LIMIT 1[0m  [["LIMIT", 1]]
  [1m[36mCategory Load (0.5ms)[0m  [1m[34mSELECT  `categories`.* FROM `categories` WHERE `categories`.`category_id` = 3 LIMIT 1[0m
  [1m[36mSubCategory Load (0.4ms)[0m  [1m[34mSELECT  `sub_categories`.* FROM `sub_categories` WHERE `sub_categories`.`sub_category_id` = 9 LIMIT 1[0m
  [1m[36mCACHE (0.0ms)[0m  [1m[34mSELECT  `sellers`.* FROM `sellers` WHERE `sellers`.`seller_id` IS NULL LIMIT 1[0m  [["LIMIT", 1]]
  [1m[36mCACHE (0.0ms)[0m  [1m[34mSELECT  `categories`.* FROM `categories` WHERE `categories`.`category_id` = 3 LIMIT 1[0m  [["category_id", 3], ["LIMIT", 1]]
  [1m[36mCACHE (0.0ms)[0m  [1m[34mSELECT  `sub_categories`.* FROM `sub_categories` WHERE `sub_categories`.`sub_category_id` = 9 LIMIT 1[0m  [["sub_category_id", 9], ["LIMIT", 1]]
  [1m[36mCACHE (0.0ms)[0m  [1m[34mSELECT  `sellers`.* FROM `sellers` WHERE `sellers`.`seller_id` IS NULL LIMIT 1[0m  [["LIMIT", 1]]
  [1m[36mCACHE (0.0ms)[0m  [1m[34mSELECT  `categories`.* FROM `categories` WHERE `categories`.`category_id` = 3 LIMIT 1[0m  [["category_id", 3], ["LIMIT", 1]]
  [1m[36mSubCategory Load (0.5ms)[0m  [1m[34mSELECT  `sub_categories`.* FROM `sub_categories` WHERE `sub_categories`.`sub_category_id` = 3 LIMIT 1[0m
  [1m[36mCACHE (0.0ms)[0m  [1m[34mSELECT  `sellers`.* FROM `sellers` WHERE `sellers`.`seller_id` IS NULL LIMIT 1[0m  [["LIMIT", 1]]
  Rendered items/index.html.erb within layouts/standard (18.1ms)
  [1m[36mUser Load (0.5ms)[0m  [1m[34mSELECT  `users`.* FROM `users` WHERE `users`.`user_id` = 'usman2897' LIMIT 1[0m
Completed 200 OK in 43ms (Views: 37.9ms | ActiveRecord: 3.5ms)


Started GET "/items" for 127.0.0.1 at 2017-05-20 17:06:46 +0530
Processing by ItemsController#index as HTML
  Rendering items/index.html.erb within layouts/standard
  [1m[36mItem Load (0.9ms)[0m  [1m[34mSELECT `items`.* FROM `items`[0m
  [1m[36mCategory Load (0.9ms)[0m  [1m[34mSELECT  `categories`.* FROM `categories` WHERE `categories`.`category_id` = 1 LIMIT 1[0m
  [1m[36mSubCategory Load (1.3ms)[0m  [1m[34mSELECT  `sub_categories`.* FROM `sub_categories` WHERE `sub_categories`.`sub_category_id` = 1 LIMIT 1[0m
  [1m[36mSeller Load (0.5ms)[0m  [1m[34mSELECT  `sellers`.* FROM `sellers` WHERE `sellers`.`seller_id` IS NULL LIMIT 1[0m
  [1m[36mCACHE (0.0ms)[0m  [1m[34mSELECT  `categories`.* FROM `categories` WHERE `categories`.`category_id` = 1 LIMIT 1[0m  [["category_id", 1], ["LIMIT", 1]]
  [1m[36mCACHE (0.0ms)[0m  [1m[34mSELECT  `sub_categories`.* FROM `sub_categories` WHERE `sub_categories`.`sub_category_id` = 1 LIMIT 1[0m  [["sub_category_id", 1], ["LIMIT", 1]]
  [1m[36mCACHE (0.0ms)[0m  [1m[34mSELECT  `sellers`.* FROM `sellers` WHERE `sellers`.`seller_id` IS NULL LIMIT 1[0m  [["LIMIT", 1]]
  [1m[36mCategory Load (0.7ms)[0m  [1m[34mSELECT  `categories`.* FROM `categories` WHERE `categories`.`category_id` = 3 LIMIT 1[0m
  [1m[36mSubCategory Load (0.4ms)[0m  [1m[34mSELECT  `sub_categories`.* FROM `sub_categories` WHERE `sub_categories`.`sub_category_id` = 9 LIMIT 1[0m
  [1m[36mCACHE (0.0ms)[0m  [1m[34mSELECT  `sellers`.* FROM `sellers` WHERE `sellers`.`seller_id` IS NULL LIMIT 1[0m  [["LIMIT", 1]]
  [1m[36mCACHE (0.0ms)[0m  [1m[34mSELECT  `categories`.* FROM `categories` WHERE `categories`.`category_id` = 3 LIMIT 1[0m  [["category_id", 3], ["LIMIT", 1]]
  [1m[36mCACHE (0.0ms)[0m  [1m[34mSELECT  `sub_categories`.* FROM `sub_categories` WHERE `sub_categories`.`sub_category_id` = 9 LIMIT 1[0m  [["sub_category_id", 9], ["LIMIT", 1]]
  [1m[36mCACHE (0.0ms)[0m  [1m[34mSELECT  `sellers`.* FROM `sellers` WHERE `sellers`.`seller_id` IS NULL LIMIT 1[0m  [["LIMIT", 1]]
  [1m[36mCACHE (0.1ms)[0m  [1m[34mSELECT  `categories`.* FROM `categories` WHERE `categories`.`category_id` = 3 LIMIT 1[0m  [["category_id", 3], ["LIMIT", 1]]
  [1m[36mSubCategory Load (0.5ms)[0m  [1m[34mSELECT  `sub_categories`.* FROM `sub_categories` WHERE `sub_categories`.`sub_category_id` = 3 LIMIT 1[0m
  [1m[36mCACHE (0.0ms)[0m  [1m[34mSELECT  `sellers`.* FROM `sellers` WHERE `sellers`.`seller_id` IS NULL LIMIT 1[0m  [["LIMIT", 1]]
  Rendered items/index.html.erb within layouts/standard (27.1ms)
  [1m[36mUser Load (0.5ms)[0m  [1m[34mSELECT  `users`.* FROM `users` WHERE `users`.`user_id` = 'usman2897' LIMIT 1[0m
Completed 200 OK in 49ms (Views: 41.8ms | ActiveRecord: 6.1ms)


Started GET "/items/new" for 127.0.0.1 at 2017-05-20 17:07:21 +0530
Processing by ItemsController#new as HTML
  Rendering items/new.html.erb within layouts/standard
  [1m[36mCategory Load (0.4ms)[0m  [1m[34mSELECT `categories`.* FROM `categories`[0m
  [1m[36mSubCategory Load (0.5ms)[0m  [1m[34mSELECT `sub_categories`.* FROM `sub_categories`[0m
  Rendered items/_form.html.erb (33.3ms)
  Rendered items/new.html.erb within layouts/standard (35.2ms)
  [1m[36mUser Load (0.5ms)[0m  [1m[34mSELECT  `users`.* FROM `users` WHERE `users`.`user_id` = 'usman2897' LIMIT 1[0m
Completed 200 OK in 89ms (Views: 53.6ms | ActiveRecord: 1.5ms)


Started GET "/items" for 127.0.0.1 at 2017-05-20 17:10:02 +0530
Processing by ItemsController#index as HTML
  Rendering items/index.html.erb within layouts/standard
  [1m[36mItem Load (0.6ms)[0m  [1m[34mSELECT `items`.* FROM `items`[0m
  [1m[36mCategory Load (0.8ms)[0m  [1m[34mSELECT  `categories`.* FROM `categories` WHERE `categories`.`category_id` = 1 LIMIT 1[0m
  [1m[36mSubCategory Load (0.6ms)[0m  [1m[34mSELECT  `sub_categories`.* FROM `sub_categories` WHERE `sub_categories`.`sub_category_id` = 1 LIMIT 1[0m
  [1m[36mSeller Load (0.3ms)[0m  [1m[34mSELECT  `sellers`.* FROM `sellers` WHERE `sellers`.`seller_id` IS NULL LIMIT 1[0m
  [1m[36mCACHE (0.0ms)[0m  [1m[34mSELECT  `categories`.* FROM `categories` WHERE `categories`.`category_id` = 1 LIMIT 1[0m  [["category_id", 1], ["LIMIT", 1]]
  [1m[36mCACHE (0.0ms)[0m  [1m[34mSELECT  `sub_categories`.* FROM `sub_categories` WHERE `sub_categories`.`sub_category_id` = 1 LIMIT 1[0m  [["sub_category_id", 1], ["LIMIT", 1]]
  [1m[36mCACHE (0.1ms)[0m  [1m[34mSELECT  `sellers`.* FROM `sellers` WHERE `sellers`.`seller_id` IS NULL LIMIT 1[0m  [["LIMIT", 1]]
  [1m[36mCategory Load (0.6ms)[0m  [1m[34mSELECT  `categories`.* FROM `categories` WHERE `categories`.`category_id` = 3 LIMIT 1[0m
  [1m[36mSubCategory Load (0.5ms)[0m  [1m[34mSELECT  `sub_categories`.* FROM `sub_categories` WHERE `sub_categories`.`sub_category_id` = 9 LIMIT 1[0m
  [1m[36mCACHE (0.0ms)[0m  [1m[34mSELECT  `sellers`.* FROM `sellers` WHERE `sellers`.`seller_id` IS NULL LIMIT 1[0m  [["LIMIT", 1]]
  [1m[36mCACHE (0.0ms)[0m  [1m[34mSELECT  `categories`.* FROM `categories` WHERE `categories`.`category_id` = 3 LIMIT 1[0m  [["category_id", 3], ["LIMIT", 1]]
  [1m[36mCACHE (0.0ms)[0m  [1m[34mSELECT  `sub_categories`.* FROM `sub_categories` WHERE `sub_categories`.`sub_category_id` = 9 LIMIT 1[0m  [["sub_category_id", 9], ["LIMIT", 1]]
  [1m[36mCACHE (0.0ms)[0m  [1m[34mSELECT  `sellers`.* FROM `sellers` WHERE `sellers`.`seller_id` IS NULL LIMIT 1[0m  [["LIMIT", 1]]
  [1m[36mCACHE (0.0ms)[0m  [1m[34mSELECT  `categories`.* FROM `categories` WHERE `categories`.`category_id` = 3 LIMIT 1[0m  [["category_id", 3], ["LIMIT", 1]]
  [1m[36mSubCategory Load (1.3ms)[0m  [1m[34mSELECT  `sub_categories`.* FROM `sub_categories` WHERE `sub_categories`.`sub_category_id` = 3 LIMIT 1[0m
  [1m[36mCACHE (0.0ms)[0m  [1m[34mSELECT  `sellers`.* FROM `sellers` WHERE `sellers`.`seller_id` IS NULL LIMIT 1[0m  [["LIMIT", 1]]
  Rendered items/index.html.erb within layouts/standard (26.5ms)
  [1m[36mUser Load (0.6ms)[0m  [1m[34mSELECT  `users`.* FROM `users` WHERE `users`.`user_id` = 'usman2897' LIMIT 1[0m
Completed 200 OK in 56ms (Views: 49.0ms | ActiveRecord: 5.6ms)


Started GET "/items/1" for 127.0.0.1 at 2017-05-20 17:10:04 +0530
Processing by ItemsController#show as HTML
  Parameters: {"id"=>"1"}
  [1m[36mItem Load (1.4ms)[0m  [1m[34mSELECT  `items`.* FROM `items` WHERE `items`.`item_id` = 1 LIMIT 1[0m
  [1m[36mCACHE (0.0ms)[0m  [1m[34mSELECT  `items`.* FROM `items` WHERE `items`.`item_id` = 1 LIMIT 1[0m  [["item_id", 1], ["LIMIT", 1]]
  [1m[36mCategory Load (0.6ms)[0m  [1m[34mSELECT  `categories`.* FROM `categories` WHERE `categories`.`category_id` = 1 LIMIT 1[0m
  [1m[36mSubCategory Load (0.8ms)[0m  [1m[34mSELECT  `sub_categories`.* FROM `sub_categories` WHERE `sub_categories`.`sub_category_id` = 1 LIMIT 1[0m
  Rendering items/show.html.erb within layouts/standard
  Rendered items/show.html.erb within layouts/standard (2.0ms)
  [1m[36mUser Load (0.6ms)[0m  [1m[34mSELECT  `users`.* FROM `users` WHERE `users`.`user_id` = 'usman2897' LIMIT 1[0m
Completed 200 OK in 59ms (Views: 37.7ms | ActiveRecord: 3.4ms)


Started GET "/items" for 127.0.0.1 at 2017-05-20 17:27:02 +0530
Processing by ItemsController#index as HTML
  Rendering items/index.html.erb within layouts/standard
  [1m[36mItem Load (0.5ms)[0m  [1m[34mSELECT `items`.* FROM `items`[0m
  [1m[36mCategory Load (0.8ms)[0m  [1m[34mSELECT  `categories`.* FROM `categories` WHERE `categories`.`category_id` = 1 LIMIT 1[0m
  [1m[36mSubCategory Load (0.8ms)[0m  [1m[34mSELECT  `sub_categories`.* FROM `sub_categories` WHERE `sub_categories`.`sub_category_id` = 1 LIMIT 1[0m
  [1m[36mSeller Load (1.3ms)[0m  [1m[34mSELECT  `sellers`.* FROM `sellers` WHERE `sellers`.`seller_id` IS NULL LIMIT 1[0m
  [1m[36mCACHE (0.0ms)[0m  [1m[34mSELECT  `categories`.* FROM `categories` WHERE `categories`.`category_id` = 1 LIMIT 1[0m  [["category_id", 1], ["LIMIT", 1]]
  [1m[36mCACHE (0.0ms)[0m  [1m[34mSELECT  `sub_categories`.* FROM `sub_categories` WHERE `sub_categories`.`sub_category_id` = 1 LIMIT 1[0m  [["sub_category_id", 1], ["LIMIT", 1]]
  [1m[36mCACHE (0.0ms)[0m  [1m[34mSELECT  `sellers`.* FROM `sellers` WHERE `sellers`.`seller_id` IS NULL LIMIT 1[0m  [["LIMIT", 1]]
  [1m[36mCategory Load (0.5ms)[0m  [1m[34mSELECT  `categories`.* FROM `categories` WHERE `categories`.`category_id` = 3 LIMIT 1[0m
  [1m[36mSubCategory Load (0.5ms)[0m  [1m[34mSELECT  `sub_categories`.* FROM `sub_categories` WHERE `sub_categories`.`sub_category_id` = 9 LIMIT 1[0m
  [1m[36mCACHE (0.0ms)[0m  [1m[34mSELECT  `sellers`.* FROM `sellers` WHERE `sellers`.`seller_id` IS NULL LIMIT 1[0m  [["LIMIT", 1]]
  [1m[36mCACHE (0.0ms)[0m  [1m[34mSELECT  `categories`.* FROM `categories` WHERE `categories`.`category_id` = 3 LIMIT 1[0m  [["category_id", 3], ["LIMIT", 1]]
  [1m[36mCACHE (0.0ms)[0m  [1m[34mSELECT  `sub_categories`.* FROM `sub_categories` WHERE `sub_categories`.`sub_category_id` = 9 LIMIT 1[0m  [["sub_category_id", 9], ["LIMIT", 1]]
  [1m[36mCACHE (0.0ms)[0m  [1m[34mSELECT  `sellers`.* FROM `sellers` WHERE `sellers`.`seller_id` IS NULL LIMIT 1[0m  [["LIMIT", 1]]
  [1m[36mCACHE (0.0ms)[0m  [1m[34mSELECT  `categories`.* FROM `categories` WHERE `categories`.`category_id` = 3 LIMIT 1[0m  [["category_id", 3], ["LIMIT", 1]]
  [1m[36mSubCategory Load (0.6ms)[0m  [1m[34mSELECT  `sub_categories`.* FROM `sub_categories` WHERE `sub_categories`.`sub_category_id` = 3 LIMIT 1[0m
  [1m[36mCACHE (0.0ms)[0m  [1m[34mSELECT  `sellers`.* FROM `sellers` WHERE `sellers`.`seller_id` IS NULL LIMIT 1[0m  [["LIMIT", 1]]
  Rendered items/index.html.erb within layouts/standard (27.8ms)
  [1m[36mUser Load (0.5ms)[0m  [1m[34mSELECT  `users`.* FROM `users` WHERE `users`.`user_id` = 'usman2897' LIMIT 1[0m
Completed 500 Internal Server Error in 69ms (ActiveRecord: 5.7ms)


  
ActionView::Template::Error (undefined method `seller_id' for #<User:0x007f78e00ce648>
Did you mean?  user_id):
    12:     <nav>
    13:         <% if account_user_signed_in? && cookies.signed[:id] == 'user' %>
    14:           <% @current_user = current_account_user %>
    15:           <%= @current_user.seller_id %> 
    16:         <% elsif account_seller_signed_in? && cookies.signed[:id] == 'seller' %>
    17:           <% @current_seller = current_account_seller %>
    18:           <%= @current_seller.seller_id %> 
  
app/views/layouts/standard.html.erb:15:in `_app_views_layouts_standard_html_erb__3682097333455197896_70078666682620'
  Rendering /home/usman/.rbenv/versions/2.4.0/lib/ruby/gems/2.4.0/gems/actionpack-5.0.3/lib/action_dispatch/middleware/templates/rescues/template_error.html.erb within rescues/layout
  Rendering /home/usman/.rbenv/versions/2.4.0/lib/ruby/gems/2.4.0/gems/actionpack-5.0.3/lib/action_dispatch/middleware/templates/rescues/_source.html.erb
  Rendered /home/usman/.rbenv/versions/2.4.0/lib/ruby/gems/2.4.0/gems/actionpack-5.0.3/lib/action_dispatch/middleware/templates/rescues/_source.html.erb (7.5ms)
  Rendering /home/usman/.rbenv/versions/2.4.0/lib/ruby/gems/2.4.0/gems/actionpack-5.0.3/lib/action_dispatch/middleware/templates/rescues/_trace.html.erb
  Rendered /home/usman/.rbenv/versions/2.4.0/lib/ruby/gems/2.4.0/gems/actionpack-5.0.3/lib/action_dispatch/middleware/templates/rescues/_trace.html.erb (3.2ms)
  Rendering /home/usman/.rbenv/versions/2.4.0/lib/ruby/gems/2.4.0/gems/actionpack-5.0.3/lib/action_dispatch/middleware/templates/rescues/_request_and_response.html.erb
  Rendered /home/usman/.rbenv/versions/2.4.0/lib/ruby/gems/2.4.0/gems/actionpack-5.0.3/lib/action_dispatch/middleware/templates/rescues/_request_and_response.html.erb (1.6ms)
  Rendered /home/usman/.rbenv/versions/2.4.0/lib/ruby/gems/2.4.0/gems/actionpack-5.0.3/lib/action_dispatch/middleware/templates/rescues/template_error.html.erb within rescues/layout (34.6ms)
Started GET "/items" for 127.0.0.1 at 2017-05-20 17:27:18 +0530
Processing by ItemsController#index as HTML
  Rendering items/index.html.erb within layouts/standard
  [1m[36mItem Load (0.6ms)[0m  [1m[34mSELECT `items`.* FROM `items`[0m
  [1m[36mCategory Load (0.6ms)[0m  [1m[34mSELECT  `categories`.* FROM `categories` WHERE `categories`.`category_id` = 1 LIMIT 1[0m
  [1m[36mSubCategory Load (1.1ms)[0m  [1m[34mSELECT  `sub_categories`.* FROM `sub_categories` WHERE `sub_categories`.`sub_category_id` = 1 LIMIT 1[0m
  [1m[36mSeller Load (0.5ms)[0m  [1m[34mSELECT  `sellers`.* FROM `sellers` WHERE `sellers`.`seller_id` IS NULL LIMIT 1[0m
  [1m[36mCACHE (0.0ms)[0m  [1m[34mSELECT  `categories`.* FROM `categories` WHERE `categories`.`category_id` = 1 LIMIT 1[0m  [["category_id", 1], ["LIMIT", 1]]
  [1m[36mCACHE (0.0ms)[0m  [1m[34mSELECT  `sub_categories`.* FROM `sub_categories` WHERE `sub_categories`.`sub_category_id` = 1 LIMIT 1[0m  [["sub_category_id", 1], ["LIMIT", 1]]
  [1m[36mCACHE (0.0ms)[0m  [1m[34mSELECT  `sellers`.* FROM `sellers` WHERE `sellers`.`seller_id` IS NULL LIMIT 1[0m  [["LIMIT", 1]]
  [1m[36mCategory Load (0.5ms)[0m  [1m[34mSELECT  `categories`.* FROM `categories` WHERE `categories`.`category_id` = 3 LIMIT 1[0m
  [1m[36mSubCategory Load (0.5ms)[0m  [1m[34mSELECT  `sub_categories`.* FROM `sub_categories` WHERE `sub_categories`.`sub_category_id` = 9 LIMIT 1[0m
  [1m[36mCACHE (0.0ms)[0m  [1m[34mSELECT  `sellers`.* FROM `sellers` WHERE `sellers`.`seller_id` IS NULL LIMIT 1[0m  [["LIMIT", 1]]
  [1m[36mCACHE (0.0ms)[0m  [1m[34mSELECT  `categories`.* FROM `categories` WHERE `categories`.`category_id` = 3 LIMIT 1[0m  [["category_id", 3], ["LIMIT", 1]]
  [1m[36mCACHE (0.0ms)[0m  [1m[34mSELECT  `sub_categories`.* FROM `sub_categories` WHERE `sub_categories`.`sub_category_id` = 9 LIMIT 1[0m  [["sub_category_id", 9], ["LIMIT", 1]]
  [1m[36mCACHE (0.0ms)[0m  [1m[34mSELECT  `sellers`.* FROM `sellers` WHERE `sellers`.`seller_id` IS NULL LIMIT 1[0m  [["LIMIT", 1]]
  [1m[36mCACHE (0.0ms)[0m  [1m[34mSELECT  `categories`.* FROM `categories` WHERE `categories`.`category_id` = 3 LIMIT 1[0m  [["category_id", 3], ["LIMIT", 1]]
  [1m[36mSubCategory Load (0.6ms)[0m  [1m[34mSELECT  `sub_categories`.* FROM `sub_categories` WHERE `sub_categories`.`sub_category_id` = 3 LIMIT 1[0m
  [1m[36mCACHE (0.0ms)[0m  [1m[34mSELECT  `sellers`.* FROM `sellers` WHERE `sellers`.`seller_id` IS NULL LIMIT 1[0m  [["LIMIT", 1]]
  Rendered items/index.html.erb within layouts/standard (27.3ms)
  [1m[36mUser Load (0.5ms)[0m  [1m[34mSELECT  `users`.* FROM `users` WHERE `users`.`user_id` = 'usman2897' LIMIT 1[0m
Completed 200 OK in 54ms (Views: 47.4ms | ActiveRecord: 5.2ms)


Started GET "/users/logout" for 127.0.0.1 at 2017-05-20 17:27:32 +0530
Processing by UsersController#logout as HTML
Redirected to http://localhost:3000/users/login
Completed 302 Found in 1ms (ActiveRecord: 0.0ms)


Started GET "/users/login" for 127.0.0.1 at 2017-05-20 17:27:32 +0530
Processing by UsersController#login as HTML
  Rendering users/login.html.erb within layouts/application
  Rendered users/login.html.erb within layouts/application (2.5ms)
Completed 200 OK in 27ms (Views: 25.7ms | ActiveRecord: 0.0ms)


Started GET "/sellers/login" for 127.0.0.1 at 2017-05-20 17:27:40 +0530
Processing by SellersController#login as HTML
  [1m[36mSeller Load (0.3ms)[0m  [1m[34mSELECT  `sellers`.* FROM `sellers` WHERE `sellers`.`seller_id` IS NULL LIMIT 1[0m
  Rendering sellers/login.html.erb within layouts/standard
  Rendered sellers/login.html.erb within layouts/standard (2.0ms)
  [1m[36mUser Load (0.5ms)[0m  [1m[34mSELECT  `users`.* FROM `users` WHERE `users`.`user_id` IS NULL LIMIT 1[0m
  [1m[36mCACHE (0.0ms)[0m  [1m[34mSELECT  `sellers`.* FROM `sellers` WHERE `sellers`.`seller_id` IS NULL LIMIT 1[0m  [["LIMIT", 1]]
Completed 200 OK in 34ms (Views: 30.6ms | ActiveRecord: 0.9ms)


Started POST "/sellers/loggedin" for 127.0.0.1 at 2017-05-20 17:27:47 +0530
Processing by SellersController#loggedin as HTML
  Parameters: {"utf8"=>"✓", "authenticity_token"=>"Zw4dIUagrgk2LHZRjxVBvz9js6Z2dBZk7QevR5+TeubkXWzCTGE1JbxPqZgv25WbvOJvxTAXkQ4ydK0AtF5wsQ==", "sellers"=>{"seller_id"=>"someone", "password"=>"[FILTERED]"}, "commit"=>"Login"}
  [1m[36mSeller Load (0.6ms)[0m  [1m[34mSELECT  `sellers`.* FROM `sellers` WHERE (LOWER(seller_id) = 'someone') LIMIT 1[0m
Redirected to http://localhost:3000/items
Completed 302 Found in 94ms (ActiveRecord: 0.6ms)


Started GET "/items" for 127.0.0.1 at 2017-05-20 17:27:48 +0530
Processing by ItemsController#index as HTML
  Rendering items/index.html.erb within layouts/standard
  [1m[36mItem Load (0.5ms)[0m  [1m[34mSELECT `items`.* FROM `items`[0m
  [1m[36mCategory Load (0.4ms)[0m  [1m[34mSELECT  `categories`.* FROM `categories` WHERE `categories`.`category_id` = 1 LIMIT 1[0m
  [1m[36mSubCategory Load (0.4ms)[0m  [1m[34mSELECT  `sub_categories`.* FROM `sub_categories` WHERE `sub_categories`.`sub_category_id` = 1 LIMIT 1[0m
  [1m[36mSeller Load (0.4ms)[0m  [1m[34mSELECT  `sellers`.* FROM `sellers` WHERE `sellers`.`seller_id` = 'someone' LIMIT 1[0m
  [1m[36mCACHE (0.0ms)[0m  [1m[34mSELECT  `categories`.* FROM `categories` WHERE `categories`.`category_id` = 1 LIMIT 1[0m  [["category_id", 1], ["LIMIT", 1]]
  [1m[36mCACHE (0.0ms)[0m  [1m[34mSELECT  `sub_categories`.* FROM `sub_categories` WHERE `sub_categories`.`sub_category_id` = 1 LIMIT 1[0m  [["sub_category_id", 1], ["LIMIT", 1]]
  [1m[36mCategory Load (0.5ms)[0m  [1m[34mSELECT  `categories`.* FROM `categories` WHERE `categories`.`category_id` = 3 LIMIT 1[0m
  [1m[36mSubCategory Load (0.5ms)[0m  [1m[34mSELECT  `sub_categories`.* FROM `sub_categories` WHERE `sub_categories`.`sub_category_id` = 9 LIMIT 1[0m
  [1m[36mCACHE (0.0ms)[0m  [1m[34mSELECT  `categories`.* FROM `categories` WHERE `categories`.`category_id` = 3 LIMIT 1[0m  [["category_id", 3], ["LIMIT", 1]]
  [1m[36mCACHE (0.0ms)[0m  [1m[34mSELECT  `sub_categories`.* FROM `sub_categories` WHERE `sub_categories`.`sub_category_id` = 9 LIMIT 1[0m  [["sub_category_id", 9], ["LIMIT", 1]]
  [1m[36mCACHE (0.0ms)[0m  [1m[34mSELECT  `categories`.* FROM `categories` WHERE `categories`.`category_id` = 3 LIMIT 1[0m  [["category_id", 3], ["LIMIT", 1]]
  [1m[36mSubCategory Load (0.5ms)[0m  [1m[34mSELECT  `sub_categories`.* FROM `sub_categories` WHERE `sub_categories`.`sub_category_id` = 3 LIMIT 1[0m
  Rendered items/index.html.erb within layouts/standard (16.2ms)
Completed 200 OK in 51ms (Views: 46.2ms | ActiveRecord: 3.3ms)


Started GET "/items/new" for 127.0.0.1 at 2017-05-20 17:27:51 +0530
Processing by ItemsController#new as HTML
  Rendering items/new.html.erb within layouts/standard
  [1m[36mCategory Load (0.5ms)[0m  [1m[34mSELECT `categories`.* FROM `categories`[0m
  [1m[36mSubCategory Load (0.6ms)[0m  [1m[34mSELECT `sub_categories`.* FROM `sub_categories`[0m
  Rendered items/_form.html.erb (12.8ms)
  Rendered items/new.html.erb within layouts/standard (14.9ms)
  [1m[36mUser Load (2.5ms)[0m  [1m[34mSELECT  `users`.* FROM `users` WHERE `users`.`user_id` IS NULL LIMIT 1[0m
  [1m[36mSeller Load (0.5ms)[0m  [1m[34mSELECT  `sellers`.* FROM `sellers` WHERE `sellers`.`seller_id` = 'someone' LIMIT 1[0m
Completed 200 OK in 50ms (Views: 43.8ms | ActiveRecord: 4.1ms)


Started POST "/items" for 127.0.0.1 at 2017-05-20 17:28:23 +0530
Processing by ItemsController#create as HTML
  Parameters: {"utf8"=>"✓", "authenticity_token"=>"hunh2NPzvnYJDpKv8UFUT6rCNOVapC3jazp4HL/oVYTVcxhM/54sdGFS154sp8PhLCEpwhh3q/AR6gidrgiALw==", "item"=>{"item_name"=>"dell laptop", "category_id"=>"1", "sub_category_id"=>"2", "quantity"=>"2", "price"=>"25000", "description"=>"", "seller_id"=>"someone"}, "commit"=>"Create Item"}
  [1m[35m (0.3ms)[0m  [1m[35mBEGIN[0m
  [1m[36mCategory Load (0.5ms)[0m  [1m[34mSELECT  `categories`.* FROM `categories` WHERE `categories`.`category_id` = 1 LIMIT 1[0m
  [1m[36mSubCategory Load (0.5ms)[0m  [1m[34mSELECT  `sub_categories`.* FROM `sub_categories` WHERE `sub_categories`.`sub_category_id` = 2 LIMIT 1[0m
  [1m[36mSeller Load (0.6ms)[0m  [1m[34mSELECT  `sellers`.* FROM `sellers` WHERE `sellers`.`seller_id` = 'someone' LIMIT 1[0m
  [1m[35mSQL (0.5ms)[0m  [1m[32mINSERT INTO `items` (`item_name`, `category_id`, `sub_category_id`, `quantity`, `price`, `description`, `seller_id`) VALUES ('dell laptop', 1, 2, 2, 25000.0, '', 'someone')[0m
  [1m[35m (34.6ms)[0m  [1m[35mCOMMIT[0m
Redirected to http://localhost:3000/items/6
Completed 302 Found in 200ms (ActiveRecord: 37.0ms)


Started GET "/items/6" for 127.0.0.1 at 2017-05-20 17:28:23 +0530
Processing by ItemsController#show as HTML
  Parameters: {"id"=>"6"}
  [1m[36mItem Load (0.5ms)[0m  [1m[34mSELECT  `items`.* FROM `items` WHERE `items`.`item_id` = 6 LIMIT 1[0m
  [1m[36mCACHE (0.0ms)[0m  [1m[34mSELECT  `items`.* FROM `items` WHERE `items`.`item_id` = 6 LIMIT 1[0m  [["item_id", 6], ["LIMIT", 1]]
  [1m[36mCategory Load (0.4ms)[0m  [1m[34mSELECT  `categories`.* FROM `categories` WHERE `categories`.`category_id` = 1 LIMIT 1[0m
  [1m[36mSubCategory Load (0.4ms)[0m  [1m[34mSELECT  `sub_categories`.* FROM `sub_categories` WHERE `sub_categories`.`sub_category_id` = 2 LIMIT 1[0m
  Rendering items/show.html.erb within layouts/standard
  Rendered items/show.html.erb within layouts/standard (1.9ms)
  [1m[36mUser Load (0.4ms)[0m  [1m[34mSELECT  `users`.* FROM `users` WHERE `users`.`user_id` IS NULL LIMIT 1[0m
  [1m[36mSeller Load (0.6ms)[0m  [1m[34mSELECT  `sellers`.* FROM `sellers` WHERE `sellers`.`seller_id` = 'someone' LIMIT 1[0m
Completed 200 OK in 35ms (Views: 27.2ms | ActiveRecord: 2.4ms)


Started GET "/items" for 127.0.0.1 at 2017-05-20 17:28:30 +0530
Processing by ItemsController#index as HTML
  Rendering items/index.html.erb within layouts/standard
  [1m[36mItem Load (0.6ms)[0m  [1m[34mSELECT `items`.* FROM `items`[0m
  [1m[36mCategory Load (0.6ms)[0m  [1m[34mSELECT  `categories`.* FROM `categories` WHERE `categories`.`category_id` = 1 LIMIT 1[0m
  [1m[36mSubCategory Load (0.5ms)[0m  [1m[34mSELECT  `sub_categories`.* FROM `sub_categories` WHERE `sub_categories`.`sub_category_id` = 1 LIMIT 1[0m
  [1m[36mSeller Load (0.6ms)[0m  [1m[34mSELECT  `sellers`.* FROM `sellers` WHERE `sellers`.`seller_id` = 'someone' LIMIT 1[0m
  [1m[36mCACHE (0.0ms)[0m  [1m[34mSELECT  `categories`.* FROM `categories` WHERE `categories`.`category_id` = 1 LIMIT 1[0m  [["category_id", 1], ["LIMIT", 1]]
  [1m[36mCACHE (0.0ms)[0m  [1m[34mSELECT  `sub_categories`.* FROM `sub_categories` WHERE `sub_categories`.`sub_category_id` = 1 LIMIT 1[0m  [["sub_category_id", 1], ["LIMIT", 1]]
  [1m[36mCategory Load (0.6ms)[0m  [1m[34mSELECT  `categories`.* FROM `categories` WHERE `categories`.`category_id` = 3 LIMIT 1[0m
  [1m[36mSubCategory Load (0.5ms)[0m  [1m[34mSELECT  `sub_categories`.* FROM `sub_categories` WHERE `sub_categories`.`sub_category_id` = 9 LIMIT 1[0m
  [1m[36mCACHE (0.0ms)[0m  [1m[34mSELECT  `categories`.* FROM `categories` WHERE `categories`.`category_id` = 3 LIMIT 1[0m  [["category_id", 3], ["LIMIT", 1]]
  [1m[36mCACHE (0.0ms)[0m  [1m[34mSELECT  `sub_categories`.* FROM `sub_categories` WHERE `sub_categories`.`sub_category_id` = 9 LIMIT 1[0m  [["sub_category_id", 9], ["LIMIT", 1]]
  [1m[36mCACHE (0.0ms)[0m  [1m[34mSELECT  `categories`.* FROM `categories` WHERE `categories`.`category_id` = 3 LIMIT 1[0m  [["category_id", 3], ["LIMIT", 1]]
  [1m[36mSubCategory Load (0.7ms)[0m  [1m[34mSELECT  `sub_categories`.* FROM `sub_categories` WHERE `sub_categories`.`sub_category_id` = 3 LIMIT 1[0m
  [1m[36mCACHE (0.0ms)[0m  [1m[34mSELECT  `categories`.* FROM `categories` WHERE `categories`.`category_id` = 1 LIMIT 1[0m  [["category_id", 1], ["LIMIT", 1]]
  [1m[36mSubCategory Load (0.6ms)[0m  [1m[34mSELECT  `sub_categories`.* FROM `sub_categories` WHERE `sub_categories`.`sub_category_id` = 2 LIMIT 1[0m
  Rendered items/index.html.erb within layouts/standard (29.2ms)
Completed 200 OK in 53ms (Views: 45.9ms | ActiveRecord: 5.0ms)


Started GET "/sellers/logout" for 127.0.0.1 at 2017-05-20 17:29:45 +0530
Processing by SellersController#logout as HTML
Redirected to http://localhost:3000/sellers/login
Completed 302 Found in 2ms (ActiveRecord: 0.0ms)


Started GET "/sellers/login" for 127.0.0.1 at 2017-05-20 17:29:45 +0530
Processing by SellersController#login as HTML
  [1m[36mSeller Load (0.5ms)[0m  [1m[34mSELECT  `sellers`.* FROM `sellers` WHERE `sellers`.`seller_id` IS NULL LIMIT 1[0m
  Rendering sellers/login.html.erb within layouts/standard
  Rendered sellers/login.html.erb within layouts/standard (2.5ms)
  [1m[36mUser Load (0.4ms)[0m  [1m[34mSELECT  `users`.* FROM `users` WHERE `users`.`user_id` IS NULL LIMIT 1[0m
  [1m[36mCACHE (0.0ms)[0m  [1m[34mSELECT  `sellers`.* FROM `sellers` WHERE `sellers`.`seller_id` IS NULL LIMIT 1[0m  [["LIMIT", 1]]
Completed 200 OK in 40ms (Views: 35.7ms | ActiveRecord: 0.9ms)


Started GET "/users/login" for 127.0.0.1 at 2017-05-20 17:29:48 +0530
Processing by UsersController#login as HTML
  Rendering users/login.html.erb within layouts/application
  Rendered users/login.html.erb within layouts/application (4.7ms)
Completed 200 OK in 42ms (Views: 39.8ms | ActiveRecord: 0.0ms)


Started GET "/users" for 127.0.0.1 at 2017-05-20 17:30:01 +0530
Processing by UsersController#index as HTML
  Rendering users/index.html.erb within layouts/application
  [1m[36mUser Load (0.5ms)[0m  [1m[34mSELECT `users`.* FROM `users`[0m
  Rendered users/index.html.erb within layouts/application (4.7ms)
Completed 200 OK in 35ms (Views: 32.8ms | ActiveRecord: 0.5ms)


Started GET "/items" for 127.0.0.1 at 2017-05-20 18:22:50 +0530
  [1m[36mActiveRecord::SchemaMigration Load (0.5ms)[0m  [1m[34mSELECT `schema_migrations`.* FROM `schema_migrations`[0m
Processing by ItemsController#index as HTML
  Rendering items/index.html.erb within layouts/standard
  [1m[36mItem Load (0.6ms)[0m  [1m[34mSELECT `items`.* FROM `items` WHERE (quantity > 0)[0m
  [1m[36mCategory Load (0.6ms)[0m  [1m[34mSELECT  `categories`.* FROM `categories` WHERE `categories`.`category_id` = 1 LIMIT 1[0m
  [1m[36mSubCategory Load (0.5ms)[0m  [1m[34mSELECT  `sub_categories`.* FROM `sub_categories` WHERE `sub_categories`.`sub_category_id` = 1 LIMIT 1[0m
  [1m[36mSeller Load (0.5ms)[0m  [1m[34mSELECT  `sellers`.* FROM `sellers` WHERE `sellers`.`seller_id` = 'someone' LIMIT 1[0m
  [1m[36mCategory Load (0.6ms)[0m  [1m[34mSELECT  `categories`.* FROM `categories` WHERE `categories`.`category_id` = 1 LIMIT 1[0m
  [1m[36mSubCategory Load (0.7ms)[0m  [1m[34mSELECT  `sub_categories`.* FROM `sub_categories` WHERE `sub_categories`.`sub_category_id` = 1 LIMIT 1[0m
  [1m[36mCategory Load (0.5ms)[0m  [1m[34mSELECT  `categories`.* FROM `categories` WHERE `categories`.`category_id` = 3 LIMIT 1[0m
  [1m[36mSubCategory Load (0.5ms)[0m  [1m[34mSELECT  `sub_categories`.* FROM `sub_categories` WHERE `sub_categories`.`sub_category_id` = 9 LIMIT 1[0m
  [1m[36mCategory Load (0.6ms)[0m  [1m[34mSELECT  `categories`.* FROM `categories` WHERE `categories`.`category_id` = 3 LIMIT 1[0m
  [1m[36mSubCategory Load (0.5ms)[0m  [1m[34mSELECT  `sub_categories`.* FROM `sub_categories` WHERE `sub_categories`.`sub_category_id` = 9 LIMIT 1[0m
  [1m[36mCategory Load (0.9ms)[0m  [1m[34mSELECT  `categories`.* FROM `categories` WHERE `categories`.`category_id` = 3 LIMIT 1[0m
  [1m[36mSubCategory Load (0.4ms)[0m  [1m[34mSELECT  `sub_categories`.* FROM `sub_categories` WHERE `sub_categories`.`sub_category_id` = 3 LIMIT 1[0m
  [1m[36mCategory Load (0.4ms)[0m  [1m[34mSELECT  `categories`.* FROM `categories` WHERE `categories`.`category_id` = 1 LIMIT 1[0m
  [1m[36mSubCategory Load (0.3ms)[0m  [1m[34mSELECT  `sub_categories`.* FROM `sub_categories` WHERE `sub_categories`.`sub_category_id` = 2 LIMIT 1[0m
  Rendered items/index.html.erb within layouts/standard (83.3ms)
Completed 200 OK in 391ms (Views: 347.8ms | ActiveRecord: 13.3ms)


Started GET "/items/6" for 127.0.0.1 at 2017-05-20 18:22:53 +0530
Processing by ItemsController#show as HTML
  Parameters: {"id"=>"6"}
  [1m[36mItem Load (0.8ms)[0m  [1m[34mSELECT  `items`.* FROM `items` WHERE `items`.`item_id` = 6 LIMIT 1[0m
  [1m[36mCACHE (0.1ms)[0m  [1m[34mSELECT  `items`.* FROM `items` WHERE `items`.`item_id` = 6 LIMIT 1[0m  [["item_id", 6], ["LIMIT", 1]]
  [1m[36mCategory Load (0.7ms)[0m  [1m[34mSELECT  `categories`.* FROM `categories` WHERE `categories`.`category_id` = 1 LIMIT 1[0m
  [1m[36mSubCategory Load (0.7ms)[0m  [1m[34mSELECT  `sub_categories`.* FROM `sub_categories` WHERE `sub_categories`.`sub_category_id` = 2 LIMIT 1[0m
  Rendering items/show.html.erb within layouts/standard
  Rendered items/show.html.erb within layouts/standard (4.2ms)
  [1m[36mUser Load (0.4ms)[0m  [1m[34mSELECT  `users`.* FROM `users` WHERE `users`.`user_id` IS NULL LIMIT 1[0m
  [1m[36mSeller Load (0.6ms)[0m  [1m[34mSELECT  `sellers`.* FROM `sellers` WHERE `sellers`.`seller_id` = 'someone' LIMIT 1[0m
Completed 200 OK in 73ms (Views: 58.6ms | ActiveRecord: 4.4ms)


Started GET "/orders/new?item=6" for 127.0.0.1 at 2017-05-20 18:22:55 +0530
Processing by OrdersController#new as HTML
  Parameters: {"item"=>"6"}
  [1m[36mItem Load (0.9ms)[0m  [1m[34mSELECT  `items`.* FROM `items` WHERE `items`.`item_id` = 6 LIMIT 1[0m
  Rendering orders/new.html.erb within layouts/application
  Rendered orders/_form.html.erb (29.4ms)
  Rendered orders/new.html.erb within layouts/application (32.3ms)
Completed 200 OK in 103ms (Views: 80.9ms | ActiveRecord: 3.4ms)


Started GET "/orders" for 127.0.0.1 at 2017-05-20 18:22:56 +0530
Processing by OrdersController#index as HTML
  Rendering orders/index.html.erb within layouts/application
  [1m[36mOrder Load (0.6ms)[0m  [1m[34mSELECT `orders`.* FROM `orders`[0m
  Rendered orders/index.html.erb within layouts/application (3.0ms)
Completed 200 OK in 43ms (Views: 40.4ms | ActiveRecord: 0.6ms)


Started GET "/users" for 127.0.0.1 at 2017-05-20 18:24:40 +0530
Processing by UsersController#index as HTML
  Rendering users/index.html.erb within layouts/application
  [1m[36mUser Load (0.6ms)[0m  [1m[34mSELECT `users`.* FROM `users`[0m
  Rendered users/index.html.erb within layouts/application (15.0ms)
Completed 200 OK in 48ms (Views: 43.7ms | ActiveRecord: 1.8ms)


Started GET "/items" for 127.0.0.1 at 2017-05-20 18:27:52 +0530
Processing by ItemsController#index as HTML
  Rendering items/index.html.erb within layouts/standard
  [1m[36mItem Load (0.6ms)[0m  [1m[34mSELECT `items`.* FROM `items` WHERE (quantity > 0)[0m
  [1m[36mCategory Load (0.6ms)[0m  [1m[34mSELECT  `categories`.* FROM `categories` WHERE `categories`.`category_id` = 1 LIMIT 1[0m
  [1m[36mSubCategory Load (0.5ms)[0m  [1m[34mSELECT  `sub_categories`.* FROM `sub_categories` WHERE `sub_categories`.`sub_category_id` = 1 LIMIT 1[0m
  [1m[36mSeller Load (0.7ms)[0m  [1m[34mSELECT  `sellers`.* FROM `sellers` WHERE `sellers`.`seller_id` = 'someone' LIMIT 1[0m
  [1m[36mCACHE (0.0ms)[0m  [1m[34mSELECT  `categories`.* FROM `categories` WHERE `categories`.`category_id` = 1 LIMIT 1[0m  [["category_id", 1], ["LIMIT", 1]]
  [1m[36mCACHE (0.0ms)[0m  [1m[34mSELECT  `sub_categories`.* FROM `sub_categories` WHERE `sub_categories`.`sub_category_id` = 1 LIMIT 1[0m  [["sub_category_id", 1], ["LIMIT", 1]]
  [1m[36mCategory Load (0.6ms)[0m  [1m[34mSELECT  `categories`.* FROM `categories` WHERE `categories`.`category_id` = 3 LIMIT 1[0m
  [1m[36mSubCategory Load (0.4ms)[0m  [1m[34mSELECT  `sub_categories`.* FROM `sub_categories` WHERE `sub_categories`.`sub_category_id` = 9 LIMIT 1[0m
  [1m[36mCACHE (0.0ms)[0m  [1m[34mSELECT  `categories`.* FROM `categories` WHERE `categories`.`category_id` = 3 LIMIT 1[0m  [["category_id", 3], ["LIMIT", 1]]
  [1m[36mCACHE (0.0ms)[0m  [1m[34mSELECT  `sub_categories`.* FROM `sub_categories` WHERE `sub_categories`.`sub_category_id` = 9 LIMIT 1[0m  [["sub_category_id", 9], ["LIMIT", 1]]
  [1m[36mCACHE (0.0ms)[0m  [1m[34mSELECT  `categories`.* FROM `categories` WHERE `categories`.`category_id` = 3 LIMIT 1[0m  [["category_id", 3], ["LIMIT", 1]]
  [1m[36mSubCategory Load (0.5ms)[0m  [1m[34mSELECT  `sub_categories`.* FROM `sub_categories` WHERE `sub_categories`.`sub_category_id` = 3 LIMIT 1[0m
  [1m[36mCACHE (0.0ms)[0m  [1m[34mSELECT  `categories`.* FROM `categories` WHERE `categories`.`category_id` = 1 LIMIT 1[0m  [["category_id", 1], ["LIMIT", 1]]
  [1m[36mSubCategory Load (0.6ms)[0m  [1m[34mSELECT  `sub_categories`.* FROM `sub_categories` WHERE `sub_categories`.`sub_category_id` = 2 LIMIT 1[0m
  Rendered items/index.html.erb within layouts/standard (19.7ms)
Completed 200 OK in 44ms (Views: 37.2ms | ActiveRecord: 4.7ms)


Started GET "/items/6" for 127.0.0.1 at 2017-05-20 18:27:57 +0530
Processing by ItemsController#show as HTML
  Parameters: {"id"=>"6"}
  [1m[36mItem Load (0.5ms)[0m  [1m[34mSELECT  `items`.* FROM `items` WHERE `items`.`item_id` = 6 LIMIT 1[0m
  [1m[36mCACHE (0.0ms)[0m  [1m[34mSELECT  `items`.* FROM `items` WHERE `items`.`item_id` = 6 LIMIT 1[0m  [["item_id", 6], ["LIMIT", 1]]
  [1m[36mCategory Load (0.5ms)[0m  [1m[34mSELECT  `categories`.* FROM `categories` WHERE `categories`.`category_id` = 1 LIMIT 1[0m
  [1m[36mSubCategory Load (0.4ms)[0m  [1m[34mSELECT  `sub_categories`.* FROM `sub_categories` WHERE `sub_categories`.`sub_category_id` = 2 LIMIT 1[0m
  Rendering items/show.html.erb within layouts/standard
  Rendered items/show.html.erb within layouts/standard (2.2ms)
  [1m[36mUser Load (0.4ms)[0m  [1m[34mSELECT  `users`.* FROM `users` WHERE `users`.`user_id` IS NULL LIMIT 1[0m
  [1m[36mSeller Load (0.5ms)[0m  [1m[34mSELECT  `sellers`.* FROM `sellers` WHERE `sellers`.`seller_id` = 'someone' LIMIT 1[0m
Completed 200 OK in 30ms (Views: 23.1ms | ActiveRecord: 2.5ms)


Started GET "/items" for 127.0.0.1 at 2017-05-20 18:47:57 +0530
Processing by ItemsController#index as HTML
  Rendering items/index.html.erb within layouts/standard
  [1m[36mItem Load (0.6ms)[0m  [1m[34mSELECT `items`.* FROM `items` WHERE (quantity > 0)[0m
  [1m[36mCategory Load (0.6ms)[0m  [1m[34mSELECT  `categories`.* FROM `categories` WHERE `categories`.`category_id` = 1 LIMIT 1[0m
  [1m[36mSubCategory Load (0.6ms)[0m  [1m[34mSELECT  `sub_categories`.* FROM `sub_categories` WHERE `sub_categories`.`sub_category_id` = 1 LIMIT 1[0m
  [1m[36mSeller Load (0.6ms)[0m  [1m[34mSELECT  `sellers`.* FROM `sellers` WHERE `sellers`.`seller_id` = 'someone' LIMIT 1[0m
  [1m[36mCACHE (0.0ms)[0m  [1m[34mSELECT  `categories`.* FROM `categories` WHERE `categories`.`category_id` = 1 LIMIT 1[0m  [["category_id", 1], ["LIMIT", 1]]
  [1m[36mCACHE (0.0ms)[0m  [1m[34mSELECT  `sub_categories`.* FROM `sub_categories` WHERE `sub_categories`.`sub_category_id` = 1 LIMIT 1[0m  [["sub_category_id", 1], ["LIMIT", 1]]
  [1m[36mCategory Load (0.4ms)[0m  [1m[34mSELECT  `categories`.* FROM `categories` WHERE `categories`.`category_id` = 3 LIMIT 1[0m
  [1m[36mSubCategory Load (0.4ms)[0m  [1m[34mSELECT  `sub_categories`.* FROM `sub_categories` WHERE `sub_categories`.`sub_category_id` = 9 LIMIT 1[0m
  [1m[36mCACHE (0.0ms)[0m  [1m[34mSELECT  `categories`.* FROM `categories` WHERE `categories`.`category_id` = 3 LIMIT 1[0m  [["category_id", 3], ["LIMIT", 1]]
  [1m[36mCACHE (0.0ms)[0m  [1m[34mSELECT  `sub_categories`.* FROM `sub_categories` WHERE `sub_categories`.`sub_category_id` = 9 LIMIT 1[0m  [["sub_category_id", 9], ["LIMIT", 1]]
  [1m[36mCACHE (0.0ms)[0m  [1m[34mSELECT  `categories`.* FROM `categories` WHERE `categories`.`category_id` = 3 LIMIT 1[0m  [["category_id", 3], ["LIMIT", 1]]
  [1m[36mSubCategory Load (0.4ms)[0m  [1m[34mSELECT  `sub_categories`.* FROM `sub_categories` WHERE `sub_categories`.`sub_category_id` = 3 LIMIT 1[0m
  [1m[36mCACHE (0.0ms)[0m  [1m[34mSELECT  `categories`.* FROM `categories` WHERE `categories`.`category_id` = 1 LIMIT 1[0m  [["category_id", 1], ["LIMIT", 1]]
  [1m[36mSubCategory Load (0.4ms)[0m  [1m[34mSELECT  `sub_categories`.* FROM `sub_categories` WHERE `sub_categories`.`sub_category_id` = 2 LIMIT 1[0m
  Rendered items/index.html.erb within layouts/standard (16.7ms)
Completed 200 OK in 38ms (Views: 31.5ms | ActiveRecord: 4.1ms)


Started GET "/items/1" for 127.0.0.1 at 2017-05-20 18:48:55 +0530
Processing by ItemsController#show as HTML
  Parameters: {"id"=>"1"}
  [1m[36mItem Load (0.6ms)[0m  [1m[34mSELECT  `items`.* FROM `items` WHERE `items`.`item_id` = 1 LIMIT 1[0m
  [1m[36mCACHE (0.0ms)[0m  [1m[34mSELECT  `items`.* FROM `items` WHERE `items`.`item_id` = 1 LIMIT 1[0m  [["item_id", 1], ["LIMIT", 1]]
  [1m[36mCategory Load (0.5ms)[0m  [1m[34mSELECT  `categories`.* FROM `categories` WHERE `categories`.`category_id` = 1 LIMIT 1[0m
  [1m[36mSubCategory Load (0.5ms)[0m  [1m[34mSELECT  `sub_categories`.* FROM `sub_categories` WHERE `sub_categories`.`sub_category_id` = 1 LIMIT 1[0m
  Rendering items/show.html.erb within layouts/standard
  Rendered items/show.html.erb within layouts/standard (2.1ms)
  [1m[36mUser Load (0.5ms)[0m  [1m[34mSELECT  `users`.* FROM `users` WHERE `users`.`user_id` IS NULL LIMIT 1[0m
  [1m[36mSeller Load (0.6ms)[0m  [1m[34mSELECT  `sellers`.* FROM `sellers` WHERE `sellers`.`seller_id` = 'someone' LIMIT 1[0m
Completed 200 OK in 41ms (Views: 30.1ms | ActiveRecord: 2.8ms)


Started GET "/items" for 127.0.0.1 at 2017-05-20 18:57:44 +0530
Processing by ItemsController#index as HTML
  Rendering items/index.html.erb within layouts/standard
  [1m[36mItem Load (0.4ms)[0m  [1m[34mSELECT `items`.* FROM `items` WHERE (quantity > 0)[0m
  [1m[36mCategory Load (0.3ms)[0m  [1m[34mSELECT  `categories`.* FROM `categories` WHERE `categories`.`category_id` = 1 LIMIT 1[0m
  [1m[36mSubCategory Load (0.4ms)[0m  [1m[34mSELECT  `sub_categories`.* FROM `sub_categories` WHERE `sub_categories`.`sub_category_id` = 1 LIMIT 1[0m
  [1m[36mSeller Load (0.3ms)[0m  [1m[34mSELECT  `sellers`.* FROM `sellers` WHERE `sellers`.`seller_id` = 'someone' LIMIT 1[0m
  [1m[36mCACHE (0.0ms)[0m  [1m[34mSELECT  `categories`.* FROM `categories` WHERE `categories`.`category_id` = 1 LIMIT 1[0m  [["category_id", 1], ["LIMIT", 1]]
  [1m[36mCACHE (0.0ms)[0m  [1m[34mSELECT  `sub_categories`.* FROM `sub_categories` WHERE `sub_categories`.`sub_category_id` = 1 LIMIT 1[0m  [["sub_category_id", 1], ["LIMIT", 1]]
  [1m[36mCategory Load (0.5ms)[0m  [1m[34mSELECT  `categories`.* FROM `categories` WHERE `categories`.`category_id` = 3 LIMIT 1[0m
  [1m[36mSubCategory Load (0.4ms)[0m  [1m[34mSELECT  `sub_categories`.* FROM `sub_categories` WHERE `sub_categories`.`sub_category_id` = 9 LIMIT 1[0m
  [1m[36mCACHE (0.0ms)[0m  [1m[34mSELECT  `categories`.* FROM `categories` WHERE `categories`.`category_id` = 3 LIMIT 1[0m  [["category_id", 3], ["LIMIT", 1]]
  [1m[36mCACHE (0.0ms)[0m  [1m[34mSELECT  `sub_categories`.* FROM `sub_categories` WHERE `sub_categories`.`sub_category_id` = 9 LIMIT 1[0m  [["sub_category_id", 9], ["LIMIT", 1]]
  [1m[36mCACHE (0.0ms)[0m  [1m[34mSELECT  `categories`.* FROM `categories` WHERE `categories`.`category_id` = 3 LIMIT 1[0m  [["category_id", 3], ["LIMIT", 1]]
  [1m[36mSubCategory Load (0.4ms)[0m  [1m[34mSELECT  `sub_categories`.* FROM `sub_categories` WHERE `sub_categories`.`sub_category_id` = 3 LIMIT 1[0m
  [1m[36mCACHE (0.0ms)[0m  [1m[34mSELECT  `categories`.* FROM `categories` WHERE `categories`.`category_id` = 1 LIMIT 1[0m  [["category_id", 1], ["LIMIT", 1]]
  [1m[36mSubCategory Load (0.4ms)[0m  [1m[34mSELECT  `sub_categories`.* FROM `sub_categories` WHERE `sub_categories`.`sub_category_id` = 2 LIMIT 1[0m
  Rendered items/index.html.erb within layouts/standard (49.9ms)
  [1m[36mUser Load (0.4ms)[0m  [1m[34mSELECT  `users`.* FROM `users` WHERE `users`.`user_id` IS NULL LIMIT 1[0m
Completed 200 OK in 86ms (Views: 64.4ms | ActiveRecord: 9.7ms)


Started GET "/items/5" for 127.0.0.1 at 2017-05-20 18:57:48 +0530
Processing by ItemsController#show as HTML
  Parameters: {"id"=>"5"}
  [1m[36mItem Load (0.6ms)[0m  [1m[34mSELECT  `items`.* FROM `items` WHERE `items`.`item_id` = 5 LIMIT 1[0m
  [1m[36mUser Load (0.4ms)[0m  [1m[34mSELECT  `users`.* FROM `users` WHERE `users`.`user_id` IS NULL LIMIT 1[0m
  [1m[36mCACHE (0.0ms)[0m  [1m[34mSELECT  `items`.* FROM `items` WHERE `items`.`item_id` = 5 LIMIT 1[0m  [["item_id", 5], ["LIMIT", 1]]
  [1m[36mCategory Load (0.5ms)[0m  [1m[34mSELECT  `categories`.* FROM `categories` WHERE `categories`.`category_id` = 3 LIMIT 1[0m
  [1m[36mSubCategory Load (0.8ms)[0m  [1m[34mSELECT  `sub_categories`.* FROM `sub_categories` WHERE `sub_categories`.`sub_category_id` = 3 LIMIT 1[0m
  Rendering items/show.html.erb within layouts/standard
  [1m[36mCACHE (0.0ms)[0m  [1m[34mSELECT  `users`.* FROM `users` WHERE `users`.`user_id` IS NULL LIMIT 1[0m  [["LIMIT", 1]]
  Rendered items/show.html.erb within layouts/standard (3.6ms)
  [1m[36mCACHE (0.0ms)[0m  [1m[34mSELECT  `users`.* FROM `users` WHERE `users`.`user_id` IS NULL LIMIT 1[0m  [["LIMIT", 1]]
  [1m[36mSeller Load (1.5ms)[0m  [1m[34mSELECT  `sellers`.* FROM `sellers` WHERE `sellers`.`seller_id` = 'someone' LIMIT 1[0m
Completed 200 OK in 36ms (Views: 24.4ms | ActiveRecord: 3.8ms)


Started GET "/items/5" for 127.0.0.1 at 2017-05-20 18:58:05 +0530
Processing by ItemsController#show as HTML
  Parameters: {"id"=>"5"}
  [1m[36mItem Load (0.6ms)[0m  [1m[34mSELECT  `items`.* FROM `items` WHERE `items`.`item_id` = 5 LIMIT 1[0m
  [1m[36mUser Load (0.4ms)[0m  [1m[34mSELECT  `users`.* FROM `users` WHERE `users`.`user_id` IS NULL LIMIT 1[0m
  [1m[36mCACHE (0.0ms)[0m  [1m[34mSELECT  `items`.* FROM `items` WHERE `items`.`item_id` = 5 LIMIT 1[0m  [["item_id", 5], ["LIMIT", 1]]
  [1m[36mCategory Load (0.5ms)[0m  [1m[34mSELECT  `categories`.* FROM `categories` WHERE `categories`.`category_id` = 3 LIMIT 1[0m
  [1m[36mSubCategory Load (0.6ms)[0m  [1m[34mSELECT  `sub_categories`.* FROM `sub_categories` WHERE `sub_categories`.`sub_category_id` = 3 LIMIT 1[0m
  Rendering items/show.html.erb within layouts/standard
  [1m[36mCACHE (0.0ms)[0m  [1m[34mSELECT  `users`.* FROM `users` WHERE `users`.`user_id` IS NULL LIMIT 1[0m  [["LIMIT", 1]]
  Rendered items/show.html.erb within layouts/standard (2.9ms)
  [1m[36mCACHE (0.0ms)[0m  [1m[34mSELECT  `users`.* FROM `users` WHERE `users`.`user_id` IS NULL LIMIT 1[0m  [["LIMIT", 1]]
  [1m[36mSeller Load (0.5ms)[0m  [1m[34mSELECT  `sellers`.* FROM `sellers` WHERE `sellers`.`seller_id` = 'someone' LIMIT 1[0m
Completed 200 OK in 33ms (Views: 24.5ms | ActiveRecord: 2.7ms)


Started GET "/items" for 127.0.0.1 at 2017-05-20 18:58:08 +0530
Processing by ItemsController#index as HTML
  Rendering items/index.html.erb within layouts/standard
  [1m[36mItem Load (0.5ms)[0m  [1m[34mSELECT `items`.* FROM `items` WHERE (quantity > 0)[0m
  [1m[36mCategory Load (0.5ms)[0m  [1m[34mSELECT  `categories`.* FROM `categories` WHERE `categories`.`category_id` = 1 LIMIT 1[0m
  [1m[36mSubCategory Load (0.5ms)[0m  [1m[34mSELECT  `sub_categories`.* FROM `sub_categories` WHERE `sub_categories`.`sub_category_id` = 1 LIMIT 1[0m
  [1m[36mSeller Load (0.5ms)[0m  [1m[34mSELECT  `sellers`.* FROM `sellers` WHERE `sellers`.`seller_id` = 'someone' LIMIT 1[0m
  [1m[36mCACHE (0.0ms)[0m  [1m[34mSELECT  `categories`.* FROM `categories` WHERE `categories`.`category_id` = 1 LIMIT 1[0m  [["category_id", 1], ["LIMIT", 1]]
  [1m[36mCACHE (0.0ms)[0m  [1m[34mSELECT  `sub_categories`.* FROM `sub_categories` WHERE `sub_categories`.`sub_category_id` = 1 LIMIT 1[0m  [["sub_category_id", 1], ["LIMIT", 1]]
  [1m[36mCategory Load (0.5ms)[0m  [1m[34mSELECT  `categories`.* FROM `categories` WHERE `categories`.`category_id` = 3 LIMIT 1[0m
  [1m[36mSubCategory Load (0.5ms)[0m  [1m[34mSELECT  `sub_categories`.* FROM `sub_categories` WHERE `sub_categories`.`sub_category_id` = 9 LIMIT 1[0m
  [1m[36mCACHE (0.0ms)[0m  [1m[34mSELECT  `categories`.* FROM `categories` WHERE `categories`.`category_id` = 3 LIMIT 1[0m  [["category_id", 3], ["LIMIT", 1]]
  [1m[36mCACHE (0.0ms)[0m  [1m[34mSELECT  `sub_categories`.* FROM `sub_categories` WHERE `sub_categories`.`sub_category_id` = 9 LIMIT 1[0m  [["sub_category_id", 9], ["LIMIT", 1]]
  [1m[36mCACHE (0.0ms)[0m  [1m[34mSELECT  `categories`.* FROM `categories` WHERE `categories`.`category_id` = 3 LIMIT 1[0m  [["category_id", 3], ["LIMIT", 1]]
  [1m[36mSubCategory Load (0.5ms)[0m  [1m[34mSELECT  `sub_categories`.* FROM `sub_categories` WHERE `sub_categories`.`sub_category_id` = 3 LIMIT 1[0m
  [1m[36mCACHE (0.0ms)[0m  [1m[34mSELECT  `categories`.* FROM `categories` WHERE `categories`.`category_id` = 1 LIMIT 1[0m  [["category_id", 1], ["LIMIT", 1]]
  [1m[36mSubCategory Load (0.6ms)[0m  [1m[34mSELECT  `sub_categories`.* FROM `sub_categories` WHERE `sub_categories`.`sub_category_id` = 2 LIMIT 1[0m
  Rendered items/index.html.erb within layouts/standard (19.5ms)
  [1m[36mUser Load (0.4ms)[0m  [1m[34mSELECT  `users`.* FROM `users` WHERE `users`.`user_id` IS NULL LIMIT 1[0m
Completed 200 OK in 58ms (Views: 51.4ms | ActiveRecord: 4.7ms)


Started GET "/items/6" for 127.0.0.1 at 2017-05-20 18:58:09 +0530
Processing by ItemsController#show as HTML
  Parameters: {"id"=>"6"}
  [1m[36mItem Load (0.7ms)[0m  [1m[34mSELECT  `items`.* FROM `items` WHERE `items`.`item_id` = 6 LIMIT 1[0m
  [1m[36mUser Load (0.4ms)[0m  [1m[34mSELECT  `users`.* FROM `users` WHERE `users`.`user_id` IS NULL LIMIT 1[0m
  [1m[36mCACHE (0.0ms)[0m  [1m[34mSELECT  `items`.* FROM `items` WHERE `items`.`item_id` = 6 LIMIT 1[0m  [["item_id", 6], ["LIMIT", 1]]
  [1m[36mCategory Load (0.5ms)[0m  [1m[34mSELECT  `categories`.* FROM `categories` WHERE `categories`.`category_id` = 1 LIMIT 1[0m
  [1m[36mSubCategory Load (0.4ms)[0m  [1m[34mSELECT  `sub_categories`.* FROM `sub_categories` WHERE `sub_categories`.`sub_category_id` = 2 LIMIT 1[0m
  Rendering items/show.html.erb within layouts/standard
  [1m[36mCACHE (0.0ms)[0m  [1m[34mSELECT  `users`.* FROM `users` WHERE `users`.`user_id` IS NULL LIMIT 1[0m  [["LIMIT", 1]]
  Rendered items/show.html.erb within layouts/standard (2.5ms)
  [1m[36mCACHE (0.0ms)[0m  [1m[34mSELECT  `users`.* FROM `users` WHERE `users`.`user_id` IS NULL LIMIT 1[0m  [["LIMIT", 1]]
  [1m[36mSeller Load (0.6ms)[0m  [1m[34mSELECT  `sellers`.* FROM `sellers` WHERE `sellers`.`seller_id` = 'someone' LIMIT 1[0m
Completed 200 OK in 33ms (Views: 24.2ms | ActiveRecord: 2.5ms)


Started GET "/items" for 127.0.0.1 at 2017-05-20 18:58:11 +0530
Processing by ItemsController#index as HTML
  Rendering items/index.html.erb within layouts/standard
  [1m[36mItem Load (0.5ms)[0m  [1m[34mSELECT `items`.* FROM `items` WHERE (quantity > 0)[0m
  [1m[36mCategory Load (0.5ms)[0m  [1m[34mSELECT  `categories`.* FROM `categories` WHERE `categories`.`category_id` = 1 LIMIT 1[0m
  [1m[36mSubCategory Load (0.5ms)[0m  [1m[34mSELECT  `sub_categories`.* FROM `sub_categories` WHERE `sub_categories`.`sub_category_id` = 1 LIMIT 1[0m
  [1m[36mSeller Load (0.5ms)[0m  [1m[34mSELECT  `sellers`.* FROM `sellers` WHERE `sellers`.`seller_id` = 'someone' LIMIT 1[0m
  [1m[36mCACHE (0.0ms)[0m  [1m[34mSELECT  `categories`.* FROM `categories` WHERE `categories`.`category_id` = 1 LIMIT 1[0m  [["category_id", 1], ["LIMIT", 1]]
  [1m[36mCACHE (0.0ms)[0m  [1m[34mSELECT  `sub_categories`.* FROM `sub_categories` WHERE `sub_categories`.`sub_category_id` = 1 LIMIT 1[0m  [["sub_category_id", 1], ["LIMIT", 1]]
  [1m[36mCategory Load (0.5ms)[0m  [1m[34mSELECT  `categories`.* FROM `categories` WHERE `categories`.`category_id` = 3 LIMIT 1[0m
  [1m[36mSubCategory Load (0.4ms)[0m  [1m[34mSELECT  `sub_categories`.* FROM `sub_categories` WHERE `sub_categories`.`sub_category_id` = 9 LIMIT 1[0m
  [1m[36mCACHE (0.0ms)[0m  [1m[34mSELECT  `categories`.* FROM `categories` WHERE `categories`.`category_id` = 3 LIMIT 1[0m  [["category_id", 3], ["LIMIT", 1]]
  [1m[36mCACHE (0.0ms)[0m  [1m[34mSELECT  `sub_categories`.* FROM `sub_categories` WHERE `sub_categories`.`sub_category_id` = 9 LIMIT 1[0m  [["sub_category_id", 9], ["LIMIT", 1]]
  [1m[36mCACHE (0.0ms)[0m  [1m[34mSELECT  `categories`.* FROM `categories` WHERE `categories`.`category_id` = 3 LIMIT 1[0m  [["category_id", 3], ["LIMIT", 1]]
  [1m[36mSubCategory Load (0.6ms)[0m  [1m[34mSELECT  `sub_categories`.* FROM `sub_categories` WHERE `sub_categories`.`sub_category_id` = 3 LIMIT 1[0m
  [1m[36mCACHE (0.0ms)[0m  [1m[34mSELECT  `categories`.* FROM `categories` WHERE `categories`.`category_id` = 1 LIMIT 1[0m  [["category_id", 1], ["LIMIT", 1]]
  [1m[36mSubCategory Load (0.5ms)[0m  [1m[34mSELECT  `sub_categories`.* FROM `sub_categories` WHERE `sub_categories`.`sub_category_id` = 2 LIMIT 1[0m
  Rendered items/index.html.erb within layouts/standard (20.5ms)
  [1m[36mUser Load (0.4ms)[0m  [1m[34mSELECT  `users`.* FROM `users` WHERE `users`.`user_id` IS NULL LIMIT 1[0m
Completed 200 OK in 45ms (Views: 38.8ms | ActiveRecord: 4.6ms)


Started GET "/items" for 127.0.0.1 at 2017-05-20 18:59:43 +0530
Processing by ItemsController#index as HTML
  Rendering items/index.html.erb within layouts/standard
  [1m[36mItem Load (0.5ms)[0m  [1m[34mSELECT `items`.* FROM `items` WHERE (quantity > 0)[0m
  [1m[36mCategory Load (0.6ms)[0m  [1m[34mSELECT  `categories`.* FROM `categories` WHERE `categories`.`category_id` = 1 LIMIT 1[0m
  [1m[36mSubCategory Load (0.5ms)[0m  [1m[34mSELECT  `sub_categories`.* FROM `sub_categories` WHERE `sub_categories`.`sub_category_id` = 1 LIMIT 1[0m
  [1m[36mSeller Load (0.6ms)[0m  [1m[34mSELECT  `sellers`.* FROM `sellers` WHERE `sellers`.`seller_id` = 'someone' LIMIT 1[0m
  [1m[36mCACHE (0.0ms)[0m  [1m[34mSELECT  `categories`.* FROM `categories` WHERE `categories`.`category_id` = 1 LIMIT 1[0m  [["category_id", 1], ["LIMIT", 1]]
  [1m[36mCACHE (0.0ms)[0m  [1m[34mSELECT  `sub_categories`.* FROM `sub_categories` WHERE `sub_categories`.`sub_category_id` = 1 LIMIT 1[0m  [["sub_category_id", 1], ["LIMIT", 1]]
  [1m[36mCategory Load (0.5ms)[0m  [1m[34mSELECT  `categories`.* FROM `categories` WHERE `categories`.`category_id` = 3 LIMIT 1[0m
  [1m[36mSubCategory Load (0.3ms)[0m  [1m[34mSELECT  `sub_categories`.* FROM `sub_categories` WHERE `sub_categories`.`sub_category_id` = 9 LIMIT 1[0m
  [1m[36mCACHE (0.0ms)[0m  [1m[34mSELECT  `categories`.* FROM `categories` WHERE `categories`.`category_id` = 3 LIMIT 1[0m  [["category_id", 3], ["LIMIT", 1]]
  [1m[36mCACHE (0.0ms)[0m  [1m[34mSELECT  `sub_categories`.* FROM `sub_categories` WHERE `sub_categories`.`sub_category_id` = 9 LIMIT 1[0m  [["sub_category_id", 9], ["LIMIT", 1]]
  [1m[36mCACHE (0.0ms)[0m  [1m[34mSELECT  `categories`.* FROM `categories` WHERE `categories`.`category_id` = 3 LIMIT 1[0m  [["category_id", 3], ["LIMIT", 1]]
  [1m[36mSubCategory Load (0.4ms)[0m  [1m[34mSELECT  `sub_categories`.* FROM `sub_categories` WHERE `sub_categories`.`sub_category_id` = 3 LIMIT 1[0m
  [1m[36mCACHE (0.0ms)[0m  [1m[34mSELECT  `categories`.* FROM `categories` WHERE `categories`.`category_id` = 1 LIMIT 1[0m  [["category_id", 1], ["LIMIT", 1]]
  [1m[36mSubCategory Load (0.4ms)[0m  [1m[34mSELECT  `sub_categories`.* FROM `sub_categories` WHERE `sub_categories`.`sub_category_id` = 2 LIMIT 1[0m
  Rendered items/index.html.erb within layouts/standard (17.9ms)
  [1m[36mUser Load (0.4ms)[0m  [1m[34mSELECT  `users`.* FROM `users` WHERE `users`.`user_id` IS NULL LIMIT 1[0m
Completed 200 OK in 39ms (Views: 32.6ms | ActiveRecord: 4.3ms)


Started GET "/items/6" for 127.0.0.1 at 2017-05-20 18:59:46 +0530
Processing by ItemsController#show as HTML
  Parameters: {"id"=>"6"}
  [1m[36mItem Load (0.5ms)[0m  [1m[34mSELECT  `items`.* FROM `items` WHERE `items`.`item_id` = 6 LIMIT 1[0m
  [1m[36mUser Load (0.3ms)[0m  [1m[34mSELECT  `users`.* FROM `users` WHERE `users`.`user_id` IS NULL LIMIT 1[0m
  [1m[36mCACHE (0.0ms)[0m  [1m[34mSELECT  `items`.* FROM `items` WHERE `items`.`item_id` = 6 LIMIT 1[0m  [["item_id", 6], ["LIMIT", 1]]
  [1m[36mCategory Load (0.5ms)[0m  [1m[34mSELECT  `categories`.* FROM `categories` WHERE `categories`.`category_id` = 1 LIMIT 1[0m
  [1m[36mSubCategory Load (0.4ms)[0m  [1m[34mSELECT  `sub_categories`.* FROM `sub_categories` WHERE `sub_categories`.`sub_category_id` = 2 LIMIT 1[0m
  Rendering items/show.html.erb within layouts/standard
  [1m[36mSeller Load (0.5ms)[0m  [1m[34mSELECT  `sellers`.* FROM `sellers` WHERE `sellers`.`seller_id` = 'someone' LIMIT 1[0m
  Rendered items/show.html.erb within layouts/standard (3.7ms)
  [1m[36mCACHE (0.0ms)[0m  [1m[34mSELECT  `users`.* FROM `users` WHERE `users`.`user_id` IS NULL LIMIT 1[0m  [["LIMIT", 1]]
Completed 200 OK in 34ms (Views: 26.0ms | ActiveRecord: 2.3ms)


Started GET "/items" for 127.0.0.1 at 2017-05-20 18:59:47 +0530
Processing by ItemsController#index as HTML
  Rendering items/index.html.erb within layouts/standard
  [1m[36mItem Load (0.5ms)[0m  [1m[34mSELECT `items`.* FROM `items` WHERE (quantity > 0)[0m
  [1m[36mCategory Load (0.5ms)[0m  [1m[34mSELECT  `categories`.* FROM `categories` WHERE `categories`.`category_id` = 1 LIMIT 1[0m
  [1m[36mSubCategory Load (0.5ms)[0m  [1m[34mSELECT  `sub_categories`.* FROM `sub_categories` WHERE `sub_categories`.`sub_category_id` = 1 LIMIT 1[0m
  [1m[36mSeller Load (0.5ms)[0m  [1m[34mSELECT  `sellers`.* FROM `sellers` WHERE `sellers`.`seller_id` = 'someone' LIMIT 1[0m
  [1m[36mCACHE (0.0ms)[0m  [1m[34mSELECT  `categories`.* FROM `categories` WHERE `categories`.`category_id` = 1 LIMIT 1[0m  [["category_id", 1], ["LIMIT", 1]]
  [1m[36mCACHE (0.0ms)[0m  [1m[34mSELECT  `sub_categories`.* FROM `sub_categories` WHERE `sub_categories`.`sub_category_id` = 1 LIMIT 1[0m  [["sub_category_id", 1], ["LIMIT", 1]]
  [1m[36mCategory Load (0.5ms)[0m  [1m[34mSELECT  `categories`.* FROM `categories` WHERE `categories`.`category_id` = 3 LIMIT 1[0m
  [1m[36mSubCategory Load (0.4ms)[0m  [1m[34mSELECT  `sub_categories`.* FROM `sub_categories` WHERE `sub_categories`.`sub_category_id` = 9 LIMIT 1[0m
  [1m[36mCACHE (0.0ms)[0m  [1m[34mSELECT  `categories`.* FROM `categories` WHERE `categories`.`category_id` = 3 LIMIT 1[0m  [["category_id", 3], ["LIMIT", 1]]
  [1m[36mCACHE (0.0ms)[0m  [1m[34mSELECT  `sub_categories`.* FROM `sub_categories` WHERE `sub_categories`.`sub_category_id` = 9 LIMIT 1[0m  [["sub_category_id", 9], ["LIMIT", 1]]
  [1m[36mCACHE (0.0ms)[0m  [1m[34mSELECT  `categories`.* FROM `categories` WHERE `categories`.`category_id` = 3 LIMIT 1[0m  [["category_id", 3], ["LIMIT", 1]]
  [1m[36mSubCategory Load (0.6ms)[0m  [1m[34mSELECT  `sub_categories`.* FROM `sub_categories` WHERE `sub_categories`.`sub_category_id` = 3 LIMIT 1[0m
  [1m[36mCACHE (0.0ms)[0m  [1m[34mSELECT  `categories`.* FROM `categories` WHERE `categories`.`category_id` = 1 LIMIT 1[0m  [["category_id", 1], ["LIMIT", 1]]
  [1m[36mSubCategory Load (0.6ms)[0m  [1m[34mSELECT  `sub_categories`.* FROM `sub_categories` WHERE `sub_categories`.`sub_category_id` = 2 LIMIT 1[0m
  Rendered items/index.html.erb within layouts/standard (21.0ms)
  [1m[36mUser Load (0.4ms)[0m  [1m[34mSELECT  `users`.* FROM `users` WHERE `users`.`user_id` IS NULL LIMIT 1[0m
Completed 200 OK in 47ms (Views: 40.7ms | ActiveRecord: 4.7ms)


Started GET "/items/5" for 127.0.0.1 at 2017-05-20 18:59:49 +0530
Processing by ItemsController#show as HTML
  Parameters: {"id"=>"5"}
  [1m[36mItem Load (0.7ms)[0m  [1m[34mSELECT  `items`.* FROM `items` WHERE `items`.`item_id` = 5 LIMIT 1[0m
  [1m[36mUser Load (0.4ms)[0m  [1m[34mSELECT  `users`.* FROM `users` WHERE `users`.`user_id` IS NULL LIMIT 1[0m
  [1m[36mCACHE (0.0ms)[0m  [1m[34mSELECT  `items`.* FROM `items` WHERE `items`.`item_id` = 5 LIMIT 1[0m  [["item_id", 5], ["LIMIT", 1]]
  [1m[36mCategory Load (0.8ms)[0m  [1m[34mSELECT  `categories`.* FROM `categories` WHERE `categories`.`category_id` = 3 LIMIT 1[0m
  [1m[36mSubCategory Load (0.6ms)[0m  [1m[34mSELECT  `sub_categories`.* FROM `sub_categories` WHERE `sub_categories`.`sub_category_id` = 3 LIMIT 1[0m
  Rendering items/show.html.erb within layouts/standard
  [1m[36mSeller Load (0.5ms)[0m  [1m[34mSELECT  `sellers`.* FROM `sellers` WHERE `sellers`.`seller_id` = 'someone' LIMIT 1[0m
  Rendered items/show.html.erb within layouts/standard (3.6ms)
  [1m[36mCACHE (0.0ms)[0m  [1m[34mSELECT  `users`.* FROM `users` WHERE `users`.`user_id` IS NULL LIMIT 1[0m  [["LIMIT", 1]]
Completed 200 OK in 49ms (Views: 39.2ms | ActiveRecord: 3.1ms)


Started GET "/items" for 127.0.0.1 at 2017-05-20 18:59:51 +0530
Processing by ItemsController#index as HTML
  Rendering items/index.html.erb within layouts/standard
  [1m[36mItem Load (0.5ms)[0m  [1m[34mSELECT `items`.* FROM `items` WHERE (quantity > 0)[0m
  [1m[36mCategory Load (0.5ms)[0m  [1m[34mSELECT  `categories`.* FROM `categories` WHERE `categories`.`category_id` = 1 LIMIT 1[0m
  [1m[36mSubCategory Load (0.5ms)[0m  [1m[34mSELECT  `sub_categories`.* FROM `sub_categories` WHERE `sub_categories`.`sub_category_id` = 1 LIMIT 1[0m
  [1m[36mSeller Load (0.6ms)[0m  [1m[34mSELECT  `sellers`.* FROM `sellers` WHERE `sellers`.`seller_id` = 'someone' LIMIT 1[0m
  [1m[36mCACHE (0.0ms)[0m  [1m[34mSELECT  `categories`.* FROM `categories` WHERE `categories`.`category_id` = 1 LIMIT 1[0m  [["category_id", 1], ["LIMIT", 1]]
  [1m[36mCACHE (0.0ms)[0m  [1m[34mSELECT  `sub_categories`.* FROM `sub_categories` WHERE `sub_categories`.`sub_category_id` = 1 LIMIT 1[0m  [["sub_category_id", 1], ["LIMIT", 1]]
  [1m[36mCategory Load (0.6ms)[0m  [1m[34mSELECT  `categories`.* FROM `categories` WHERE `categories`.`category_id` = 3 LIMIT 1[0m
  [1m[36mSubCategory Load (0.5ms)[0m  [1m[34mSELECT  `sub_categories`.* FROM `sub_categories` WHERE `sub_categories`.`sub_category_id` = 9 LIMIT 1[0m
  [1m[36mCACHE (0.0ms)[0m  [1m[34mSELECT  `categories`.* FROM `categories` WHERE `categories`.`category_id` = 3 LIMIT 1[0m  [["category_id", 3], ["LIMIT", 1]]
  [1m[36mCACHE (0.0ms)[0m  [1m[34mSELECT  `sub_categories`.* FROM `sub_categories` WHERE `sub_categories`.`sub_category_id` = 9 LIMIT 1[0m  [["sub_category_id", 9], ["LIMIT", 1]]
  [1m[36mCACHE (0.0ms)[0m  [1m[34mSELECT  `categories`.* FROM `categories` WHERE `categories`.`category_id` = 3 LIMIT 1[0m  [["category_id", 3], ["LIMIT", 1]]
  [1m[36mSubCategory Load (0.5ms)[0m  [1m[34mSELECT  `sub_categories`.* FROM `sub_categories` WHERE `sub_categories`.`sub_category_id` = 3 LIMIT 1[0m
  [1m[36mCACHE (0.0ms)[0m  [1m[34mSELECT  `categories`.* FROM `categories` WHERE `categories`.`category_id` = 1 LIMIT 1[0m  [["category_id", 1], ["LIMIT", 1]]
  [1m[36mSubCategory Load (0.5ms)[0m  [1m[34mSELECT  `sub_categories`.* FROM `sub_categories` WHERE `sub_categories`.`sub_category_id` = 2 LIMIT 1[0m
  Rendered items/index.html.erb within layouts/standard (20.5ms)
  [1m[36mUser Load (0.4ms)[0m  [1m[34mSELECT  `users`.* FROM `users` WHERE `users`.`user_id` IS NULL LIMIT 1[0m
Completed 200 OK in 49ms (Views: 42.9ms | ActiveRecord: 4.8ms)


Started GET "/items/4" for 127.0.0.1 at 2017-05-20 18:59:52 +0530
Processing by ItemsController#show as HTML
  Parameters: {"id"=>"4"}
  [1m[36mItem Load (0.6ms)[0m  [1m[34mSELECT  `items`.* FROM `items` WHERE `items`.`item_id` = 4 LIMIT 1[0m
  [1m[36mUser Load (0.3ms)[0m  [1m[34mSELECT  `users`.* FROM `users` WHERE `users`.`user_id` IS NULL LIMIT 1[0m
  [1m[36mCACHE (0.0ms)[0m  [1m[34mSELECT  `items`.* FROM `items` WHERE `items`.`item_id` = 4 LIMIT 1[0m  [["item_id", 4], ["LIMIT", 1]]
  [1m[36mCategory Load (0.5ms)[0m  [1m[34mSELECT  `categories`.* FROM `categories` WHERE `categories`.`category_id` = 3 LIMIT 1[0m
  [1m[36mSubCategory Load (0.4ms)[0m  [1m[34mSELECT  `sub_categories`.* FROM `sub_categories` WHERE `sub_categories`.`sub_category_id` = 9 LIMIT 1[0m
  Rendering items/show.html.erb within layouts/standard
  [1m[36mSeller Load (0.5ms)[0m  [1m[34mSELECT  `sellers`.* FROM `sellers` WHERE `sellers`.`seller_id` = 'someone' LIMIT 1[0m
  Rendered items/show.html.erb within layouts/standard (4.1ms)
  [1m[36mCACHE (0.0ms)[0m  [1m[34mSELECT  `users`.* FROM `users` WHERE `users`.`user_id` IS NULL LIMIT 1[0m  [["LIMIT", 1]]
Completed 200 OK in 39ms (Views: 29.5ms | ActiveRecord: 2.5ms)


Started GET "/items" for 127.0.0.1 at 2017-05-20 18:59:54 +0530
Processing by ItemsController#index as HTML
  Rendering items/index.html.erb within layouts/standard
  [1m[36mItem Load (0.5ms)[0m  [1m[34mSELECT `items`.* FROM `items` WHERE (quantity > 0)[0m
  [1m[36mCategory Load (0.5ms)[0m  [1m[34mSELECT  `categories`.* FROM `categories` WHERE `categories`.`category_id` = 1 LIMIT 1[0m
  [1m[36mSubCategory Load (0.4ms)[0m  [1m[34mSELECT  `sub_categories`.* FROM `sub_categories` WHERE `sub_categories`.`sub_category_id` = 1 LIMIT 1[0m
  [1m[36mSeller Load (0.5ms)[0m  [1m[34mSELECT  `sellers`.* FROM `sellers` WHERE `sellers`.`seller_id` = 'someone' LIMIT 1[0m
  [1m[36mCACHE (0.0ms)[0m  [1m[34mSELECT  `categories`.* FROM `categories` WHERE `categories`.`category_id` = 1 LIMIT 1[0m  [["category_id", 1], ["LIMIT", 1]]
  [1m[36mCACHE (0.0ms)[0m  [1m[34mSELECT  `sub_categories`.* FROM `sub_categories` WHERE `sub_categories`.`sub_category_id` = 1 LIMIT 1[0m  [["sub_category_id", 1], ["LIMIT", 1]]
  [1m[36mCategory Load (0.5ms)[0m  [1m[34mSELECT  `categories`.* FROM `categories` WHERE `categories`.`category_id` = 3 LIMIT 1[0m
  [1m[36mSubCategory Load (0.4ms)[0m  [1m[34mSELECT  `sub_categories`.* FROM `sub_categories` WHERE `sub_categories`.`sub_category_id` = 9 LIMIT 1[0m
  [1m[36mCACHE (0.0ms)[0m  [1m[34mSELECT  `categories`.* FROM `categories` WHERE `categories`.`category_id` = 3 LIMIT 1[0m  [["category_id", 3], ["LIMIT", 1]]
  [1m[36mCACHE (0.0ms)[0m  [1m[34mSELECT  `sub_categories`.* FROM `sub_categories` WHERE `sub_categories`.`sub_category_id` = 9 LIMIT 1[0m  [["sub_category_id", 9], ["LIMIT", 1]]
  [1m[36mCACHE (0.0ms)[0m  [1m[34mSELECT  `categories`.* FROM `categories` WHERE `categories`.`category_id` = 3 LIMIT 1[0m  [["category_id", 3], ["LIMIT", 1]]
  [1m[36mSubCategory Load (0.5ms)[0m  [1m[34mSELECT  `sub_categories`.* FROM `sub_categories` WHERE `sub_categories`.`sub_category_id` = 3 LIMIT 1[0m
  [1m[36mCACHE (0.0ms)[0m  [1m[34mSELECT  `categories`.* FROM `categories` WHERE `categories`.`category_id` = 1 LIMIT 1[0m  [["category_id", 1], ["LIMIT", 1]]
  [1m[36mSubCategory Load (0.6ms)[0m  [1m[34mSELECT  `sub_categories`.* FROM `sub_categories` WHERE `sub_categories`.`sub_category_id` = 2 LIMIT 1[0m
  Rendered items/index.html.erb within layouts/standard (20.0ms)
  [1m[36mUser Load (0.4ms)[0m  [1m[34mSELECT  `users`.* FROM `users` WHERE `users`.`user_id` IS NULL LIMIT 1[0m
Completed 200 OK in 51ms (Views: 45.2ms | ActiveRecord: 4.5ms)


Started GET "/items" for 127.0.0.1 at 2017-05-20 19:00:13 +0530
Processing by ItemsController#index as HTML
  Rendering items/index.html.erb within layouts/standard
  [1m[36mItem Load (0.5ms)[0m  [1m[34mSELECT `items`.* FROM `items` WHERE (quantity > 0)[0m
  [1m[36mCategory Load (0.4ms)[0m  [1m[34mSELECT  `categories`.* FROM `categories` WHERE `categories`.`category_id` = 1 LIMIT 1[0m
  [1m[36mSubCategory Load (0.5ms)[0m  [1m[34mSELECT  `sub_categories`.* FROM `sub_categories` WHERE `sub_categories`.`sub_category_id` = 1 LIMIT 1[0m
  [1m[36mSeller Load (0.5ms)[0m  [1m[34mSELECT  `sellers`.* FROM `sellers` WHERE `sellers`.`seller_id` = 'someone' LIMIT 1[0m
  [1m[36mCACHE (0.0ms)[0m  [1m[34mSELECT  `categories`.* FROM `categories` WHERE `categories`.`category_id` = 1 LIMIT 1[0m  [["category_id", 1], ["LIMIT", 1]]
  [1m[36mCACHE (0.0ms)[0m  [1m[34mSELECT  `sub_categories`.* FROM `sub_categories` WHERE `sub_categories`.`sub_category_id` = 1 LIMIT 1[0m  [["sub_category_id", 1], ["LIMIT", 1]]
  [1m[36mCategory Load (0.9ms)[0m  [1m[34mSELECT  `categories`.* FROM `categories` WHERE `categories`.`category_id` = 3 LIMIT 1[0m
  [1m[36mSubCategory Load (0.5ms)[0m  [1m[34mSELECT  `sub_categories`.* FROM `sub_categories` WHERE `sub_categories`.`sub_category_id` = 9 LIMIT 1[0m
  [1m[36mCACHE (0.0ms)[0m  [1m[34mSELECT  `categories`.* FROM `categories` WHERE `categories`.`category_id` = 3 LIMIT 1[0m  [["category_id", 3], ["LIMIT", 1]]
  [1m[36mCACHE (0.0ms)[0m  [1m[34mSELECT  `sub_categories`.* FROM `sub_categories` WHERE `sub_categories`.`sub_category_id` = 9 LIMIT 1[0m  [["sub_category_id", 9], ["LIMIT", 1]]
  [1m[36mCACHE (0.0ms)[0m  [1m[34mSELECT  `categories`.* FROM `categories` WHERE `categories`.`category_id` = 3 LIMIT 1[0m  [["category_id", 3], ["LIMIT", 1]]
  [1m[36mSubCategory Load (0.4ms)[0m  [1m[34mSELECT  `sub_categories`.* FROM `sub_categories` WHERE `sub_categories`.`sub_category_id` = 3 LIMIT 1[0m
  [1m[36mCACHE (0.0ms)[0m  [1m[34mSELECT  `categories`.* FROM `categories` WHERE `categories`.`category_id` = 1 LIMIT 1[0m  [["category_id", 1], ["LIMIT", 1]]
  [1m[36mSubCategory Load (0.4ms)[0m  [1m[34mSELECT  `sub_categories`.* FROM `sub_categories` WHERE `sub_categories`.`sub_category_id` = 2 LIMIT 1[0m
  Rendered items/index.html.erb within layouts/standard (17.3ms)
  [1m[36mUser Load (0.4ms)[0m  [1m[34mSELECT  `users`.* FROM `users` WHERE `users`.`user_id` IS NULL LIMIT 1[0m
Completed 200 OK in 40ms (Views: 33.3ms | ActiveRecord: 4.7ms)


Started GET "/items/6" for 127.0.0.1 at 2017-05-20 19:00:14 +0530
Processing by ItemsController#show as HTML
  Parameters: {"id"=>"6"}
  [1m[36mItem Load (0.5ms)[0m  [1m[34mSELECT  `items`.* FROM `items` WHERE `items`.`item_id` = 6 LIMIT 1[0m
  [1m[36mUser Load (0.3ms)[0m  [1m[34mSELECT  `users`.* FROM `users` WHERE `users`.`user_id` IS NULL LIMIT 1[0m
  [1m[36mCACHE (0.0ms)[0m  [1m[34mSELECT  `items`.* FROM `items` WHERE `items`.`item_id` = 6 LIMIT 1[0m  [["item_id", 6], ["LIMIT", 1]]
  [1m[36mCategory Load (0.5ms)[0m  [1m[34mSELECT  `categories`.* FROM `categories` WHERE `categories`.`category_id` = 1 LIMIT 1[0m
  [1m[36mSubCategory Load (0.5ms)[0m  [1m[34mSELECT  `sub_categories`.* FROM `sub_categories` WHERE `sub_categories`.`sub_category_id` = 2 LIMIT 1[0m
  Rendering items/show.html.erb within layouts/standard
  [1m[36mSeller Load (0.5ms)[0m  [1m[34mSELECT  `sellers`.* FROM `sellers` WHERE `sellers`.`seller_id` = 'someone' LIMIT 1[0m
  Rendered items/show.html.erb within layouts/standard (3.7ms)
  [1m[36mCACHE (0.0ms)[0m  [1m[34mSELECT  `users`.* FROM `users` WHERE `users`.`user_id` IS NULL LIMIT 1[0m  [["LIMIT", 1]]
Completed 200 OK in 33ms (Views: 24.6ms | ActiveRecord: 2.4ms)


Started GET "/items" for 127.0.0.1 at 2017-05-20 19:00:16 +0530
Processing by ItemsController#index as HTML
  Rendering items/index.html.erb within layouts/standard
  [1m[36mItem Load (0.5ms)[0m  [1m[34mSELECT `items`.* FROM `items` WHERE (quantity > 0)[0m
  [1m[36mCategory Load (0.5ms)[0m  [1m[34mSELECT  `categories`.* FROM `categories` WHERE `categories`.`category_id` = 1 LIMIT 1[0m
  [1m[36mSubCategory Load (0.5ms)[0m  [1m[34mSELECT  `sub_categories`.* FROM `sub_categories` WHERE `sub_categories`.`sub_category_id` = 1 LIMIT 1[0m
  [1m[36mSeller Load (0.5ms)[0m  [1m[34mSELECT  `sellers`.* FROM `sellers` WHERE `sellers`.`seller_id` = 'someone' LIMIT 1[0m
  [1m[36mCACHE (0.0ms)[0m  [1m[34mSELECT  `categories`.* FROM `categories` WHERE `categories`.`category_id` = 1 LIMIT 1[0m  [["category_id", 1], ["LIMIT", 1]]
  [1m[36mCACHE (0.0ms)[0m  [1m[34mSELECT  `sub_categories`.* FROM `sub_categories` WHERE `sub_categories`.`sub_category_id` = 1 LIMIT 1[0m  [["sub_category_id", 1], ["LIMIT", 1]]
  [1m[36mCategory Load (0.6ms)[0m  [1m[34mSELECT  `categories`.* FROM `categories` WHERE `categories`.`category_id` = 3 LIMIT 1[0m
  [1m[36mSubCategory Load (0.5ms)[0m  [1m[34mSELECT  `sub_categories`.* FROM `sub_categories` WHERE `sub_categories`.`sub_category_id` = 9 LIMIT 1[0m
  [1m[36mCACHE (0.0ms)[0m  [1m[34mSELECT  `categories`.* FROM `categories` WHERE `categories`.`category_id` = 3 LIMIT 1[0m  [["category_id", 3], ["LIMIT", 1]]
  [1m[36mCACHE (0.0ms)[0m  [1m[34mSELECT  `sub_categories`.* FROM `sub_categories` WHERE `sub_categories`.`sub_category_id` = 9 LIMIT 1[0m  [["sub_category_id", 9], ["LIMIT", 1]]
  [1m[36mCACHE (0.0ms)[0m  [1m[34mSELECT  `categories`.* FROM `categories` WHERE `categories`.`category_id` = 3 LIMIT 1[0m  [["category_id", 3], ["LIMIT", 1]]
  [1m[36mSubCategory Load (0.6ms)[0m  [1m[34mSELECT  `sub_categories`.* FROM `sub_categories` WHERE `sub_categories`.`sub_category_id` = 3 LIMIT 1[0m
  [1m[36mCACHE (0.0ms)[0m  [1m[34mSELECT  `categories`.* FROM `categories` WHERE `categories`.`category_id` = 1 LIMIT 1[0m  [["category_id", 1], ["LIMIT", 1]]
  [1m[36mSubCategory Load (0.5ms)[0m  [1m[34mSELECT  `sub_categories`.* FROM `sub_categories` WHERE `sub_categories`.`sub_category_id` = 2 LIMIT 1[0m
  Rendered items/index.html.erb within layouts/standard (28.0ms)
  [1m[36mUser Load (0.4ms)[0m  [1m[34mSELECT  `users`.* FROM `users` WHERE `users`.`user_id` IS NULL LIMIT 1[0m
Completed 200 OK in 58ms (Views: 50.9ms | ActiveRecord: 4.9ms)


Started GET "/items/6" for 127.0.0.1 at 2017-05-20 19:00:17 +0530
Processing by ItemsController#show as HTML
  Parameters: {"id"=>"6"}
  [1m[36mItem Load (0.6ms)[0m  [1m[34mSELECT  `items`.* FROM `items` WHERE `items`.`item_id` = 6 LIMIT 1[0m
  [1m[36mUser Load (0.5ms)[0m  [1m[34mSELECT  `users`.* FROM `users` WHERE `users`.`user_id` IS NULL LIMIT 1[0m
  [1m[36mCACHE (0.0ms)[0m  [1m[34mSELECT  `items`.* FROM `items` WHERE `items`.`item_id` = 6 LIMIT 1[0m  [["item_id", 6], ["LIMIT", 1]]
  [1m[36mCategory Load (0.6ms)[0m  [1m[34mSELECT  `categories`.* FROM `categories` WHERE `categories`.`category_id` = 1 LIMIT 1[0m
  [1m[36mSubCategory Load (0.5ms)[0m  [1m[34mSELECT  `sub_categories`.* FROM `sub_categories` WHERE `sub_categories`.`sub_category_id` = 2 LIMIT 1[0m
  Rendering items/show.html.erb within layouts/standard
  [1m[36mSeller Load (2.1ms)[0m  [1m[34mSELECT  `sellers`.* FROM `sellers` WHERE `sellers`.`seller_id` = 'someone' LIMIT 1[0m
  Rendered items/show.html.erb within layouts/standard (5.5ms)
  [1m[36mCACHE (0.0ms)[0m  [1m[34mSELECT  `users`.* FROM `users` WHERE `users`.`user_id` IS NULL LIMIT 1[0m  [["LIMIT", 1]]
Completed 200 OK in 39ms (Views: 27.7ms | ActiveRecord: 4.3ms)


Started GET "/items" for 127.0.0.1 at 2017-05-20 19:00:18 +0530
Processing by ItemsController#index as HTML
  Rendering items/index.html.erb within layouts/standard
  [1m[36mItem Load (0.5ms)[0m  [1m[34mSELECT `items`.* FROM `items` WHERE (quantity > 0)[0m
  [1m[36mCategory Load (0.6ms)[0m  [1m[34mSELECT  `categories`.* FROM `categories` WHERE `categories`.`category_id` = 1 LIMIT 1[0m
  [1m[36mSubCategory Load (0.4ms)[0m  [1m[34mSELECT  `sub_categories`.* FROM `sub_categories` WHERE `sub_categories`.`sub_category_id` = 1 LIMIT 1[0m
  [1m[36mSeller Load (0.7ms)[0m  [1m[34mSELECT  `sellers`.* FROM `sellers` WHERE `sellers`.`seller_id` = 'someone' LIMIT 1[0m
  [1m[36mCACHE (0.0ms)[0m  [1m[34mSELECT  `categories`.* FROM `categories` WHERE `categories`.`category_id` = 1 LIMIT 1[0m  [["category_id", 1], ["LIMIT", 1]]
  [1m[36mCACHE (0.0ms)[0m  [1m[34mSELECT  `sub_categories`.* FROM `sub_categories` WHERE `sub_categories`.`sub_category_id` = 1 LIMIT 1[0m  [["sub_category_id", 1], ["LIMIT", 1]]
  [1m[36mCategory Load (0.8ms)[0m  [1m[34mSELECT  `categories`.* FROM `categories` WHERE `categories`.`category_id` = 3 LIMIT 1[0m
  [1m[36mSubCategory Load (0.5ms)[0m  [1m[34mSELECT  `sub_categories`.* FROM `sub_categories` WHERE `sub_categories`.`sub_category_id` = 9 LIMIT 1[0m
  [1m[36mCACHE (0.0ms)[0m  [1m[34mSELECT  `categories`.* FROM `categories` WHERE `categories`.`category_id` = 3 LIMIT 1[0m  [["category_id", 3], ["LIMIT", 1]]
  [1m[36mCACHE (0.0ms)[0m  [1m[34mSELECT  `sub_categories`.* FROM `sub_categories` WHERE `sub_categories`.`sub_category_id` = 9 LIMIT 1[0m  [["sub_category_id", 9], ["LIMIT", 1]]
  [1m[36mCACHE (0.0ms)[0m  [1m[34mSELECT  `categories`.* FROM `categories` WHERE `categories`.`category_id` = 3 LIMIT 1[0m  [["category_id", 3], ["LIMIT", 1]]
  [1m[36mSubCategory Load (0.6ms)[0m  [1m[34mSELECT  `sub_categories`.* FROM `sub_categories` WHERE `sub_categories`.`sub_category_id` = 3 LIMIT 1[0m
  [1m[36mCACHE (0.0ms)[0m  [1m[34mSELECT  `categories`.* FROM `categories` WHERE `categories`.`category_id` = 1 LIMIT 1[0m  [["category_id", 1], ["LIMIT", 1]]
  [1m[36mSubCategory Load (0.5ms)[0m  [1m[34mSELECT  `sub_categories`.* FROM `sub_categories` WHERE `sub_categories`.`sub_category_id` = 2 LIMIT 1[0m
  Rendered items/index.html.erb within layouts/standard (19.8ms)
  [1m[36mUser Load (0.4ms)[0m  [1m[34mSELECT  `users`.* FROM `users` WHERE `users`.`user_id` IS NULL LIMIT 1[0m
Completed 200 OK in 44ms (Views: 37.2ms | ActiveRecord: 5.3ms)


Started GET "/items/6" for 127.0.0.1 at 2017-05-20 19:00:20 +0530
Processing by ItemsController#show as HTML
  Parameters: {"id"=>"6"}
  [1m[36mItem Load (0.6ms)[0m  [1m[34mSELECT  `items`.* FROM `items` WHERE `items`.`item_id` = 6 LIMIT 1[0m
  [1m[36mUser Load (0.4ms)[0m  [1m[34mSELECT  `users`.* FROM `users` WHERE `users`.`user_id` IS NULL LIMIT 1[0m
  [1m[36mCACHE (0.0ms)[0m  [1m[34mSELECT  `items`.* FROM `items` WHERE `items`.`item_id` = 6 LIMIT 1[0m  [["item_id", 6], ["LIMIT", 1]]
  [1m[36mCategory Load (0.5ms)[0m  [1m[34mSELECT  `categories`.* FROM `categories` WHERE `categories`.`category_id` = 1 LIMIT 1[0m
  [1m[36mSubCategory Load (0.5ms)[0m  [1m[34mSELECT  `sub_categories`.* FROM `sub_categories` WHERE `sub_categories`.`sub_category_id` = 2 LIMIT 1[0m
  Rendering items/show.html.erb within layouts/standard
  [1m[36mSeller Load (0.7ms)[0m  [1m[34mSELECT  `sellers`.* FROM `sellers` WHERE `sellers`.`seller_id` = 'someone' LIMIT 1[0m
  Rendered items/show.html.erb within layouts/standard (4.4ms)
  [1m[36mCACHE (0.0ms)[0m  [1m[34mSELECT  `users`.* FROM `users` WHERE `users`.`user_id` IS NULL LIMIT 1[0m  [["LIMIT", 1]]
Completed 200 OK in 36ms (Views: 27.1ms | ActiveRecord: 2.7ms)


Started GET "/items/6" for 127.0.0.1 at 2017-05-20 19:01:24 +0530
  [1m[36mActiveRecord::SchemaMigration Load (0.5ms)[0m  [1m[34mSELECT `schema_migrations`.* FROM `schema_migrations`[0m
Processing by ItemsController#show as HTML
  Parameters: {"id"=>"6"}
  [1m[36mItem Load (0.5ms)[0m  [1m[34mSELECT  `items`.* FROM `items` WHERE `items`.`item_id` = 6 LIMIT 1[0m
  [1m[36mUser Load (0.5ms)[0m  [1m[34mSELECT  `users`.* FROM `users` WHERE `users`.`user_id` IS NULL LIMIT 1[0m
  [1m[36mItem Load (0.6ms)[0m  [1m[34mSELECT  `items`.* FROM `items` WHERE `items`.`item_id` = 6 LIMIT 1[0m
  [1m[36mCategory Load (0.5ms)[0m  [1m[34mSELECT  `categories`.* FROM `categories` WHERE `categories`.`category_id` = 1 LIMIT 1[0m
  [1m[36mSubCategory Load (0.4ms)[0m  [1m[34mSELECT  `sub_categories`.* FROM `sub_categories` WHERE `sub_categories`.`sub_category_id` = 2 LIMIT 1[0m
  Rendering items/show.html.erb within layouts/standard
  [1m[36mSeller Load (0.6ms)[0m  [1m[34mSELECT  `sellers`.* FROM `sellers` WHERE `sellers`.`seller_id` = 'someone' LIMIT 1[0m
  Rendered items/show.html.erb within layouts/standard (20.3ms)
Completed 500 Internal Server Error in 110ms (ActiveRecord: 10.7ms)


  
ActionView::Template::Error (undefined method `seller_id' for nil:NilClass):
    41: </p>
    42: 
    43: 
    44: <% if account_seller_signed_in? && @current_account_seller.seller_id == @item.seller_id %>
    45:   <%= link_to 'Edit', edit_item_path(@item) %>| 
    46: <% end %>
    47: <%= link_to 'Back', items_path %>
  
app/views/items/show.html.erb:44:in `_app_views_items_show_html_erb___3004097847657811531_70002034157460'
  Rendering /home/usman/.rbenv/versions/2.4.0/lib/ruby/gems/2.4.0/gems/actionpack-5.0.3/lib/action_dispatch/middleware/templates/rescues/template_error.html.erb within rescues/layout
  Rendering /home/usman/.rbenv/versions/2.4.0/lib/ruby/gems/2.4.0/gems/actionpack-5.0.3/lib/action_dispatch/middleware/templates/rescues/_source.html.erb
  Rendered /home/usman/.rbenv/versions/2.4.0/lib/ruby/gems/2.4.0/gems/actionpack-5.0.3/lib/action_dispatch/middleware/templates/rescues/_source.html.erb (7.4ms)
  Rendering /home/usman/.rbenv/versions/2.4.0/lib/ruby/gems/2.4.0/gems/actionpack-5.0.3/lib/action_dispatch/middleware/templates/rescues/_trace.html.erb
  Rendered /home/usman/.rbenv/versions/2.4.0/lib/ruby/gems/2.4.0/gems/actionpack-5.0.3/lib/action_dispatch/middleware/templates/rescues/_trace.html.erb (4.2ms)
  Rendering /home/usman/.rbenv/versions/2.4.0/lib/ruby/gems/2.4.0/gems/actionpack-5.0.3/lib/action_dispatch/middleware/templates/rescues/_request_and_response.html.erb
  Rendered /home/usman/.rbenv/versions/2.4.0/lib/ruby/gems/2.4.0/gems/actionpack-5.0.3/lib/action_dispatch/middleware/templates/rescues/_request_and_response.html.erb (2.2ms)
  Rendered /home/usman/.rbenv/versions/2.4.0/lib/ruby/gems/2.4.0/gems/actionpack-5.0.3/lib/action_dispatch/middleware/templates/rescues/template_error.html.erb within rescues/layout (38.8ms)
Started GET "/items/6" for 127.0.0.1 at 2017-05-20 19:02:40 +0530
Started GET "/items" for 127.0.0.1 at 2017-05-20 19:02:50 +0530
Processing by ItemsController#show as HTML
  Parameters: {"id"=>"6"}
  [1m[36mItem Load (0.5ms)[0m  [1m[34mSELECT  `items`.* FROM `items` WHERE `items`.`item_id` = 6 LIMIT 1[0m
  [1m[36mSeller Load (0.5ms)[0m  [1m[34mSELECT  `sellers`.* FROM `sellers` WHERE `sellers`.`seller_id` = 'someone' LIMIT 1[0m
  [1m[36mCACHE (0.0ms)[0m  [1m[34mSELECT  `items`.* FROM `items` WHERE `items`.`item_id` = 6 LIMIT 1[0m  [["item_id", 6], ["LIMIT", 1]]
  [1m[36mCategory Load (0.5ms)[0m  [1m[34mSELECT  `categories`.* FROM `categories` WHERE `categories`.`category_id` = 1 LIMIT 1[0m
  [1m[36mSubCategory Load (2.1ms)[0m  [1m[34mSELECT  `sub_categories`.* FROM `sub_categories` WHERE `sub_categories`.`sub_category_id` = 2 LIMIT 1[0m
  Rendering items/show.html.erb within layouts/standard
  Rendered items/show.html.erb within layouts/standard (2.6ms)
  [1m[36mUser Load (0.4ms)[0m  [1m[34mSELECT  `users`.* FROM `users` WHERE `users`.`user_id` IS NULL LIMIT 1[0m
Completed 200 OK in 329ms (Views: 260.3ms | ActiveRecord: 4.0ms)


Processing by ItemsController#index as HTML
  Rendering items/index.html.erb within layouts/standard
  [1m[36mItem Load (0.6ms)[0m  [1m[34mSELECT `items`.* FROM `items` WHERE (quantity > 0)[0m
  [1m[36mCategory Load (0.9ms)[0m  [1m[34mSELECT  `categories`.* FROM `categories` WHERE `categories`.`category_id` = 1 LIMIT 1[0m
  [1m[36mSubCategory Load (0.4ms)[0m  [1m[34mSELECT  `sub_categories`.* FROM `sub_categories` WHERE `sub_categories`.`sub_category_id` = 1 LIMIT 1[0m
  [1m[36mSeller Load (0.5ms)[0m  [1m[34mSELECT  `sellers`.* FROM `sellers` WHERE `sellers`.`seller_id` = 'someone' LIMIT 1[0m
  [1m[36mCACHE (0.0ms)[0m  [1m[34mSELECT  `categories`.* FROM `categories` WHERE `categories`.`category_id` = 1 LIMIT 1[0m  [["category_id", 1], ["LIMIT", 1]]
  [1m[36mCACHE (0.0ms)[0m  [1m[34mSELECT  `sub_categories`.* FROM `sub_categories` WHERE `sub_categories`.`sub_category_id` = 1 LIMIT 1[0m  [["sub_category_id", 1], ["LIMIT", 1]]
  [1m[36mCategory Load (0.7ms)[0m  [1m[34mSELECT  `categories`.* FROM `categories` WHERE `categories`.`category_id` = 3 LIMIT 1[0m
  [1m[36mSubCategory Load (0.5ms)[0m  [1m[34mSELECT  `sub_categories`.* FROM `sub_categories` WHERE `sub_categories`.`sub_category_id` = 9 LIMIT 1[0m
  [1m[36mCACHE (0.0ms)[0m  [1m[34mSELECT  `categories`.* FROM `categories` WHERE `categories`.`category_id` = 3 LIMIT 1[0m  [["category_id", 3], ["LIMIT", 1]]
  [1m[36mCACHE (0.0ms)[0m  [1m[34mSELECT  `sub_categories`.* FROM `sub_categories` WHERE `sub_categories`.`sub_category_id` = 9 LIMIT 1[0m  [["sub_category_id", 9], ["LIMIT", 1]]
  [1m[36mCACHE (0.0ms)[0m  [1m[34mSELECT  `categories`.* FROM `categories` WHERE `categories`.`category_id` = 3 LIMIT 1[0m  [["category_id", 3], ["LIMIT", 1]]
  [1m[36mSubCategory Load (0.6ms)[0m  [1m[34mSELECT  `sub_categories`.* FROM `sub_categories` WHERE `sub_categories`.`sub_category_id` = 3 LIMIT 1[0m
  [1m[36mCACHE (0.0ms)[0m  [1m[34mSELECT  `categories`.* FROM `categories` WHERE `categories`.`category_id` = 1 LIMIT 1[0m  [["category_id", 1], ["LIMIT", 1]]
  [1m[36mSubCategory Load (0.5ms)[0m  [1m[34mSELECT  `sub_categories`.* FROM `sub_categories` WHERE `sub_categories`.`sub_category_id` = 2 LIMIT 1[0m
  Rendered items/index.html.erb within layouts/standard (63.9ms)
  [1m[36mUser Load (0.4ms)[0m  [1m[34mSELECT  `users`.* FROM `users` WHERE `users`.`user_id` IS NULL LIMIT 1[0m
Completed 200 OK in 147ms (Views: 128.2ms | ActiveRecord: 5.3ms)


Started GET "/items/6" for 127.0.0.1 at 2017-05-20 19:02:53 +0530
Processing by ItemsController#show as HTML
  Parameters: {"id"=>"6"}
  [1m[36mItem Load (0.7ms)[0m  [1m[34mSELECT  `items`.* FROM `items` WHERE `items`.`item_id` = 6 LIMIT 1[0m
  [1m[36mSeller Load (0.6ms)[0m  [1m[34mSELECT  `sellers`.* FROM `sellers` WHERE `sellers`.`seller_id` = 'someone' LIMIT 1[0m
  [1m[36mCACHE (0.0ms)[0m  [1m[34mSELECT  `items`.* FROM `items` WHERE `items`.`item_id` = 6 LIMIT 1[0m  [["item_id", 6], ["LIMIT", 1]]
  [1m[36mCategory Load (0.6ms)[0m  [1m[34mSELECT  `categories`.* FROM `categories` WHERE `categories`.`category_id` = 1 LIMIT 1[0m
  [1m[36mSubCategory Load (0.6ms)[0m  [1m[34mSELECT  `sub_categories`.* FROM `sub_categories` WHERE `sub_categories`.`sub_category_id` = 2 LIMIT 1[0m
  Rendering items/show.html.erb within layouts/standard
  Rendered items/show.html.erb within layouts/standard (4.7ms)
  [1m[36mUser Load (0.5ms)[0m  [1m[34mSELECT  `users`.* FROM `users` WHERE `users`.`user_id` IS NULL LIMIT 1[0m
Completed 200 OK in 60ms (Views: 45.5ms | ActiveRecord: 3.1ms)


Started GET "/items/1" for 127.0.0.1 at 2017-05-20 19:10:02 +0530
  
SyntaxError (/home/usman/Projects/rails-project/flickon/app/controllers/items_controller.rb:37: syntax error, unexpected keyword_end
  end
     ^
/home/usman/Projects/rails-project/flickon/app/controllers/items_controller.rb:92: syntax error, unexpected end-of-input, expecting keyword_end):
  
app/controllers/items_controller.rb:37: syntax error, unexpected keyword_end
app/controllers/items_controller.rb:92: syntax error, unexpected end-of-input, expecting keyword_end
  Rendering /home/usman/.rbenv/versions/2.4.0/lib/ruby/gems/2.4.0/gems/actionpack-5.0.3/lib/action_dispatch/middleware/templates/rescues/diagnostics.html.erb within rescues/layout
  Rendering /home/usman/.rbenv/versions/2.4.0/lib/ruby/gems/2.4.0/gems/actionpack-5.0.3/lib/action_dispatch/middleware/templates/rescues/_source.html.erb
  Rendered /home/usman/.rbenv/versions/2.4.0/lib/ruby/gems/2.4.0/gems/actionpack-5.0.3/lib/action_dispatch/middleware/templates/rescues/_source.html.erb (12.9ms)
  Rendering /home/usman/.rbenv/versions/2.4.0/lib/ruby/gems/2.4.0/gems/actionpack-5.0.3/lib/action_dispatch/middleware/templates/rescues/_trace.html.erb
  Rendered /home/usman/.rbenv/versions/2.4.0/lib/ruby/gems/2.4.0/gems/actionpack-5.0.3/lib/action_dispatch/middleware/templates/rescues/_trace.html.erb (5.2ms)
  Rendering /home/usman/.rbenv/versions/2.4.0/lib/ruby/gems/2.4.0/gems/actionpack-5.0.3/lib/action_dispatch/middleware/templates/rescues/_request_and_response.html.erb
  Rendered /home/usman/.rbenv/versions/2.4.0/lib/ruby/gems/2.4.0/gems/actionpack-5.0.3/lib/action_dispatch/middleware/templates/rescues/_request_and_response.html.erb (2.9ms)
  Rendered /home/usman/.rbenv/versions/2.4.0/lib/ruby/gems/2.4.0/gems/actionpack-5.0.3/lib/action_dispatch/middleware/templates/rescues/diagnostics.html.erb within rescues/layout (47.5ms)
Started GET "/items" for 127.0.0.1 at 2017-05-20 19:43:56 +0530
Processing by ItemsController#index as HTML
  Rendering items/index.html.erb within layouts/standard
  [1m[36mItem Load (0.7ms)[0m  [1m[34mSELECT `items`.* FROM `items` WHERE (quantity > 0)[0m
  [1m[36mCategory Load (0.4ms)[0m  [1m[34mSELECT  `categories`.* FROM `categories` WHERE `categories`.`category_id` = 1 LIMIT 1[0m
  [1m[36mSubCategory Load (0.5ms)[0m  [1m[34mSELECT  `sub_categories`.* FROM `sub_categories` WHERE `sub_categories`.`sub_category_id` = 1 LIMIT 1[0m
  [1m[36mSeller Load (0.4ms)[0m  [1m[34mSELECT  `sellers`.* FROM `sellers` WHERE `sellers`.`seller_id` = 'someone' LIMIT 1[0m
  [1m[36mCACHE (0.0ms)[0m  [1m[34mSELECT  `categories`.* FROM `categories` WHERE `categories`.`category_id` = 1 LIMIT 1[0m  [["category_id", 1], ["LIMIT", 1]]
  [1m[36mCACHE (0.0ms)[0m  [1m[34mSELECT  `sub_categories`.* FROM `sub_categories` WHERE `sub_categories`.`sub_category_id` = 1 LIMIT 1[0m  [["sub_category_id", 1], ["LIMIT", 1]]
  [1m[36mCategory Load (1.1ms)[0m  [1m[34mSELECT  `categories`.* FROM `categories` WHERE `categories`.`category_id` = 3 LIMIT 1[0m
  [1m[36mSubCategory Load (1.3ms)[0m  [1m[34mSELECT  `sub_categories`.* FROM `sub_categories` WHERE `sub_categories`.`sub_category_id` = 9 LIMIT 1[0m
  [1m[36mCACHE (0.0ms)[0m  [1m[34mSELECT  `categories`.* FROM `categories` WHERE `categories`.`category_id` = 3 LIMIT 1[0m  [["category_id", 3], ["LIMIT", 1]]
  [1m[36mCACHE (0.0ms)[0m  [1m[34mSELECT  `sub_categories`.* FROM `sub_categories` WHERE `sub_categories`.`sub_category_id` = 9 LIMIT 1[0m  [["sub_category_id", 9], ["LIMIT", 1]]
  [1m[36mCACHE (0.0ms)[0m  [1m[34mSELECT  `categories`.* FROM `categories` WHERE `categories`.`category_id` = 3 LIMIT 1[0m  [["category_id", 3], ["LIMIT", 1]]
  [1m[36mSubCategory Load (0.5ms)[0m  [1m[34mSELECT  `sub_categories`.* FROM `sub_categories` WHERE `sub_categories`.`sub_category_id` = 3 LIMIT 1[0m
  [1m[36mCACHE (0.0ms)[0m  [1m[34mSELECT  `categories`.* FROM `categories` WHERE `categories`.`category_id` = 1 LIMIT 1[0m  [["category_id", 1], ["LIMIT", 1]]
  [1m[36mSubCategory Load (0.4ms)[0m  [1m[34mSELECT  `sub_categories`.* FROM `sub_categories` WHERE `sub_categories`.`sub_category_id` = 2 LIMIT 1[0m
  Rendered items/index.html.erb within layouts/standard (70.3ms)
  [1m[36mUser Load (0.4ms)[0m  [1m[34mSELECT  `users`.* FROM `users` WHERE `users`.`user_id` IS NULL LIMIT 1[0m
Completed 200 OK in 121ms (Views: 91.7ms | ActiveRecord: 15.0ms)


Started GET "/items/6" for 127.0.0.1 at 2017-05-20 19:44:30 +0530
Processing by ItemsController#show as HTML
  Parameters: {"id"=>"6"}
  [1m[36mItem Load (0.6ms)[0m  [1m[34mSELECT  `items`.* FROM `items` WHERE `items`.`item_id` = 6 LIMIT 1[0m
  [1m[36mSeller Load (0.6ms)[0m  [1m[34mSELECT  `sellers`.* FROM `sellers` WHERE `sellers`.`seller_id` = 'someone' LIMIT 1[0m
  [1m[36mCACHE (0.0ms)[0m  [1m[34mSELECT  `items`.* FROM `items` WHERE `items`.`item_id` = 6 LIMIT 1[0m  [["item_id", 6], ["LIMIT", 1]]
  [1m[36mCategory Load (0.5ms)[0m  [1m[34mSELECT  `categories`.* FROM `categories` WHERE `categories`.`category_id` = 1 LIMIT 1[0m
  [1m[36mSubCategory Load (0.5ms)[0m  [1m[34mSELECT  `sub_categories`.* FROM `sub_categories` WHERE `sub_categories`.`sub_category_id` = 2 LIMIT 1[0m
  Rendering items/show.html.erb within layouts/standard
  Rendered items/show.html.erb within layouts/standard (3.3ms)
  [1m[36mUser Load (0.5ms)[0m  [1m[34mSELECT  `users`.* FROM `users` WHERE `users`.`user_id` IS NULL LIMIT 1[0m
Completed 200 OK in 50ms (Views: 34.4ms | ActiveRecord: 2.8ms)


Started GET "/orders/new?item=6" for 127.0.0.1 at 2017-05-20 19:44:32 +0530
Processing by OrdersController#new as HTML
  Parameters: {"item"=>"6"}
  [1m[36mItem Load (0.7ms)[0m  [1m[34mSELECT  `items`.* FROM `items` WHERE `items`.`item_id` = 6 LIMIT 1[0m
  Rendering orders/new.html.erb within layouts/application
  Rendered orders/_form.html.erb (25.6ms)
  Rendered orders/new.html.erb within layouts/application (27.6ms)
Completed 200 OK in 86ms (Views: 53.6ms | ActiveRecord: 2.7ms)


Started GET "/items/5" for 127.0.0.1 at 2017-05-20 19:44:47 +0530
Processing by ItemsController#show as HTML
  Parameters: {"id"=>"5"}
  [1m[36mItem Load (0.7ms)[0m  [1m[34mSELECT  `items`.* FROM `items` WHERE `items`.`item_id` = 5 LIMIT 1[0m
  [1m[36mSeller Load (0.5ms)[0m  [1m[34mSELECT  `sellers`.* FROM `sellers` WHERE `sellers`.`seller_id` = 'someone' LIMIT 1[0m
  [1m[36mCACHE (0.0ms)[0m  [1m[34mSELECT  `items`.* FROM `items` WHERE `items`.`item_id` = 5 LIMIT 1[0m  [["item_id", 5], ["LIMIT", 1]]
  [1m[36mCategory Load (0.5ms)[0m  [1m[34mSELECT  `categories`.* FROM `categories` WHERE `categories`.`category_id` = 3 LIMIT 1[0m
  [1m[36mSubCategory Load (0.6ms)[0m  [1m[34mSELECT  `sub_categories`.* FROM `sub_categories` WHERE `sub_categories`.`sub_category_id` = 3 LIMIT 1[0m
  Rendering items/show.html.erb within layouts/standard
  Rendered items/show.html.erb within layouts/standard (2.3ms)
  [1m[36mUser Load (0.5ms)[0m  [1m[34mSELECT  `users`.* FROM `users` WHERE `users`.`user_id` IS NULL LIMIT 1[0m
Completed 200 OK in 59ms (Views: 32.5ms | ActiveRecord: 2.9ms)


Started GET "/sellers/logout" for 127.0.0.1 at 2017-05-20 19:45:01 +0530
Processing by SellersController#logout as HTML
Redirected to http://localhost:3000/sellers/login
Completed 302 Found in 2ms (ActiveRecord: 0.0ms)


Started GET "/sellers/login" for 127.0.0.1 at 2017-05-20 19:45:01 +0530
Processing by SellersController#login as HTML
  [1m[36mSeller Load (0.5ms)[0m  [1m[34mSELECT  `sellers`.* FROM `sellers` WHERE `sellers`.`seller_id` IS NULL LIMIT 1[0m
  Rendering sellers/login.html.erb within layouts/standard
  Rendered sellers/login.html.erb within layouts/standard (3.4ms)
  [1m[36mUser Load (0.4ms)[0m  [1m[34mSELECT  `users`.* FROM `users` WHERE `users`.`user_id` IS NULL LIMIT 1[0m
  [1m[36mCACHE (0.0ms)[0m  [1m[34mSELECT  `sellers`.* FROM `sellers` WHERE `sellers`.`seller_id` IS NULL LIMIT 1[0m  [["LIMIT", 1]]
Completed 200 OK in 38ms (Views: 33.4ms | ActiveRecord: 0.9ms)


Started GET "/users/login" for 127.0.0.1 at 2017-05-20 19:45:11 +0530
Processing by UsersController#login as HTML
  Rendering users/login.html.erb within layouts/application
  Rendered users/login.html.erb within layouts/application (2.5ms)
Completed 200 OK in 41ms (Views: 29.0ms | ActiveRecord: 0.7ms)


Started POST "/users/loggedin" for 127.0.0.1 at 2017-05-20 19:45:20 +0530
Processing by UsersController#loggedin as HTML
  Parameters: {"utf8"=>"✓", "authenticity_token"=>"QFBZASUrBUnZI9tO+ni3dVs6IauSUfLb/+9tNqy7Sp7DAyjiL+qeZVNABIdatmNR2Lv9yNQydbEgnG9xh3ZAyQ==", "users"=>{"user_id"=>"usman2897", "password"=>"[FILTERED]"}, "commit"=>"Login"}
  [1m[36mUser Load (0.6ms)[0m  [1m[34mSELECT  `users`.* FROM `users` WHERE (LOWER(user_id) = 'usman2897') LIMIT 1[0m
Redirected to http://localhost:3000/items
Completed 302 Found in 95ms (ActiveRecord: 0.6ms)


Started GET "/items" for 127.0.0.1 at 2017-05-20 19:45:20 +0530
Processing by ItemsController#index as HTML
  Rendering items/index.html.erb within layouts/standard
  [1m[36mItem Load (0.5ms)[0m  [1m[34mSELECT `items`.* FROM `items` WHERE (quantity > 0)[0m
  [1m[36mCategory Load (0.5ms)[0m  [1m[34mSELECT  `categories`.* FROM `categories` WHERE `categories`.`category_id` = 1 LIMIT 1[0m
  [1m[36mSubCategory Load (0.5ms)[0m  [1m[34mSELECT  `sub_categories`.* FROM `sub_categories` WHERE `sub_categories`.`sub_category_id` = 1 LIMIT 1[0m
  [1m[36mSeller Load (0.5ms)[0m  [1m[34mSELECT  `sellers`.* FROM `sellers` WHERE `sellers`.`seller_id` IS NULL LIMIT 1[0m
  [1m[36mCACHE (0.0ms)[0m  [1m[34mSELECT  `categories`.* FROM `categories` WHERE `categories`.`category_id` = 1 LIMIT 1[0m  [["category_id", 1], ["LIMIT", 1]]
  [1m[36mCACHE (0.0ms)[0m  [1m[34mSELECT  `sub_categories`.* FROM `sub_categories` WHERE `sub_categories`.`sub_category_id` = 1 LIMIT 1[0m  [["sub_category_id", 1], ["LIMIT", 1]]
  [1m[36mCACHE (0.0ms)[0m  [1m[34mSELECT  `sellers`.* FROM `sellers` WHERE `sellers`.`seller_id` IS NULL LIMIT 1[0m  [["LIMIT", 1]]
  [1m[36mCategory Load (0.6ms)[0m  [1m[34mSELECT  `categories`.* FROM `categories` WHERE `categories`.`category_id` = 3 LIMIT 1[0m
  [1m[36mSubCategory Load (0.5ms)[0m  [1m[34mSELECT  `sub_categories`.* FROM `sub_categories` WHERE `sub_categories`.`sub_category_id` = 9 LIMIT 1[0m
  [1m[36mCACHE (0.0ms)[0m  [1m[34mSELECT  `sellers`.* FROM `sellers` WHERE `sellers`.`seller_id` IS NULL LIMIT 1[0m  [["LIMIT", 1]]
  [1m[36mCACHE (0.0ms)[0m  [1m[34mSELECT  `categories`.* FROM `categories` WHERE `categories`.`category_id` = 3 LIMIT 1[0m  [["category_id", 3], ["LIMIT", 1]]
  [1m[36mCACHE (0.0ms)[0m  [1m[34mSELECT  `sub_categories`.* FROM `sub_categories` WHERE `sub_categories`.`sub_category_id` = 9 LIMIT 1[0m  [["sub_category_id", 9], ["LIMIT", 1]]
  [1m[36mCACHE (0.0ms)[0m  [1m[34mSELECT  `sellers`.* FROM `sellers` WHERE `sellers`.`seller_id` IS NULL LIMIT 1[0m  [["LIMIT", 1]]
  [1m[36mCACHE (0.0ms)[0m  [1m[34mSELECT  `categories`.* FROM `categories` WHERE `categories`.`category_id` = 3 LIMIT 1[0m  [["category_id", 3], ["LIMIT", 1]]
  [1m[36mSubCategory Load (0.6ms)[0m  [1m[34mSELECT  `sub_categories`.* FROM `sub_categories` WHERE `sub_categories`.`sub_category_id` = 3 LIMIT 1[0m
  [1m[36mCACHE (0.0ms)[0m  [1m[34mSELECT  `sellers`.* FROM `sellers` WHERE `sellers`.`seller_id` IS NULL LIMIT 1[0m  [["LIMIT", 1]]
  [1m[36mCACHE (0.0ms)[0m  [1m[34mSELECT  `categories`.* FROM `categories` WHERE `categories`.`category_id` = 1 LIMIT 1[0m  [["category_id", 1], ["LIMIT", 1]]
  [1m[36mSubCategory Load (0.5ms)[0m  [1m[34mSELECT  `sub_categories`.* FROM `sub_categories` WHERE `sub_categories`.`sub_category_id` = 2 LIMIT 1[0m
  [1m[36mCACHE (0.0ms)[0m  [1m[34mSELECT  `sellers`.* FROM `sellers` WHERE `sellers`.`seller_id` IS NULL LIMIT 1[0m  [["LIMIT", 1]]
  Rendered items/index.html.erb within layouts/standard (24.5ms)
  [1m[36mUser Load (0.6ms)[0m  [1m[34mSELECT  `users`.* FROM `users` WHERE `users`.`user_id` = 'usman2897' LIMIT 1[0m
Completed 200 OK in 54ms (Views: 47.0ms | ActiveRecord: 4.9ms)


Started GET "/items/1" for 127.0.0.1 at 2017-05-20 19:45:24 +0530
Processing by ItemsController#show as HTML
  Parameters: {"id"=>"1"}
  [1m[36mItem Load (0.6ms)[0m  [1m[34mSELECT  `items`.* FROM `items` WHERE `items`.`item_id` = 1 LIMIT 1[0m
  [1m[36mSeller Load (2.7ms)[0m  [1m[34mSELECT  `sellers`.* FROM `sellers` WHERE `sellers`.`seller_id` IS NULL LIMIT 1[0m
  [1m[36mCACHE (0.0ms)[0m  [1m[34mSELECT  `items`.* FROM `items` WHERE `items`.`item_id` = 1 LIMIT 1[0m  [["item_id", 1], ["LIMIT", 1]]
  [1m[36mCategory Load (0.6ms)[0m  [1m[34mSELECT  `categories`.* FROM `categories` WHERE `categories`.`category_id` = 1 LIMIT 1[0m
  [1m[36mSubCategory Load (0.6ms)[0m  [1m[34mSELECT  `sub_categories`.* FROM `sub_categories` WHERE `sub_categories`.`sub_category_id` = 1 LIMIT 1[0m
  Rendering items/show.html.erb within layouts/standard
  [1m[36mCACHE (0.0ms)[0m  [1m[34mSELECT  `sellers`.* FROM `sellers` WHERE `sellers`.`seller_id` IS NULL LIMIT 1[0m  [["LIMIT", 1]]
  Rendered items/show.html.erb within layouts/standard (3.8ms)
  [1m[36mUser Load (0.8ms)[0m  [1m[34mSELECT  `users`.* FROM `users` WHERE `users`.`user_id` = 'usman2897' LIMIT 1[0m
Completed 200 OK in 46ms (Views: 33.4ms | ActiveRecord: 5.4ms)


Started GET "/orders/new?item=1" for 127.0.0.1 at 2017-05-20 19:45:25 +0530
Processing by OrdersController#new as HTML
  Parameters: {"item"=>"1"}
  [1m[36mItem Load (0.6ms)[0m  [1m[34mSELECT  `items`.* FROM `items` WHERE `items`.`item_id` = 1 LIMIT 1[0m
  Rendering orders/new.html.erb within layouts/application
  Rendered orders/_form.html.erb (5.6ms)
  Rendered orders/new.html.erb within layouts/application (8.8ms)
Completed 200 OK in 46ms (Views: 42.1ms | ActiveRecord: 0.6ms)


Started GET "/orders/new?item=1" for 127.0.0.1 at 2017-05-20 19:59:59 +0530
Processing by OrdersController#new as HTML
  Parameters: {"item"=>"1"}
  [1m[36mItem Load (0.7ms)[0m  [1m[34mSELECT  `items`.* FROM `items` WHERE `items`.`item_id` = 1 LIMIT 1[0m
  Rendering orders/new.html.erb within layouts/application
  [1m[36mUser Load (0.6ms)[0m  [1m[34mSELECT  `users`.* FROM `users` WHERE `users`.`user_id` = 'usman2897' LIMIT 1[0m
  Rendered orders/_form.html.erb (17.6ms)
  Rendered orders/new.html.erb within layouts/application (19.4ms)
Completed 500 Internal Server Error in 64ms (ActiveRecord: 1.2ms)


  
ActionView::Template::Error (undefined method `user_name' for nil:NilClass):
    14:   <div class="field">
    15:     <% if account_user_signed_in? && cookies.signed[:id] == 'user' %>
    16:         <% @current_user = current_account_user %>
    17:         <p>User: <%= @current_account_user.user_name %> </p>
    18:     <% end %>
    19:   </div>
    20: 
  
app/views/orders/_form.html.erb:17:in `block in _app_views_orders__form_html_erb__2225869287551865278_70001940292560'
app/views/orders/_form.html.erb:1:in `_app_views_orders__form_html_erb__2225869287551865278_70001940292560'
app/views/orders/new.html.erb:3:in `_app_views_orders_new_html_erb___2725414796354901222_70001940339100'
  Rendering /home/usman/.rbenv/versions/2.4.0/lib/ruby/gems/2.4.0/gems/actionpack-5.0.3/lib/action_dispatch/middleware/templates/rescues/template_error.html.erb within rescues/layout
  Rendering /home/usman/.rbenv/versions/2.4.0/lib/ruby/gems/2.4.0/gems/actionpack-5.0.3/lib/action_dispatch/middleware/templates/rescues/_source.html.erb
  Rendered /home/usman/.rbenv/versions/2.4.0/lib/ruby/gems/2.4.0/gems/actionpack-5.0.3/lib/action_dispatch/middleware/templates/rescues/_source.html.erb (9.2ms)
  Rendering /home/usman/.rbenv/versions/2.4.0/lib/ruby/gems/2.4.0/gems/actionpack-5.0.3/lib/action_dispatch/middleware/templates/rescues/_trace.html.erb
  Rendered /home/usman/.rbenv/versions/2.4.0/lib/ruby/gems/2.4.0/gems/actionpack-5.0.3/lib/action_dispatch/middleware/templates/rescues/_trace.html.erb (3.6ms)
  Rendering /home/usman/.rbenv/versions/2.4.0/lib/ruby/gems/2.4.0/gems/actionpack-5.0.3/lib/action_dispatch/middleware/templates/rescues/_request_and_response.html.erb
  Rendered /home/usman/.rbenv/versions/2.4.0/lib/ruby/gems/2.4.0/gems/actionpack-5.0.3/lib/action_dispatch/middleware/templates/rescues/_request_and_response.html.erb (1.8ms)
  Rendered /home/usman/.rbenv/versions/2.4.0/lib/ruby/gems/2.4.0/gems/actionpack-5.0.3/lib/action_dispatch/middleware/templates/rescues/template_error.html.erb within rescues/layout (36.3ms)
Started GET "/orders/new?item=1" for 127.0.0.1 at 2017-05-20 20:01:32 +0530
Processing by OrdersController#new as HTML
  Parameters: {"item"=>"1"}
  [1m[36mItem Load (0.5ms)[0m  [1m[34mSELECT  `items`.* FROM `items` WHERE `items`.`item_id` = 1 LIMIT 1[0m
  Rendering orders/new.html.erb within layouts/application
  [1m[36mUser Load (0.5ms)[0m  [1m[34mSELECT  `users`.* FROM `users` WHERE `users`.`user_id` = 'usman2897' LIMIT 1[0m
  Rendered orders/_form.html.erb (26.7ms)
  Rendered orders/new.html.erb within layouts/application (28.5ms)
Completed 500 Internal Server Error in 68ms (ActiveRecord: 1.0ms)


  
ActionView::Template::Error (undefined method `user_name' for nil:NilClass):
    14:   <div class="field">
    15:     <% if account_user_signed_in? && cookies.signed[:id] == 'user' %>
    16:         <% @current_user = current_account_user %>
    17:         <p>User: <%= @current_account_user.user_name %> </p>
    18:     <% end %>
    19:   </div>
    20: 
  
app/views/orders/_form.html.erb:17:in `block in _app_views_orders__form_html_erb__2225869287551865278_70001936396900'
app/views/orders/_form.html.erb:1:in `_app_views_orders__form_html_erb__2225869287551865278_70001936396900'
app/views/orders/new.html.erb:3:in `_app_views_orders_new_html_erb___2725414796354901222_70001936854200'
  Rendering /home/usman/.rbenv/versions/2.4.0/lib/ruby/gems/2.4.0/gems/actionpack-5.0.3/lib/action_dispatch/middleware/templates/rescues/template_error.html.erb within rescues/layout
  Rendering /home/usman/.rbenv/versions/2.4.0/lib/ruby/gems/2.4.0/gems/actionpack-5.0.3/lib/action_dispatch/middleware/templates/rescues/_source.html.erb
  Rendered /home/usman/.rbenv/versions/2.4.0/lib/ruby/gems/2.4.0/gems/actionpack-5.0.3/lib/action_dispatch/middleware/templates/rescues/_source.html.erb (9.5ms)
  Rendering /home/usman/.rbenv/versions/2.4.0/lib/ruby/gems/2.4.0/gems/actionpack-5.0.3/lib/action_dispatch/middleware/templates/rescues/_trace.html.erb
  Rendered /home/usman/.rbenv/versions/2.4.0/lib/ruby/gems/2.4.0/gems/actionpack-5.0.3/lib/action_dispatch/middleware/templates/rescues/_trace.html.erb (3.0ms)
  Rendering /home/usman/.rbenv/versions/2.4.0/lib/ruby/gems/2.4.0/gems/actionpack-5.0.3/lib/action_dispatch/middleware/templates/rescues/_request_and_response.html.erb
  Rendered /home/usman/.rbenv/versions/2.4.0/lib/ruby/gems/2.4.0/gems/actionpack-5.0.3/lib/action_dispatch/middleware/templates/rescues/_request_and_response.html.erb (1.2ms)
  Rendered /home/usman/.rbenv/versions/2.4.0/lib/ruby/gems/2.4.0/gems/actionpack-5.0.3/lib/action_dispatch/middleware/templates/rescues/template_error.html.erb within rescues/layout (36.0ms)
Started GET "/orders/new?item=1" for 127.0.0.1 at 2017-05-20 20:01:35 +0530
Processing by OrdersController#new as HTML
  Parameters: {"item"=>"1"}
  [1m[36mItem Load (0.6ms)[0m  [1m[34mSELECT  `items`.* FROM `items` WHERE `items`.`item_id` = 1 LIMIT 1[0m
  Rendering orders/new.html.erb within layouts/application
  [1m[36mUser Load (0.5ms)[0m  [1m[34mSELECT  `users`.* FROM `users` WHERE `users`.`user_id` = 'usman2897' LIMIT 1[0m
  Rendered orders/_form.html.erb (6.4ms)
  Rendered orders/new.html.erb within layouts/application (8.2ms)
Completed 500 Internal Server Error in 14ms (ActiveRecord: 1.1ms)


  
ActionView::Template::Error (undefined method `user_name' for nil:NilClass):
    14:   <div class="field">
    15:     <% if account_user_signed_in? && cookies.signed[:id] == 'user' %>
    16:         <% @current_user = current_account_user %>
    17:         <p>User: <%= @current_account_user.user_name %> </p>
    18:     <% end %>
    19:   </div>
    20: 
  
app/views/orders/_form.html.erb:17:in `block in _app_views_orders__form_html_erb__2225869287551865278_70001930959180'
app/views/orders/_form.html.erb:1:in `_app_views_orders__form_html_erb__2225869287551865278_70001930959180'
app/views/orders/new.html.erb:3:in `_app_views_orders_new_html_erb___2725414796354901222_70001931129120'
  Rendering /home/usman/.rbenv/versions/2.4.0/lib/ruby/gems/2.4.0/gems/actionpack-5.0.3/lib/action_dispatch/middleware/templates/rescues/template_error.html.erb within rescues/layout
  Rendering /home/usman/.rbenv/versions/2.4.0/lib/ruby/gems/2.4.0/gems/actionpack-5.0.3/lib/action_dispatch/middleware/templates/rescues/_source.html.erb
  Rendered /home/usman/.rbenv/versions/2.4.0/lib/ruby/gems/2.4.0/gems/actionpack-5.0.3/lib/action_dispatch/middleware/templates/rescues/_source.html.erb (9.1ms)
  Rendering /home/usman/.rbenv/versions/2.4.0/lib/ruby/gems/2.4.0/gems/actionpack-5.0.3/lib/action_dispatch/middleware/templates/rescues/_trace.html.erb
  Rendered /home/usman/.rbenv/versions/2.4.0/lib/ruby/gems/2.4.0/gems/actionpack-5.0.3/lib/action_dispatch/middleware/templates/rescues/_trace.html.erb (13.3ms)
  Rendering /home/usman/.rbenv/versions/2.4.0/lib/ruby/gems/2.4.0/gems/actionpack-5.0.3/lib/action_dispatch/middleware/templates/rescues/_request_and_response.html.erb
  Rendered /home/usman/.rbenv/versions/2.4.0/lib/ruby/gems/2.4.0/gems/actionpack-5.0.3/lib/action_dispatch/middleware/templates/rescues/_request_and_response.html.erb (1.9ms)
  Rendered /home/usman/.rbenv/versions/2.4.0/lib/ruby/gems/2.4.0/gems/actionpack-5.0.3/lib/action_dispatch/middleware/templates/rescues/template_error.html.erb within rescues/layout (48.0ms)
Started GET "/orders/new?item=1" for 127.0.0.1 at 2017-05-20 20:01:40 +0530
Processing by OrdersController#new as HTML
  Parameters: {"item"=>"1"}
  [1m[36mItem Load (0.7ms)[0m  [1m[34mSELECT  `items`.* FROM `items` WHERE `items`.`item_id` = 1 LIMIT 1[0m
  Rendering orders/new.html.erb within layouts/application
  [1m[36mUser Load (0.6ms)[0m  [1m[34mSELECT  `users`.* FROM `users` WHERE `users`.`user_id` = 'usman2897' LIMIT 1[0m
  Rendered orders/_form.html.erb (10.6ms)
  Rendered orders/new.html.erb within layouts/application (13.0ms)
Completed 500 Internal Server Error in 18ms (ActiveRecord: 1.3ms)


  
ActionView::Template::Error (undefined method `user_name' for nil:NilClass):
    14:   <div class="field">
    15:     <% if account_user_signed_in? && cookies.signed[:id] == 'user' %>
    16:         <% @current_user = current_account_user %>
    17:         <p>User: <%= @current_account_user.user_name %> </p>
    18:     <% end %>
    19:   </div>
    20: 
  
app/views/orders/_form.html.erb:17:in `block in _app_views_orders__form_html_erb__2225869287551865278_70001861644160'
app/views/orders/_form.html.erb:1:in `_app_views_orders__form_html_erb__2225869287551865278_70001861644160'
app/views/orders/new.html.erb:3:in `_app_views_orders_new_html_erb___2725414796354901222_70001861686880'
  Rendering /home/usman/.rbenv/versions/2.4.0/lib/ruby/gems/2.4.0/gems/actionpack-5.0.3/lib/action_dispatch/middleware/templates/rescues/template_error.html.erb within rescues/layout
  Rendering /home/usman/.rbenv/versions/2.4.0/lib/ruby/gems/2.4.0/gems/actionpack-5.0.3/lib/action_dispatch/middleware/templates/rescues/_source.html.erb
  Rendered /home/usman/.rbenv/versions/2.4.0/lib/ruby/gems/2.4.0/gems/actionpack-5.0.3/lib/action_dispatch/middleware/templates/rescues/_source.html.erb (8.8ms)
  Rendering /home/usman/.rbenv/versions/2.4.0/lib/ruby/gems/2.4.0/gems/actionpack-5.0.3/lib/action_dispatch/middleware/templates/rescues/_trace.html.erb
  Rendered /home/usman/.rbenv/versions/2.4.0/lib/ruby/gems/2.4.0/gems/actionpack-5.0.3/lib/action_dispatch/middleware/templates/rescues/_trace.html.erb (4.0ms)
  Rendering /home/usman/.rbenv/versions/2.4.0/lib/ruby/gems/2.4.0/gems/actionpack-5.0.3/lib/action_dispatch/middleware/templates/rescues/_request_and_response.html.erb
  Rendered /home/usman/.rbenv/versions/2.4.0/lib/ruby/gems/2.4.0/gems/actionpack-5.0.3/lib/action_dispatch/middleware/templates/rescues/_request_and_response.html.erb (1.7ms)
  Rendered /home/usman/.rbenv/versions/2.4.0/lib/ruby/gems/2.4.0/gems/actionpack-5.0.3/lib/action_dispatch/middleware/templates/rescues/template_error.html.erb within rescues/layout (38.2ms)
Started GET "/orders/new?item=1" for 127.0.0.1 at 2017-05-20 20:02:16 +0530
Processing by OrdersController#new as HTML
  Parameters: {"item"=>"1"}
  [1m[36mItem Load (0.5ms)[0m  [1m[34mSELECT  `items`.* FROM `items` WHERE `items`.`item_id` = 1 LIMIT 1[0m
  Rendering orders/new.html.erb within layouts/application
  [1m[36mUser Load (0.6ms)[0m  [1m[34mSELECT  `users`.* FROM `users` WHERE `users`.`user_id` = 'usman2897' LIMIT 1[0m
  Rendered orders/_form.html.erb (23.3ms)
  Rendered orders/new.html.erb within layouts/application (25.0ms)
Completed 500 Internal Server Error in 66ms (ActiveRecord: 1.1ms)


  
ActionView::Template::Error (undefined method `user_name' for nil:NilClass):
    14:   <div class="field">
    15:     <% if account_user_signed_in? && cookies.signed[:id] == 'user' %>
    16:         <% @current_user = current_account_user %>
    17:         <p>User: <%= @current_account_user.user_name %> </p>
    18:     <% end %>
    19:   </div>
    20: 
  
app/views/orders/_form.html.erb:17:in `block in _app_views_orders__form_html_erb__2225869287551865278_70002034462140'
app/views/orders/_form.html.erb:1:in `_app_views_orders__form_html_erb__2225869287551865278_70002034462140'
app/views/orders/new.html.erb:3:in `_app_views_orders_new_html_erb___2725414796354901222_70002034733220'
  Rendering /home/usman/.rbenv/versions/2.4.0/lib/ruby/gems/2.4.0/gems/actionpack-5.0.3/lib/action_dispatch/middleware/templates/rescues/template_error.html.erb within rescues/layout
  Rendering /home/usman/.rbenv/versions/2.4.0/lib/ruby/gems/2.4.0/gems/actionpack-5.0.3/lib/action_dispatch/middleware/templates/rescues/_source.html.erb
  Rendered /home/usman/.rbenv/versions/2.4.0/lib/ruby/gems/2.4.0/gems/actionpack-5.0.3/lib/action_dispatch/middleware/templates/rescues/_source.html.erb (8.5ms)
  Rendering /home/usman/.rbenv/versions/2.4.0/lib/ruby/gems/2.4.0/gems/actionpack-5.0.3/lib/action_dispatch/middleware/templates/rescues/_trace.html.erb
  Rendered /home/usman/.rbenv/versions/2.4.0/lib/ruby/gems/2.4.0/gems/actionpack-5.0.3/lib/action_dispatch/middleware/templates/rescues/_trace.html.erb (4.0ms)
  Rendering /home/usman/.rbenv/versions/2.4.0/lib/ruby/gems/2.4.0/gems/actionpack-5.0.3/lib/action_dispatch/middleware/templates/rescues/_request_and_response.html.erb
  Rendered /home/usman/.rbenv/versions/2.4.0/lib/ruby/gems/2.4.0/gems/actionpack-5.0.3/lib/action_dispatch/middleware/templates/rescues/_request_and_response.html.erb (1.4ms)
  Rendered /home/usman/.rbenv/versions/2.4.0/lib/ruby/gems/2.4.0/gems/actionpack-5.0.3/lib/action_dispatch/middleware/templates/rescues/template_error.html.erb within rescues/layout (35.8ms)
Started GET "/orders/new?item=1" for 127.0.0.1 at 2017-05-20 20:02:32 +0530
Processing by OrdersController#new as HTML
  Parameters: {"item"=>"1"}
  [1m[36mItem Load (0.5ms)[0m  [1m[34mSELECT  `items`.* FROM `items` WHERE `items`.`item_id` = 1 LIMIT 1[0m
  Rendering orders/new.html.erb within layouts/application
  [1m[36mUser Load (0.5ms)[0m  [1m[34mSELECT  `users`.* FROM `users` WHERE `users`.`user_id` = 'usman2897' LIMIT 1[0m
  Rendered orders/_form.html.erb (22.8ms)
  Rendered orders/new.html.erb within layouts/application (24.7ms)
Completed 500 Internal Server Error in 65ms (ActiveRecord: 1.0ms)


  
ActionView::Template::Error (undefined method `user_name' for nil:NilClass):
    14:   <div class="field">
    15:     <% if account_user_signed_in? && cookies.signed[:id] == 'user' %>
    16:         <% @current_user = current_account_user %>
    17:         <p>User: <%= @current_account_user.user_name %> </p>
    18:     <% end %>
    19:   </div>
    20: 
  
app/views/orders/_form.html.erb:17:in `block in _app_views_orders__form_html_erb__2225869287551865278_70001934290180'
app/views/orders/_form.html.erb:1:in `_app_views_orders__form_html_erb__2225869287551865278_70001934290180'
app/views/orders/new.html.erb:3:in `_app_views_orders_new_html_erb___2725414796354901222_70001934477440'
  Rendering /home/usman/.rbenv/versions/2.4.0/lib/ruby/gems/2.4.0/gems/actionpack-5.0.3/lib/action_dispatch/middleware/templates/rescues/template_error.html.erb within rescues/layout
  Rendering /home/usman/.rbenv/versions/2.4.0/lib/ruby/gems/2.4.0/gems/actionpack-5.0.3/lib/action_dispatch/middleware/templates/rescues/_source.html.erb
  Rendered /home/usman/.rbenv/versions/2.4.0/lib/ruby/gems/2.4.0/gems/actionpack-5.0.3/lib/action_dispatch/middleware/templates/rescues/_source.html.erb (8.6ms)
  Rendering /home/usman/.rbenv/versions/2.4.0/lib/ruby/gems/2.4.0/gems/actionpack-5.0.3/lib/action_dispatch/middleware/templates/rescues/_trace.html.erb
  Rendered /home/usman/.rbenv/versions/2.4.0/lib/ruby/gems/2.4.0/gems/actionpack-5.0.3/lib/action_dispatch/middleware/templates/rescues/_trace.html.erb (4.2ms)
  Rendering /home/usman/.rbenv/versions/2.4.0/lib/ruby/gems/2.4.0/gems/actionpack-5.0.3/lib/action_dispatch/middleware/templates/rescues/_request_and_response.html.erb
  Rendered /home/usman/.rbenv/versions/2.4.0/lib/ruby/gems/2.4.0/gems/actionpack-5.0.3/lib/action_dispatch/middleware/templates/rescues/_request_and_response.html.erb (1.6ms)
  Rendered /home/usman/.rbenv/versions/2.4.0/lib/ruby/gems/2.4.0/gems/actionpack-5.0.3/lib/action_dispatch/middleware/templates/rescues/template_error.html.erb within rescues/layout (37.6ms)
Started GET "/orders/new?item=1" for 127.0.0.1 at 2017-05-20 20:03:03 +0530
Processing by OrdersController#new as HTML
  Parameters: {"item"=>"1"}
  [1m[36mItem Load (0.6ms)[0m  [1m[34mSELECT  `items`.* FROM `items` WHERE `items`.`item_id` = 1 LIMIT 1[0m
  Rendering orders/new.html.erb within layouts/application
  [1m[36mUser Load (0.6ms)[0m  [1m[34mSELECT  `users`.* FROM `users` WHERE `users`.`user_id` = 'usman2897' LIMIT 1[0m
  Rendered orders/_form.html.erb (4.8ms)
  Rendered orders/new.html.erb within layouts/application (6.4ms)
Completed 200 OK in 35ms (Views: 31.0ms | ActiveRecord: 1.2ms)


Started POST "/orders" for 127.0.0.1 at 2017-05-20 20:03:13 +0530
Processing by OrdersController#create as HTML
  Parameters: {"utf8"=>"✓", "authenticity_token"=>"6TRjaxMn5T92jg/u7dB8ASaKpk0eE84Tkt9RWKPa/c1qZxKIGeZ+E/zt0CdNHqglpQt6LlhwSXlNrFMfiBf3mg==", "order"=>{"ordered_quantity"=>"2"}, "commit"=>"Create Order"}
  [1m[36mUser Load (0.6ms)[0m  [1m[34mSELECT  `users`.* FROM `users` WHERE `users`.`user_id` = 'usman2897' LIMIT 1[0m
Completed 500 Internal Server Error in 5ms (ActiveRecord: 0.6ms)


  
NoMethodError (undefined method `item_id' for nil:NilClass):
  
app/controllers/orders_controller.rb:29:in `create'
  Rendering /home/usman/.rbenv/versions/2.4.0/lib/ruby/gems/2.4.0/gems/actionpack-5.0.3/lib/action_dispatch/middleware/templates/rescues/diagnostics.html.erb within rescues/layout
  Rendering /home/usman/.rbenv/versions/2.4.0/lib/ruby/gems/2.4.0/gems/actionpack-5.0.3/lib/action_dispatch/middleware/templates/rescues/_source.html.erb
  Rendered /home/usman/.rbenv/versions/2.4.0/lib/ruby/gems/2.4.0/gems/actionpack-5.0.3/lib/action_dispatch/middleware/templates/rescues/_source.html.erb (5.8ms)
  Rendering /home/usman/.rbenv/versions/2.4.0/lib/ruby/gems/2.4.0/gems/actionpack-5.0.3/lib/action_dispatch/middleware/templates/rescues/_trace.html.erb
  Rendered /home/usman/.rbenv/versions/2.4.0/lib/ruby/gems/2.4.0/gems/actionpack-5.0.3/lib/action_dispatch/middleware/templates/rescues/_trace.html.erb (3.5ms)
  Rendering /home/usman/.rbenv/versions/2.4.0/lib/ruby/gems/2.4.0/gems/actionpack-5.0.3/lib/action_dispatch/middleware/templates/rescues/_request_and_response.html.erb
  Rendered /home/usman/.rbenv/versions/2.4.0/lib/ruby/gems/2.4.0/gems/actionpack-5.0.3/lib/action_dispatch/middleware/templates/rescues/_request_and_response.html.erb (1.6ms)
  Rendered /home/usman/.rbenv/versions/2.4.0/lib/ruby/gems/2.4.0/gems/actionpack-5.0.3/lib/action_dispatch/middleware/templates/rescues/diagnostics.html.erb within rescues/layout (34.6ms)
Started GET "/items" for 127.0.0.1 at 2017-05-20 20:05:48 +0530
Processing by ItemsController#index as HTML
  Rendering items/index.html.erb within layouts/standard
  [1m[36mItem Load (0.6ms)[0m  [1m[34mSELECT `items`.* FROM `items` WHERE (quantity > 0)[0m
  [1m[36mCategory Load (0.4ms)[0m  [1m[34mSELECT  `categories`.* FROM `categories` WHERE `categories`.`category_id` = 1 LIMIT 1[0m
  [1m[36mSubCategory Load (0.6ms)[0m  [1m[34mSELECT  `sub_categories`.* FROM `sub_categories` WHERE `sub_categories`.`sub_category_id` = 1 LIMIT 1[0m
  [1m[36mSeller Load (0.4ms)[0m  [1m[34mSELECT  `sellers`.* FROM `sellers` WHERE `sellers`.`seller_id` IS NULL LIMIT 1[0m
  [1m[36mCACHE (0.0ms)[0m  [1m[34mSELECT  `categories`.* FROM `categories` WHERE `categories`.`category_id` = 1 LIMIT 1[0m  [["category_id", 1], ["LIMIT", 1]]
  [1m[36mCACHE (0.0ms)[0m  [1m[34mSELECT  `sub_categories`.* FROM `sub_categories` WHERE `sub_categories`.`sub_category_id` = 1 LIMIT 1[0m  [["sub_category_id", 1], ["LIMIT", 1]]
  [1m[36mCACHE (0.0ms)[0m  [1m[34mSELECT  `sellers`.* FROM `sellers` WHERE `sellers`.`seller_id` IS NULL LIMIT 1[0m  [["LIMIT", 1]]
  [1m[36mCategory Load (0.6ms)[0m  [1m[34mSELECT  `categories`.* FROM `categories` WHERE `categories`.`category_id` = 3 LIMIT 1[0m
  [1m[36mSubCategory Load (0.5ms)[0m  [1m[34mSELECT  `sub_categories`.* FROM `sub_categories` WHERE `sub_categories`.`sub_category_id` = 9 LIMIT 1[0m
  [1m[36mCACHE (0.0ms)[0m  [1m[34mSELECT  `sellers`.* FROM `sellers` WHERE `sellers`.`seller_id` IS NULL LIMIT 1[0m  [["LIMIT", 1]]
  [1m[36mCACHE (0.0ms)[0m  [1m[34mSELECT  `categories`.* FROM `categories` WHERE `categories`.`category_id` = 3 LIMIT 1[0m  [["category_id", 3], ["LIMIT", 1]]
  [1m[36mCACHE (0.0ms)[0m  [1m[34mSELECT  `sub_categories`.* FROM `sub_categories` WHERE `sub_categories`.`sub_category_id` = 9 LIMIT 1[0m  [["sub_category_id", 9], ["LIMIT", 1]]
  [1m[36mCACHE (0.0ms)[0m  [1m[34mSELECT  `sellers`.* FROM `sellers` WHERE `sellers`.`seller_id` IS NULL LIMIT 1[0m  [["LIMIT", 1]]
  [1m[36mCACHE (0.0ms)[0m  [1m[34mSELECT  `categories`.* FROM `categories` WHERE `categories`.`category_id` = 3 LIMIT 1[0m  [["category_id", 3], ["LIMIT", 1]]
  [1m[36mSubCategory Load (0.9ms)[0m  [1m[34mSELECT  `sub_categories`.* FROM `sub_categories` WHERE `sub_categories`.`sub_category_id` = 3 LIMIT 1[0m
  [1m[36mCACHE (0.0ms)[0m  [1m[34mSELECT  `sellers`.* FROM `sellers` WHERE `sellers`.`seller_id` IS NULL LIMIT 1[0m  [["LIMIT", 1]]
  [1m[36mCACHE (0.0ms)[0m  [1m[34mSELECT  `categories`.* FROM `categories` WHERE `categories`.`category_id` = 1 LIMIT 1[0m  [["category_id", 1], ["LIMIT", 1]]
  [1m[36mSubCategory Load (0.5ms)[0m  [1m[34mSELECT  `sub_categories`.* FROM `sub_categories` WHERE `sub_categories`.`sub_category_id` = 2 LIMIT 1[0m
  [1m[36mCACHE (0.0ms)[0m  [1m[34mSELECT  `sellers`.* FROM `sellers` WHERE `sellers`.`seller_id` IS NULL LIMIT 1[0m  [["LIMIT", 1]]
  Rendered items/index.html.erb within layouts/standard (65.6ms)
  [1m[36mUser Load (0.5ms)[0m  [1m[34mSELECT  `users`.* FROM `users` WHERE `users`.`user_id` = 'usman2897' LIMIT 1[0m
Completed 200 OK in 99ms (Views: 85.8ms | ActiveRecord: 10.6ms)


Started GET "/items/1" for 127.0.0.1 at 2017-05-20 20:05:52 +0530
Processing by ItemsController#show as HTML
  Parameters: {"id"=>"1"}
  [1m[36mItem Load (0.6ms)[0m  [1m[34mSELECT  `items`.* FROM `items` WHERE `items`.`item_id` = 1 LIMIT 1[0m
  [1m[36mSeller Load (0.5ms)[0m  [1m[34mSELECT  `sellers`.* FROM `sellers` WHERE `sellers`.`seller_id` IS NULL LIMIT 1[0m
  [1m[36mCACHE (0.0ms)[0m  [1m[34mSELECT  `items`.* FROM `items` WHERE `items`.`item_id` = 1 LIMIT 1[0m  [["item_id", 1], ["LIMIT", 1]]
  [1m[36mCategory Load (0.7ms)[0m  [1m[34mSELECT  `categories`.* FROM `categories` WHERE `categories`.`category_id` = 1 LIMIT 1[0m
  [1m[36mSubCategory Load (0.6ms)[0m  [1m[34mSELECT  `sub_categories`.* FROM `sub_categories` WHERE `sub_categories`.`sub_category_id` = 1 LIMIT 1[0m
  Rendering items/show.html.erb within layouts/standard
  [1m[36mCACHE (0.0ms)[0m  [1m[34mSELECT  `sellers`.* FROM `sellers` WHERE `sellers`.`seller_id` IS NULL LIMIT 1[0m  [["LIMIT", 1]]
  Rendered items/show.html.erb within layouts/standard (7.9ms)
  [1m[36mUser Load (0.6ms)[0m  [1m[34mSELECT  `users`.* FROM `users` WHERE `users`.`user_id` = 'usman2897' LIMIT 1[0m
Completed 200 OK in 52ms (Views: 41.5ms | ActiveRecord: 3.0ms)


Started GET "/orders/new?item=1" for 127.0.0.1 at 2017-05-20 20:05:54 +0530
Processing by OrdersController#new as HTML
  Parameters: {"item"=>"1"}
  [1m[36mItem Load (0.6ms)[0m  [1m[34mSELECT  `items`.* FROM `items` WHERE `items`.`item_id` = 1 LIMIT 1[0m
  Rendering orders/new.html.erb within layouts/application
  [1m[36mUser Load (0.6ms)[0m  [1m[34mSELECT  `users`.* FROM `users` WHERE `users`.`user_id` = 'usman2897' LIMIT 1[0m
  Rendered orders/_form.html.erb (6.1ms)
  Rendered orders/new.html.erb within layouts/application (8.1ms)
Completed 200 OK in 43ms (Views: 39.2ms | ActiveRecord: 1.2ms)


Started GET "/orders/new?item=1" for 127.0.0.1 at 2017-05-20 20:07:05 +0530
Processing by OrdersController#new as HTML
  Parameters: {"item"=>"1"}
  [1m[36mItem Load (1.0ms)[0m  [1m[34mSELECT  `items`.* FROM `items` WHERE `items`.`item_id` = 1 LIMIT 1[0m
  Rendering orders/new.html.erb within layouts/application
  Rendered orders/_form.html.erb (1.6ms)
  Rendered orders/new.html.erb within layouts/application (3.9ms)
Completed 500 Internal Server Error in 11ms (ActiveRecord: 1.0ms)


  
SyntaxError (/home/usman/Projects/rails-project/flickon/app/views/orders/_form.html.erb:27: syntax error, unexpected ':'
dered_quantity, :value => 1, : max => item.quantity, min => 
                              ^
/home/usman/Projects/rails-project/flickon/app/views/orders/_form.html.erb:27: syntax error, unexpected =>, expecting '='
: max => item.quantity, min => 1 );@output_buffer.safe_appen
                              ^):
  
app/views/orders/_form.html.erb:27: syntax error, unexpected ':'
app/views/orders/_form.html.erb:27: syntax error, unexpected =>, expecting '='
app/views/orders/new.html.erb:3:in `_app_views_orders_new_html_erb___2725414796354901222_47147172738320'
  Rendering /home/usman/.rbenv/versions/2.4.0/lib/ruby/gems/2.4.0/gems/actionpack-5.0.3/lib/action_dispatch/middleware/templates/rescues/diagnostics.html.erb within rescues/layout
  Rendering /home/usman/.rbenv/versions/2.4.0/lib/ruby/gems/2.4.0/gems/actionpack-5.0.3/lib/action_dispatch/middleware/templates/rescues/_source.html.erb
  Rendered /home/usman/.rbenv/versions/2.4.0/lib/ruby/gems/2.4.0/gems/actionpack-5.0.3/lib/action_dispatch/middleware/templates/rescues/_source.html.erb (8.6ms)
  Rendering /home/usman/.rbenv/versions/2.4.0/lib/ruby/gems/2.4.0/gems/actionpack-5.0.3/lib/action_dispatch/middleware/templates/rescues/_trace.html.erb
  Rendered /home/usman/.rbenv/versions/2.4.0/lib/ruby/gems/2.4.0/gems/actionpack-5.0.3/lib/action_dispatch/middleware/templates/rescues/_trace.html.erb (4.4ms)
  Rendering /home/usman/.rbenv/versions/2.4.0/lib/ruby/gems/2.4.0/gems/actionpack-5.0.3/lib/action_dispatch/middleware/templates/rescues/_request_and_response.html.erb
  Rendered /home/usman/.rbenv/versions/2.4.0/lib/ruby/gems/2.4.0/gems/actionpack-5.0.3/lib/action_dispatch/middleware/templates/rescues/_request_and_response.html.erb (1.2ms)
  Rendered /home/usman/.rbenv/versions/2.4.0/lib/ruby/gems/2.4.0/gems/actionpack-5.0.3/lib/action_dispatch/middleware/templates/rescues/diagnostics.html.erb within rescues/layout (36.3ms)
Started GET "/orders/new?item=1" for 127.0.0.1 at 2017-05-20 20:07:29 +0530
Processing by OrdersController#new as HTML
  Parameters: {"item"=>"1"}
  [1m[36mItem Load (3.6ms)[0m  [1m[34mSELECT  `items`.* FROM `items` WHERE `items`.`item_id` = 1 LIMIT 1[0m
  Rendering orders/new.html.erb within layouts/application
  [1m[36mUser Load (0.6ms)[0m  [1m[34mSELECT  `users`.* FROM `users` WHERE `users`.`user_id` = 'usman2897' LIMIT 1[0m
  Rendered orders/_form.html.erb (6.0ms)
  Rendered orders/new.html.erb within layouts/application (7.9ms)
Completed 200 OK in 36ms (Views: 29.6ms | ActiveRecord: 4.3ms)


Started POST "/orders" for 127.0.0.1 at 2017-05-20 20:07:37 +0530
Processing by OrdersController#create as HTML
  Parameters: {"utf8"=>"✓", "authenticity_token"=>"6yE8vNYawh2LOhefmEguxSmz5h8rP+IITk01cCR/hWNock1f3NtZMQFZyFY4hvrhqjI6fG1cZWKRPjc3D7KPNA==", "order"=>{"ordered_quantity"=>"1"}, "commit"=>"Create Order"}
  [1m[36mUser Load (0.6ms)[0m  [1m[34mSELECT  `users`.* FROM `users` WHERE `users`.`user_id` = 'usman2897' LIMIT 1[0m
Completed 500 Internal Server Error in 5ms (ActiveRecord: 0.6ms)


  
NoMethodError (undefined method `item_id' for nil:NilClass):
  
app/controllers/orders_controller.rb:29:in `create'
  Rendering /home/usman/.rbenv/versions/2.4.0/lib/ruby/gems/2.4.0/gems/actionpack-5.0.3/lib/action_dispatch/middleware/templates/rescues/diagnostics.html.erb within rescues/layout
  Rendering /home/usman/.rbenv/versions/2.4.0/lib/ruby/gems/2.4.0/gems/actionpack-5.0.3/lib/action_dispatch/middleware/templates/rescues/_source.html.erb
  Rendered /home/usman/.rbenv/versions/2.4.0/lib/ruby/gems/2.4.0/gems/actionpack-5.0.3/lib/action_dispatch/middleware/templates/rescues/_source.html.erb (5.7ms)
  Rendering /home/usman/.rbenv/versions/2.4.0/lib/ruby/gems/2.4.0/gems/actionpack-5.0.3/lib/action_dispatch/middleware/templates/rescues/_trace.html.erb
  Rendered /home/usman/.rbenv/versions/2.4.0/lib/ruby/gems/2.4.0/gems/actionpack-5.0.3/lib/action_dispatch/middleware/templates/rescues/_trace.html.erb (3.1ms)
  Rendering /home/usman/.rbenv/versions/2.4.0/lib/ruby/gems/2.4.0/gems/actionpack-5.0.3/lib/action_dispatch/middleware/templates/rescues/_request_and_response.html.erb
  Rendered /home/usman/.rbenv/versions/2.4.0/lib/ruby/gems/2.4.0/gems/actionpack-5.0.3/lib/action_dispatch/middleware/templates/rescues/_request_and_response.html.erb (1.6ms)
  Rendered /home/usman/.rbenv/versions/2.4.0/lib/ruby/gems/2.4.0/gems/actionpack-5.0.3/lib/action_dispatch/middleware/templates/rescues/diagnostics.html.erb within rescues/layout (34.4ms)
Started GET "/items" for 127.0.0.1 at 2017-05-20 20:08:17 +0530
Processing by ItemsController#index as HTML
  Rendering items/index.html.erb within layouts/standard
  [1m[36mItem Load (2.4ms)[0m  [1m[34mSELECT `items`.* FROM `items` WHERE (quantity > 0)[0m
  [1m[36mCategory Load (1.3ms)[0m  [1m[34mSELECT  `categories`.* FROM `categories` WHERE `categories`.`category_id` = 1 LIMIT 1[0m
  [1m[36mSubCategory Load (1.0ms)[0m  [1m[34mSELECT  `sub_categories`.* FROM `sub_categories` WHERE `sub_categories`.`sub_category_id` = 1 LIMIT 1[0m
  [1m[36mSeller Load (0.4ms)[0m  [1m[34mSELECT  `sellers`.* FROM `sellers` WHERE `sellers`.`seller_id` IS NULL LIMIT 1[0m
  [1m[36mCACHE (0.0ms)[0m  [1m[34mSELECT  `categories`.* FROM `categories` WHERE `categories`.`category_id` = 1 LIMIT 1[0m  [["category_id", 1], ["LIMIT", 1]]
  [1m[36mCACHE (0.0ms)[0m  [1m[34mSELECT  `sub_categories`.* FROM `sub_categories` WHERE `sub_categories`.`sub_category_id` = 1 LIMIT 1[0m  [["sub_category_id", 1], ["LIMIT", 1]]
  [1m[36mCACHE (0.0ms)[0m  [1m[34mSELECT  `sellers`.* FROM `sellers` WHERE `sellers`.`seller_id` IS NULL LIMIT 1[0m  [["LIMIT", 1]]
  [1m[36mCategory Load (2.1ms)[0m  [1m[34mSELECT  `categories`.* FROM `categories` WHERE `categories`.`category_id` = 3 LIMIT 1[0m
  [1m[36mSubCategory Load (0.9ms)[0m  [1m[34mSELECT  `sub_categories`.* FROM `sub_categories` WHERE `sub_categories`.`sub_category_id` = 9 LIMIT 1[0m
  [1m[36mCACHE (0.0ms)[0m  [1m[34mSELECT  `sellers`.* FROM `sellers` WHERE `sellers`.`seller_id` IS NULL LIMIT 1[0m  [["LIMIT", 1]]
  [1m[36mCACHE (0.0ms)[0m  [1m[34mSELECT  `categories`.* FROM `categories` WHERE `categories`.`category_id` = 3 LIMIT 1[0m  [["category_id", 3], ["LIMIT", 1]]
  [1m[36mCACHE (0.0ms)[0m  [1m[34mSELECT  `sub_categories`.* FROM `sub_categories` WHERE `sub_categories`.`sub_category_id` = 9 LIMIT 1[0m  [["sub_category_id", 9], ["LIMIT", 1]]
  [1m[36mCACHE (0.0ms)[0m  [1m[34mSELECT  `sellers`.* FROM `sellers` WHERE `sellers`.`seller_id` IS NULL LIMIT 1[0m  [["LIMIT", 1]]
  [1m[36mCACHE (0.0ms)[0m  [1m[34mSELECT  `categories`.* FROM `categories` WHERE `categories`.`category_id` = 3 LIMIT 1[0m  [["category_id", 3], ["LIMIT", 1]]
  [1m[36mSubCategory Load (0.6ms)[0m  [1m[34mSELECT  `sub_categories`.* FROM `sub_categories` WHERE `sub_categories`.`sub_category_id` = 3 LIMIT 1[0m
  [1m[36mCACHE (0.0ms)[0m  [1m[34mSELECT  `sellers`.* FROM `sellers` WHERE `sellers`.`seller_id` IS NULL LIMIT 1[0m  [["LIMIT", 1]]
  [1m[36mCACHE (0.0ms)[0m  [1m[34mSELECT  `categories`.* FROM `categories` WHERE `categories`.`category_id` = 1 LIMIT 1[0m  [["category_id", 1], ["LIMIT", 1]]
  [1m[36mSubCategory Load (0.6ms)[0m  [1m[34mSELECT  `sub_categories`.* FROM `sub_categories` WHERE `sub_categories`.`sub_category_id` = 2 LIMIT 1[0m
  [1m[36mCACHE (0.0ms)[0m  [1m[34mSELECT  `sellers`.* FROM `sellers` WHERE `sellers`.`seller_id` IS NULL LIMIT 1[0m  [["LIMIT", 1]]
  Rendered items/index.html.erb within layouts/standard (35.2ms)
  [1m[36mUser Load (0.5ms)[0m  [1m[34mSELECT  `users`.* FROM `users` WHERE `users`.`user_id` = 'usman2897' LIMIT 1[0m
Completed 200 OK in 74ms (Views: 62.0ms | ActiveRecord: 10.2ms)


Started GET "/items/1" for 127.0.0.1 at 2017-05-20 20:08:19 +0530
Processing by ItemsController#show as HTML
  Parameters: {"id"=>"1"}
  [1m[36mItem Load (0.6ms)[0m  [1m[34mSELECT  `items`.* FROM `items` WHERE `items`.`item_id` = 1 LIMIT 1[0m
  [1m[36mSeller Load (0.4ms)[0m  [1m[34mSELECT  `sellers`.* FROM `sellers` WHERE `sellers`.`seller_id` IS NULL LIMIT 1[0m
  [1m[36mCACHE (0.0ms)[0m  [1m[34mSELECT  `items`.* FROM `items` WHERE `items`.`item_id` = 1 LIMIT 1[0m  [["item_id", 1], ["LIMIT", 1]]
  [1m[36mCategory Load (0.5ms)[0m  [1m[34mSELECT  `categories`.* FROM `categories` WHERE `categories`.`category_id` = 1 LIMIT 1[0m
  [1m[36mSubCategory Load (0.5ms)[0m  [1m[34mSELECT  `sub_categories`.* FROM `sub_categories` WHERE `sub_categories`.`sub_category_id` = 1 LIMIT 1[0m
  Rendering items/show.html.erb within layouts/standard
  [1m[36mCACHE (0.0ms)[0m  [1m[34mSELECT  `sellers`.* FROM `sellers` WHERE `sellers`.`seller_id` IS NULL LIMIT 1[0m  [["LIMIT", 1]]
  Rendered items/show.html.erb within layouts/standard (3.2ms)
  [1m[36mUser Load (0.6ms)[0m  [1m[34mSELECT  `users`.* FROM `users` WHERE `users`.`user_id` = 'usman2897' LIMIT 1[0m
Completed 200 OK in 40ms (Views: 30.7ms | ActiveRecord: 2.7ms)


Started GET "/orders/new?item=1" for 127.0.0.1 at 2017-05-20 20:08:21 +0530
Processing by OrdersController#new as HTML
  Parameters: {"item"=>"1"}
  [1m[36mItem Load (0.6ms)[0m  [1m[34mSELECT  `items`.* FROM `items` WHERE `items`.`item_id` = 1 LIMIT 1[0m
  Rendering orders/new.html.erb within layouts/application
  [1m[36mUser Load (1.7ms)[0m  [1m[34mSELECT  `users`.* FROM `users` WHERE `users`.`user_id` = 'usman2897' LIMIT 1[0m
  Rendered orders/_form.html.erb (7.9ms)
  Rendered orders/new.html.erb within layouts/application (9.8ms)
Completed 200 OK in 40ms (Views: 35.3ms | ActiveRecord: 2.3ms)


Started POST "/orders" for 127.0.0.1 at 2017-05-20 20:11:33 +0530
Processing by OrdersController#create as HTML
  Parameters: {"utf8"=>"✓", "authenticity_token"=>"CMm/R9UZ1fbxWe7fRePiYZrxTfQq4XL5xOWINRlyVqRkocGwj9ZPq1QxUWrxF5HQBXP6fkC4H2zn5O4FLjIihw==", "order"=>{"ordered_quantity"=>"1"}, "commit"=>"Create Order"}
  [1m[36mUser Load (0.5ms)[0m  [1m[34mSELECT  `users`.* FROM `users` WHERE `users`.`user_id` = 'usman2897' LIMIT 1[0m
Completed 500 Internal Server Error in 4ms (ActiveRecord: 0.5ms)


  
NoMethodError (undefined method `item_id' for nil:NilClass):
  
app/controllers/orders_controller.rb:29:in `create'
  Rendering /home/usman/.rbenv/versions/2.4.0/lib/ruby/gems/2.4.0/gems/actionpack-5.0.3/lib/action_dispatch/middleware/templates/rescues/diagnostics.html.erb within rescues/layout
  Rendering /home/usman/.rbenv/versions/2.4.0/lib/ruby/gems/2.4.0/gems/actionpack-5.0.3/lib/action_dispatch/middleware/templates/rescues/_source.html.erb
  Rendered /home/usman/.rbenv/versions/2.4.0/lib/ruby/gems/2.4.0/gems/actionpack-5.0.3/lib/action_dispatch/middleware/templates/rescues/_source.html.erb (4.7ms)
  Rendering /home/usman/.rbenv/versions/2.4.0/lib/ruby/gems/2.4.0/gems/actionpack-5.0.3/lib/action_dispatch/middleware/templates/rescues/_trace.html.erb
  Rendered /home/usman/.rbenv/versions/2.4.0/lib/ruby/gems/2.4.0/gems/actionpack-5.0.3/lib/action_dispatch/middleware/templates/rescues/_trace.html.erb (2.3ms)
  Rendering /home/usman/.rbenv/versions/2.4.0/lib/ruby/gems/2.4.0/gems/actionpack-5.0.3/lib/action_dispatch/middleware/templates/rescues/_request_and_response.html.erb
  Rendered /home/usman/.rbenv/versions/2.4.0/lib/ruby/gems/2.4.0/gems/actionpack-5.0.3/lib/action_dispatch/middleware/templates/rescues/_request_and_response.html.erb (1.2ms)
  Rendered /home/usman/.rbenv/versions/2.4.0/lib/ruby/gems/2.4.0/gems/actionpack-5.0.3/lib/action_dispatch/middleware/templates/rescues/diagnostics.html.erb within rescues/layout (28.4ms)
Started GET "/items" for 127.0.0.1 at 2017-05-20 20:13:05 +0530
Processing by ItemsController#index as HTML
  Rendering items/index.html.erb within layouts/standard
  [1m[36mItem Load (0.6ms)[0m  [1m[34mSELECT `items`.* FROM `items` WHERE (quantity > 0)[0m
  [1m[36mCategory Load (0.5ms)[0m  [1m[34mSELECT  `categories`.* FROM `categories` WHERE `categories`.`category_id` = 1 LIMIT 1[0m
  [1m[36mSubCategory Load (0.4ms)[0m  [1m[34mSELECT  `sub_categories`.* FROM `sub_categories` WHERE `sub_categories`.`sub_category_id` = 1 LIMIT 1[0m
  [1m[36mSeller Load (0.3ms)[0m  [1m[34mSELECT  `sellers`.* FROM `sellers` WHERE `sellers`.`seller_id` IS NULL LIMIT 1[0m
  [1m[36mCACHE (0.0ms)[0m  [1m[34mSELECT  `categories`.* FROM `categories` WHERE `categories`.`category_id` = 1 LIMIT 1[0m  [["category_id", 1], ["LIMIT", 1]]
  [1m[36mCACHE (0.0ms)[0m  [1m[34mSELECT  `sub_categories`.* FROM `sub_categories` WHERE `sub_categories`.`sub_category_id` = 1 LIMIT 1[0m  [["sub_category_id", 1], ["LIMIT", 1]]
  [1m[36mCACHE (0.0ms)[0m  [1m[34mSELECT  `sellers`.* FROM `sellers` WHERE `sellers`.`seller_id` IS NULL LIMIT 1[0m  [["LIMIT", 1]]
  [1m[36mCategory Load (0.5ms)[0m  [1m[34mSELECT  `categories`.* FROM `categories` WHERE `categories`.`category_id` = 3 LIMIT 1[0m
  [1m[36mSubCategory Load (0.4ms)[0m  [1m[34mSELECT  `sub_categories`.* FROM `sub_categories` WHERE `sub_categories`.`sub_category_id` = 9 LIMIT 1[0m
  [1m[36mCACHE (0.0ms)[0m  [1m[34mSELECT  `sellers`.* FROM `sellers` WHERE `sellers`.`seller_id` IS NULL LIMIT 1[0m  [["LIMIT", 1]]
  [1m[36mCACHE (0.0ms)[0m  [1m[34mSELECT  `categories`.* FROM `categories` WHERE `categories`.`category_id` = 3 LIMIT 1[0m  [["category_id", 3], ["LIMIT", 1]]
  [1m[36mCACHE (0.0ms)[0m  [1m[34mSELECT  `sub_categories`.* FROM `sub_categories` WHERE `sub_categories`.`sub_category_id` = 9 LIMIT 1[0m  [["sub_category_id", 9], ["LIMIT", 1]]
  [1m[36mCACHE (0.0ms)[0m  [1m[34mSELECT  `sellers`.* FROM `sellers` WHERE `sellers`.`seller_id` IS NULL LIMIT 1[0m  [["LIMIT", 1]]
  [1m[36mCACHE (0.0ms)[0m  [1m[34mSELECT  `categories`.* FROM `categories` WHERE `categories`.`category_id` = 3 LIMIT 1[0m  [["category_id", 3], ["LIMIT", 1]]
  [1m[36mSubCategory Load (0.5ms)[0m  [1m[34mSELECT  `sub_categories`.* FROM `sub_categories` WHERE `sub_categories`.`sub_category_id` = 3 LIMIT 1[0m
  [1m[36mCACHE (0.0ms)[0m  [1m[34mSELECT  `sellers`.* FROM `sellers` WHERE `sellers`.`seller_id` IS NULL LIMIT 1[0m  [["LIMIT", 1]]
  [1m[36mCACHE (0.0ms)[0m  [1m[34mSELECT  `categories`.* FROM `categories` WHERE `categories`.`category_id` = 1 LIMIT 1[0m  [["category_id", 1], ["LIMIT", 1]]
  [1m[36mSubCategory Load (0.5ms)[0m  [1m[34mSELECT  `sub_categories`.* FROM `sub_categories` WHERE `sub_categories`.`sub_category_id` = 2 LIMIT 1[0m
  [1m[36mCACHE (0.0ms)[0m  [1m[34mSELECT  `sellers`.* FROM `sellers` WHERE `sellers`.`seller_id` IS NULL LIMIT 1[0m  [["LIMIT", 1]]
  Rendered items/index.html.erb within layouts/standard (48.4ms)
  [1m[36mUser Load (0.5ms)[0m  [1m[34mSELECT  `users`.* FROM `users` WHERE `users`.`user_id` = 'usman2897' LIMIT 1[0m
Completed 200 OK in 93ms (Views: 77.7ms | ActiveRecord: 4.5ms)


Started GET "/items/1" for 127.0.0.1 at 2017-05-20 20:13:08 +0530
Processing by ItemsController#show as HTML
  Parameters: {"id"=>"1"}
  [1m[36mItem Load (0.5ms)[0m  [1m[34mSELECT  `items`.* FROM `items` WHERE `items`.`item_id` = 1 LIMIT 1[0m
  [1m[36mSeller Load (0.4ms)[0m  [1m[34mSELECT  `sellers`.* FROM `sellers` WHERE `sellers`.`seller_id` IS NULL LIMIT 1[0m
  [1m[36mCACHE (0.0ms)[0m  [1m[34mSELECT  `items`.* FROM `items` WHERE `items`.`item_id` = 1 LIMIT 1[0m  [["item_id", 1], ["LIMIT", 1]]
  [1m[36mCategory Load (0.4ms)[0m  [1m[34mSELECT  `categories`.* FROM `categories` WHERE `categories`.`category_id` = 1 LIMIT 1[0m
  [1m[36mSubCategory Load (0.4ms)[0m  [1m[34mSELECT  `sub_categories`.* FROM `sub_categories` WHERE `sub_categories`.`sub_category_id` = 1 LIMIT 1[0m
  Rendering items/show.html.erb within layouts/standard
  [1m[36mCACHE (0.0ms)[0m  [1m[34mSELECT  `sellers`.* FROM `sellers` WHERE `sellers`.`seller_id` IS NULL LIMIT 1[0m  [["LIMIT", 1]]
  Rendered items/show.html.erb within layouts/standard (4.0ms)
  [1m[36mUser Load (0.5ms)[0m  [1m[34mSELECT  `users`.* FROM `users` WHERE `users`.`user_id` = 'usman2897' LIMIT 1[0m
Completed 200 OK in 33ms (Views: 23.7ms | ActiveRecord: 2.3ms)


Started GET "/orders/new?item=1" for 127.0.0.1 at 2017-05-20 20:13:09 +0530
Processing by OrdersController#new as HTML
  Parameters: {"item"=>"1"}
  [1m[36mItem Load (0.5ms)[0m  [1m[34mSELECT  `items`.* FROM `items` WHERE `items`.`item_id` = 1 LIMIT 1[0m
  Rendering orders/new.html.erb within layouts/application
  [1m[36mUser Load (0.6ms)[0m  [1m[34mSELECT  `users`.* FROM `users` WHERE `users`.`user_id` = 'usman2897' LIMIT 1[0m
  Rendered orders/_form.html.erb (6.3ms)
  Rendered orders/new.html.erb within layouts/application (8.2ms)
Completed 200 OK in 53ms (Views: 32.2ms | ActiveRecord: 2.7ms)


Started POST "/orders" for 127.0.0.1 at 2017-05-20 20:13:11 +0530
Processing by OrdersController#create as HTML
  Parameters: {"utf8"=>"✓", "authenticity_token"=>"pgL2dbAjAKrH3pSMxnqpZSFE3IiKzeagw8un9WJbAiHKaoiC6uya92K2KzlyjtrUvsZrAuCUizXgysHFVRt2Ag==", "order"=>{"ordered_quantity"=>"1"}, "commit"=>"Create Order"}
  [1m[36mUser Load (0.5ms)[0m  [1m[34mSELECT  `users`.* FROM `users` WHERE `users`.`user_id` = 'usman2897' LIMIT 1[0m
Completed 500 Internal Server Error in 5ms (ActiveRecord: 0.5ms)


  
NoMethodError (undefined method `user_id=' for nil:NilClass):
  
app/controllers/orders_controller.rb:30:in `create'
  Rendering /home/usman/.rbenv/versions/2.4.0/lib/ruby/gems/2.4.0/gems/actionpack-5.0.3/lib/action_dispatch/middleware/templates/rescues/diagnostics.html.erb within rescues/layout
  Rendering /home/usman/.rbenv/versions/2.4.0/lib/ruby/gems/2.4.0/gems/actionpack-5.0.3/lib/action_dispatch/middleware/templates/rescues/_source.html.erb
  Rendered /home/usman/.rbenv/versions/2.4.0/lib/ruby/gems/2.4.0/gems/actionpack-5.0.3/lib/action_dispatch/middleware/templates/rescues/_source.html.erb (5.3ms)
  Rendering /home/usman/.rbenv/versions/2.4.0/lib/ruby/gems/2.4.0/gems/actionpack-5.0.3/lib/action_dispatch/middleware/templates/rescues/_trace.html.erb
  Rendered /home/usman/.rbenv/versions/2.4.0/lib/ruby/gems/2.4.0/gems/actionpack-5.0.3/lib/action_dispatch/middleware/templates/rescues/_trace.html.erb (3.0ms)
  Rendering /home/usman/.rbenv/versions/2.4.0/lib/ruby/gems/2.4.0/gems/actionpack-5.0.3/lib/action_dispatch/middleware/templates/rescues/_request_and_response.html.erb
  Rendered /home/usman/.rbenv/versions/2.4.0/lib/ruby/gems/2.4.0/gems/actionpack-5.0.3/lib/action_dispatch/middleware/templates/rescues/_request_and_response.html.erb (1.7ms)
  Rendered /home/usman/.rbenv/versions/2.4.0/lib/ruby/gems/2.4.0/gems/actionpack-5.0.3/lib/action_dispatch/middleware/templates/rescues/diagnostics.html.erb within rescues/layout (31.1ms)
Started POST "/orders" for 127.0.0.1 at 2017-05-20 20:15:01 +0530
Processing by OrdersController#create as HTML
  Parameters: {"utf8"=>"✓", "authenticity_token"=>"pgL2dbAjAKrH3pSMxnqpZSFE3IiKzeagw8un9WJbAiHKaoiC6uya92K2KzlyjtrUvsZrAuCUizXgysHFVRt2Ag==", "order"=>{"ordered_quantity"=>"1"}, "commit"=>"Create Order"}
  [1m[36mUser Load (0.5ms)[0m  [1m[34mSELECT  `users`.* FROM `users` WHERE `users`.`user_id` = 'usman2897' LIMIT 1[0m
Completed 500 Internal Server Error in 22ms (ActiveRecord: 2.3ms)


  
NoMethodError (undefined method `ordered_quantity=' for nil:NilClass):
  
app/controllers/orders_controller.rb:30:in `create'
  Rendering /home/usman/.rbenv/versions/2.4.0/lib/ruby/gems/2.4.0/gems/actionpack-5.0.3/lib/action_dispatch/middleware/templates/rescues/diagnostics.html.erb within rescues/layout
  Rendering /home/usman/.rbenv/versions/2.4.0/lib/ruby/gems/2.4.0/gems/actionpack-5.0.3/lib/action_dispatch/middleware/templates/rescues/_source.html.erb
  Rendered /home/usman/.rbenv/versions/2.4.0/lib/ruby/gems/2.4.0/gems/actionpack-5.0.3/lib/action_dispatch/middleware/templates/rescues/_source.html.erb (4.8ms)
  Rendering /home/usman/.rbenv/versions/2.4.0/lib/ruby/gems/2.4.0/gems/actionpack-5.0.3/lib/action_dispatch/middleware/templates/rescues/_trace.html.erb
  Rendered /home/usman/.rbenv/versions/2.4.0/lib/ruby/gems/2.4.0/gems/actionpack-5.0.3/lib/action_dispatch/middleware/templates/rescues/_trace.html.erb (2.3ms)
  Rendering /home/usman/.rbenv/versions/2.4.0/lib/ruby/gems/2.4.0/gems/actionpack-5.0.3/lib/action_dispatch/middleware/templates/rescues/_request_and_response.html.erb
  Rendered /home/usman/.rbenv/versions/2.4.0/lib/ruby/gems/2.4.0/gems/actionpack-5.0.3/lib/action_dispatch/middleware/templates/rescues/_request_and_response.html.erb (1.3ms)
  Rendered /home/usman/.rbenv/versions/2.4.0/lib/ruby/gems/2.4.0/gems/actionpack-5.0.3/lib/action_dispatch/middleware/templates/rescues/diagnostics.html.erb within rescues/layout (28.3ms)
Started POST "/orders" for 127.0.0.1 at 2017-05-20 20:16:23 +0530
Processing by OrdersController#create as HTML
  Parameters: {"utf8"=>"✓", "authenticity_token"=>"pgL2dbAjAKrH3pSMxnqpZSFE3IiKzeagw8un9WJbAiHKaoiC6uya92K2KzlyjtrUvsZrAuCUizXgysHFVRt2Ag==", "order"=>{"ordered_quantity"=>"1"}, "commit"=>"Create Order"}
  [1m[36mUser Load (0.6ms)[0m  [1m[34mSELECT  `users`.* FROM `users` WHERE `users`.`user_id` = 'usman2897' LIMIT 1[0m
Completed 500 Internal Server Error in 6ms (ActiveRecord: 0.6ms)


  
NoMethodError (undefined method `ordered_quantity=' for nil:NilClass):
  
app/controllers/orders_controller.rb:30:in `create'
  Rendering /home/usman/.rbenv/versions/2.4.0/lib/ruby/gems/2.4.0/gems/actionpack-5.0.3/lib/action_dispatch/middleware/templates/rescues/diagnostics.html.erb within rescues/layout
  Rendering /home/usman/.rbenv/versions/2.4.0/lib/ruby/gems/2.4.0/gems/actionpack-5.0.3/lib/action_dispatch/middleware/templates/rescues/_source.html.erb
  Rendered /home/usman/.rbenv/versions/2.4.0/lib/ruby/gems/2.4.0/gems/actionpack-5.0.3/lib/action_dispatch/middleware/templates/rescues/_source.html.erb (5.8ms)
  Rendering /home/usman/.rbenv/versions/2.4.0/lib/ruby/gems/2.4.0/gems/actionpack-5.0.3/lib/action_dispatch/middleware/templates/rescues/_trace.html.erb
  Rendered /home/usman/.rbenv/versions/2.4.0/lib/ruby/gems/2.4.0/gems/actionpack-5.0.3/lib/action_dispatch/middleware/templates/rescues/_trace.html.erb (3.1ms)
  Rendering /home/usman/.rbenv/versions/2.4.0/lib/ruby/gems/2.4.0/gems/actionpack-5.0.3/lib/action_dispatch/middleware/templates/rescues/_request_and_response.html.erb
  Rendered /home/usman/.rbenv/versions/2.4.0/lib/ruby/gems/2.4.0/gems/actionpack-5.0.3/lib/action_dispatch/middleware/templates/rescues/_request_and_response.html.erb (2.1ms)
  Rendered /home/usman/.rbenv/versions/2.4.0/lib/ruby/gems/2.4.0/gems/actionpack-5.0.3/lib/action_dispatch/middleware/templates/rescues/diagnostics.html.erb within rescues/layout (32.2ms)
Started GET "/items" for 127.0.0.1 at 2017-05-20 20:19:02 +0530
Processing by ItemsController#index as HTML
  Rendering items/index.html.erb within layouts/standard
  [1m[36mItem Load (0.5ms)[0m  [1m[34mSELECT `items`.* FROM `items` WHERE (quantity > 0)[0m
  [1m[36mCategory Load (0.4ms)[0m  [1m[34mSELECT  `categories`.* FROM `categories` WHERE `categories`.`category_id` = 1 LIMIT 1[0m
  [1m[36mSubCategory Load (0.4ms)[0m  [1m[34mSELECT  `sub_categories`.* FROM `sub_categories` WHERE `sub_categories`.`sub_category_id` = 1 LIMIT 1[0m
  [1m[36mSeller Load (0.4ms)[0m  [1m[34mSELECT  `sellers`.* FROM `sellers` WHERE `sellers`.`seller_id` IS NULL LIMIT 1[0m
  [1m[36mCACHE (0.0ms)[0m  [1m[34mSELECT  `categories`.* FROM `categories` WHERE `categories`.`category_id` = 1 LIMIT 1[0m  [["category_id", 1], ["LIMIT", 1]]
  [1m[36mCACHE (0.0ms)[0m  [1m[34mSELECT  `sub_categories`.* FROM `sub_categories` WHERE `sub_categories`.`sub_category_id` = 1 LIMIT 1[0m  [["sub_category_id", 1], ["LIMIT", 1]]
  [1m[36mCACHE (0.0ms)[0m  [1m[34mSELECT  `sellers`.* FROM `sellers` WHERE `sellers`.`seller_id` IS NULL LIMIT 1[0m  [["LIMIT", 1]]
  [1m[36mCategory Load (0.6ms)[0m  [1m[34mSELECT  `categories`.* FROM `categories` WHERE `categories`.`category_id` = 3 LIMIT 1[0m
  [1m[36mSubCategory Load (0.5ms)[0m  [1m[34mSELECT  `sub_categories`.* FROM `sub_categories` WHERE `sub_categories`.`sub_category_id` = 9 LIMIT 1[0m
  [1m[36mCACHE (0.0ms)[0m  [1m[34mSELECT  `sellers`.* FROM `sellers` WHERE `sellers`.`seller_id` IS NULL LIMIT 1[0m  [["LIMIT", 1]]
  [1m[36mCACHE (0.0ms)[0m  [1m[34mSELECT  `categories`.* FROM `categories` WHERE `categories`.`category_id` = 3 LIMIT 1[0m  [["category_id", 3], ["LIMIT", 1]]
  [1m[36mCACHE (0.0ms)[0m  [1m[34mSELECT  `sub_categories`.* FROM `sub_categories` WHERE `sub_categories`.`sub_category_id` = 9 LIMIT 1[0m  [["sub_category_id", 9], ["LIMIT", 1]]
  [1m[36mCACHE (0.0ms)[0m  [1m[34mSELECT  `sellers`.* FROM `sellers` WHERE `sellers`.`seller_id` IS NULL LIMIT 1[0m  [["LIMIT", 1]]
  [1m[36mCACHE (0.0ms)[0m  [1m[34mSELECT  `categories`.* FROM `categories` WHERE `categories`.`category_id` = 3 LIMIT 1[0m  [["category_id", 3], ["LIMIT", 1]]
  [1m[36mSubCategory Load (0.5ms)[0m  [1m[34mSELECT  `sub_categories`.* FROM `sub_categories` WHERE `sub_categories`.`sub_category_id` = 3 LIMIT 1[0m
  [1m[36mCACHE (0.0ms)[0m  [1m[34mSELECT  `sellers`.* FROM `sellers` WHERE `sellers`.`seller_id` IS NULL LIMIT 1[0m  [["LIMIT", 1]]
  [1m[36mCACHE (0.0ms)[0m  [1m[34mSELECT  `categories`.* FROM `categories` WHERE `categories`.`category_id` = 1 LIMIT 1[0m  [["category_id", 1], ["LIMIT", 1]]
  [1m[36mSubCategory Load (0.5ms)[0m  [1m[34mSELECT  `sub_categories`.* FROM `sub_categories` WHERE `sub_categories`.`sub_category_id` = 2 LIMIT 1[0m
  [1m[36mCACHE (0.0ms)[0m  [1m[34mSELECT  `sellers`.* FROM `sellers` WHERE `sellers`.`seller_id` IS NULL LIMIT 1[0m  [["LIMIT", 1]]
  Rendered items/index.html.erb within layouts/standard (65.2ms)
  [1m[36mUser Load (0.5ms)[0m  [1m[34mSELECT  `users`.* FROM `users` WHERE `users`.`user_id` = 'usman2897' LIMIT 1[0m
Completed 200 OK in 130ms (Views: 102.1ms | ActiveRecord: 12.9ms)


Started GET "/items/1" for 127.0.0.1 at 2017-05-20 20:19:05 +0530
Processing by ItemsController#show as HTML
  Parameters: {"id"=>"1"}
  [1m[36mItem Load (0.6ms)[0m  [1m[34mSELECT  `items`.* FROM `items` WHERE `items`.`item_id` = 1 LIMIT 1[0m
  [1m[36mSeller Load (0.4ms)[0m  [1m[34mSELECT  `sellers`.* FROM `sellers` WHERE `sellers`.`seller_id` IS NULL LIMIT 1[0m
  [1m[36mCACHE (0.0ms)[0m  [1m[34mSELECT  `items`.* FROM `items` WHERE `items`.`item_id` = 1 LIMIT 1[0m  [["item_id", 1], ["LIMIT", 1]]
  [1m[36mCategory Load (0.5ms)[0m  [1m[34mSELECT  `categories`.* FROM `categories` WHERE `categories`.`category_id` = 1 LIMIT 1[0m
  [1m[36mSubCategory Load (0.6ms)[0m  [1m[34mSELECT  `sub_categories`.* FROM `sub_categories` WHERE `sub_categories`.`sub_category_id` = 1 LIMIT 1[0m
  Rendering items/show.html.erb within layouts/standard
  [1m[36mCACHE (0.0ms)[0m  [1m[34mSELECT  `sellers`.* FROM `sellers` WHERE `sellers`.`seller_id` IS NULL LIMIT 1[0m  [["LIMIT", 1]]
  Rendered items/show.html.erb within layouts/standard (4.5ms)
  [1m[36mUser Load (0.6ms)[0m  [1m[34mSELECT  `users`.* FROM `users` WHERE `users`.`user_id` = 'usman2897' LIMIT 1[0m
Completed 200 OK in 45ms (Views: 35.3ms | ActiveRecord: 2.7ms)


Started GET "/orders/new?item=1" for 127.0.0.1 at 2017-05-20 20:19:06 +0530
Processing by OrdersController#new as HTML
  Parameters: {"item"=>"1"}
  [1m[36mItem Load (0.6ms)[0m  [1m[34mSELECT  `items`.* FROM `items` WHERE `items`.`item_id` = 1 LIMIT 1[0m
  Rendering orders/new.html.erb within layouts/application
  [1m[36mUser Load (0.5ms)[0m  [1m[34mSELECT  `users`.* FROM `users` WHERE `users`.`user_id` = 'usman2897' LIMIT 1[0m
  Rendered orders/_form.html.erb (5.9ms)
  Rendered orders/new.html.erb within layouts/application (8.0ms)
Completed 200 OK in 63ms (Views: 35.8ms | ActiveRecord: 2.9ms)


Started POST "/orders" for 127.0.0.1 at 2017-05-20 20:19:08 +0530
Processing by OrdersController#create as HTML
  Parameters: {"utf8"=>"✓", "authenticity_token"=>"C3jye4mqgEhBatqnyocUgDPUXwjyL8qEoUuCxrIZtHxnEIyM02UaFeQCZRJ+c2cxrFbogph2pxGCSuT2hVnAXw==", "order"=>{"ordered_quantity"=>"1"}, "commit"=>"Create Order"}
  [1m[36mUser Load (0.6ms)[0m  [1m[34mSELECT  `users`.* FROM `users` WHERE `users`.`user_id` = 'usman2897' LIMIT 1[0m
Completed 500 Internal Server Error in 6ms (ActiveRecord: 0.6ms)


  
NoMethodError (undefined method `ordered_quantity=' for nil:NilClass):
  
app/controllers/orders_controller.rb:30:in `create'
  Rendering /home/usman/.rbenv/versions/2.4.0/lib/ruby/gems/2.4.0/gems/actionpack-5.0.3/lib/action_dispatch/middleware/templates/rescues/diagnostics.html.erb within rescues/layout
  Rendering /home/usman/.rbenv/versions/2.4.0/lib/ruby/gems/2.4.0/gems/actionpack-5.0.3/lib/action_dispatch/middleware/templates/rescues/_source.html.erb
  Rendered /home/usman/.rbenv/versions/2.4.0/lib/ruby/gems/2.4.0/gems/actionpack-5.0.3/lib/action_dispatch/middleware/templates/rescues/_source.html.erb (5.4ms)
  Rendering /home/usman/.rbenv/versions/2.4.0/lib/ruby/gems/2.4.0/gems/actionpack-5.0.3/lib/action_dispatch/middleware/templates/rescues/_trace.html.erb
  Rendered /home/usman/.rbenv/versions/2.4.0/lib/ruby/gems/2.4.0/gems/actionpack-5.0.3/lib/action_dispatch/middleware/templates/rescues/_trace.html.erb (3.3ms)
  Rendering /home/usman/.rbenv/versions/2.4.0/lib/ruby/gems/2.4.0/gems/actionpack-5.0.3/lib/action_dispatch/middleware/templates/rescues/_request_and_response.html.erb
  Rendered /home/usman/.rbenv/versions/2.4.0/lib/ruby/gems/2.4.0/gems/actionpack-5.0.3/lib/action_dispatch/middleware/templates/rescues/_request_and_response.html.erb (1.6ms)
  Rendered /home/usman/.rbenv/versions/2.4.0/lib/ruby/gems/2.4.0/gems/actionpack-5.0.3/lib/action_dispatch/middleware/templates/rescues/diagnostics.html.erb within rescues/layout (32.7ms)
Started GET "/items" for 127.0.0.1 at 2017-05-20 20:19:54 +0530
Processing by ItemsController#index as HTML
  Rendering items/index.html.erb within layouts/standard
  [1m[36mItem Load (0.5ms)[0m  [1m[34mSELECT `items`.* FROM `items` WHERE (quantity > 0)[0m
  [1m[36mCategory Load (0.6ms)[0m  [1m[34mSELECT  `categories`.* FROM `categories` WHERE `categories`.`category_id` = 1 LIMIT 1[0m
  [1m[36mSubCategory Load (0.4ms)[0m  [1m[34mSELECT  `sub_categories`.* FROM `sub_categories` WHERE `sub_categories`.`sub_category_id` = 1 LIMIT 1[0m
  [1m[36mSeller Load (0.4ms)[0m  [1m[34mSELECT  `sellers`.* FROM `sellers` WHERE `sellers`.`seller_id` IS NULL LIMIT 1[0m
  [1m[36mCACHE (0.0ms)[0m  [1m[34mSELECT  `categories`.* FROM `categories` WHERE `categories`.`category_id` = 1 LIMIT 1[0m  [["category_id", 1], ["LIMIT", 1]]
  [1m[36mCACHE (0.0ms)[0m  [1m[34mSELECT  `sub_categories`.* FROM `sub_categories` WHERE `sub_categories`.`sub_category_id` = 1 LIMIT 1[0m  [["sub_category_id", 1], ["LIMIT", 1]]
  [1m[36mCACHE (0.0ms)[0m  [1m[34mSELECT  `sellers`.* FROM `sellers` WHERE `sellers`.`seller_id` IS NULL LIMIT 1[0m  [["LIMIT", 1]]
  [1m[36mCategory Load (0.5ms)[0m  [1m[34mSELECT  `categories`.* FROM `categories` WHERE `categories`.`category_id` = 3 LIMIT 1[0m
  [1m[36mSubCategory Load (0.3ms)[0m  [1m[34mSELECT  `sub_categories`.* FROM `sub_categories` WHERE `sub_categories`.`sub_category_id` = 9 LIMIT 1[0m
  [1m[36mCACHE (0.0ms)[0m  [1m[34mSELECT  `sellers`.* FROM `sellers` WHERE `sellers`.`seller_id` IS NULL LIMIT 1[0m  [["LIMIT", 1]]
  [1m[36mCACHE (0.0ms)[0m  [1m[34mSELECT  `categories`.* FROM `categories` WHERE `categories`.`category_id` = 3 LIMIT 1[0m  [["category_id", 3], ["LIMIT", 1]]
  [1m[36mCACHE (0.0ms)[0m  [1m[34mSELECT  `sub_categories`.* FROM `sub_categories` WHERE `sub_categories`.`sub_category_id` = 9 LIMIT 1[0m  [["sub_category_id", 9], ["LIMIT", 1]]
  [1m[36mCACHE (0.0ms)[0m  [1m[34mSELECT  `sellers`.* FROM `sellers` WHERE `sellers`.`seller_id` IS NULL LIMIT 1[0m  [["LIMIT", 1]]
  [1m[36mCACHE (0.0ms)[0m  [1m[34mSELECT  `categories`.* FROM `categories` WHERE `categories`.`category_id` = 3 LIMIT 1[0m  [["category_id", 3], ["LIMIT", 1]]
  [1m[36mSubCategory Load (0.6ms)[0m  [1m[34mSELECT  `sub_categories`.* FROM `sub_categories` WHERE `sub_categories`.`sub_category_id` = 3 LIMIT 1[0m
  [1m[36mCACHE (0.0ms)[0m  [1m[34mSELECT  `sellers`.* FROM `sellers` WHERE `sellers`.`seller_id` IS NULL LIMIT 1[0m  [["LIMIT", 1]]
  [1m[36mCACHE (0.0ms)[0m  [1m[34mSELECT  `categories`.* FROM `categories` WHERE `categories`.`category_id` = 1 LIMIT 1[0m  [["category_id", 1], ["LIMIT", 1]]
  [1m[36mSubCategory Load (0.5ms)[0m  [1m[34mSELECT  `sub_categories`.* FROM `sub_categories` WHERE `sub_categories`.`sub_category_id` = 2 LIMIT 1[0m
  [1m[36mCACHE (0.0ms)[0m  [1m[34mSELECT  `sellers`.* FROM `sellers` WHERE `sellers`.`seller_id` IS NULL LIMIT 1[0m  [["LIMIT", 1]]
  Rendered items/index.html.erb within layouts/standard (59.8ms)
  [1m[36mUser Load (0.4ms)[0m  [1m[34mSELECT  `users`.* FROM `users` WHERE `users`.`user_id` = 'usman2897' LIMIT 1[0m
Completed 200 OK in 119ms (Views: 91.8ms | ActiveRecord: 11.4ms)


Started GET "/items/6" for 127.0.0.1 at 2017-05-20 20:19:56 +0530
Processing by ItemsController#show as HTML
  Parameters: {"id"=>"6"}
  [1m[36mItem Load (0.6ms)[0m  [1m[34mSELECT  `items`.* FROM `items` WHERE `items`.`item_id` = 6 LIMIT 1[0m
  [1m[36mSeller Load (0.5ms)[0m  [1m[34mSELECT  `sellers`.* FROM `sellers` WHERE `sellers`.`seller_id` IS NULL LIMIT 1[0m
  [1m[36mCACHE (0.0ms)[0m  [1m[34mSELECT  `items`.* FROM `items` WHERE `items`.`item_id` = 6 LIMIT 1[0m  [["item_id", 6], ["LIMIT", 1]]
  [1m[36mCategory Load (0.8ms)[0m  [1m[34mSELECT  `categories`.* FROM `categories` WHERE `categories`.`category_id` = 1 LIMIT 1[0m
  [1m[36mSubCategory Load (0.6ms)[0m  [1m[34mSELECT  `sub_categories`.* FROM `sub_categories` WHERE `sub_categories`.`sub_category_id` = 2 LIMIT 1[0m
  Rendering items/show.html.erb within layouts/standard
  [1m[36mCACHE (0.0ms)[0m  [1m[34mSELECT  `sellers`.* FROM `sellers` WHERE `sellers`.`seller_id` IS NULL LIMIT 1[0m  [["LIMIT", 1]]
  Rendered items/show.html.erb within layouts/standard (7.7ms)
  [1m[36mUser Load (0.8ms)[0m  [1m[34mSELECT  `users`.* FROM `users` WHERE `users`.`user_id` = 'usman2897' LIMIT 1[0m
Completed 200 OK in 45ms (Views: 33.1ms | ActiveRecord: 3.4ms)


Started GET "/orders/new?item=6" for 127.0.0.1 at 2017-05-20 20:19:57 +0530
Processing by OrdersController#new as HTML
  Parameters: {"item"=>"6"}
  [1m[36mItem Load (0.5ms)[0m  [1m[34mSELECT  `items`.* FROM `items` WHERE `items`.`item_id` = 6 LIMIT 1[0m
  Rendering orders/new.html.erb within layouts/application
  [1m[36mUser Load (0.6ms)[0m  [1m[34mSELECT  `users`.* FROM `users` WHERE `users`.`user_id` = 'usman2897' LIMIT 1[0m
  Rendered orders/_form.html.erb (6.6ms)
  Rendered orders/new.html.erb within layouts/application (8.7ms)
Completed 200 OK in 58ms (Views: 35.4ms | ActiveRecord: 1.1ms)


Started POST "/orders" for 127.0.0.1 at 2017-05-20 20:20:01 +0530
Processing by OrdersController#create as HTML
  Parameters: {"utf8"=>"✓", "authenticity_token"=>"ctwL/5pTRz3mAv20ylrk24iSR6e0N+lXNuIJO3b2ikYetHUIwJzdYENqQgF+rpdqFxDwLd5uhMIV428LQbb+ZQ==", "order"=>{"ordered_quantity"=>"1"}, "commit"=>"Create Order"}
  [1m[36mUser Load (0.9ms)[0m  [1m[34mSELECT  `users`.* FROM `users` WHERE `users`.`user_id` = 'usman2897' LIMIT 1[0m
  [1m[35m (0.3ms)[0m  [1m[35mBEGIN[0m
  [1m[36mCACHE (0.0ms)[0m  [1m[34mSELECT  `users`.* FROM `users` WHERE `users`.`user_id` = 'usman2897' LIMIT 1[0m  [["user_id", "usman2897"], ["LIMIT", 1]]
  [1m[35m (0.3ms)[0m  [1m[31mROLLBACK[0m
  Rendering orders/new.html.erb within layouts/application
  Rendered orders/_form.html.erb (20.4ms)
  Rendered orders/new.html.erb within layouts/application (22.5ms)
Completed 500 Internal Server Error in 51ms (ActiveRecord: 1.5ms)


  
ActionView::Template::Error (undefined method `item_name' for nil:NilClass):
    19:   </div>
    20: 
    21:   <div class="field">
    22:     <p>Item: <%= item.item_name %></p>
    23:   </div>
    24: 
    25:   <div class="field">
  
app/views/orders/_form.html.erb:22:in `block in _app_views_orders__form_html_erb__2225869287551865278_47147167025660'
app/views/orders/_form.html.erb:1:in `_app_views_orders__form_html_erb__2225869287551865278_47147167025660'
app/views/orders/new.html.erb:3:in `_app_views_orders_new_html_erb___2725414796354901222_47147167689140'
app/controllers/orders_controller.rb:40:in `block (2 levels) in create'
app/controllers/orders_controller.rb:35:in `create'
  Rendering /home/usman/.rbenv/versions/2.4.0/lib/ruby/gems/2.4.0/gems/actionpack-5.0.3/lib/action_dispatch/middleware/templates/rescues/template_error.html.erb within rescues/layout
  Rendering /home/usman/.rbenv/versions/2.4.0/lib/ruby/gems/2.4.0/gems/actionpack-5.0.3/lib/action_dispatch/middleware/templates/rescues/_source.html.erb
  Rendered /home/usman/.rbenv/versions/2.4.0/lib/ruby/gems/2.4.0/gems/actionpack-5.0.3/lib/action_dispatch/middleware/templates/rescues/_source.html.erb (8.3ms)
  Rendering /home/usman/.rbenv/versions/2.4.0/lib/ruby/gems/2.4.0/gems/actionpack-5.0.3/lib/action_dispatch/middleware/templates/rescues/_trace.html.erb
  Rendered /home/usman/.rbenv/versions/2.4.0/lib/ruby/gems/2.4.0/gems/actionpack-5.0.3/lib/action_dispatch/middleware/templates/rescues/_trace.html.erb (3.2ms)
  Rendering /home/usman/.rbenv/versions/2.4.0/lib/ruby/gems/2.4.0/gems/actionpack-5.0.3/lib/action_dispatch/middleware/templates/rescues/_request_and_response.html.erb
  Rendered /home/usman/.rbenv/versions/2.4.0/lib/ruby/gems/2.4.0/gems/actionpack-5.0.3/lib/action_dispatch/middleware/templates/rescues/_request_and_response.html.erb (1.7ms)
  Rendered /home/usman/.rbenv/versions/2.4.0/lib/ruby/gems/2.4.0/gems/actionpack-5.0.3/lib/action_dispatch/middleware/templates/rescues/template_error.html.erb within rescues/layout (36.3ms)
Started POST "/orders" for 127.0.0.1 at 2017-05-20 20:20:46 +0530
Processing by OrdersController#create as HTML
  Parameters: {"utf8"=>"✓", "authenticity_token"=>"ctwL/5pTRz3mAv20ylrk24iSR6e0N+lXNuIJO3b2ikYetHUIwJzdYENqQgF+rpdqFxDwLd5uhMIV428LQbb+ZQ==", "order"=>{"ordered_quantity"=>"1"}, "commit"=>"Create Order"}
  [1m[36mUser Load (0.5ms)[0m  [1m[34mSELECT  `users`.* FROM `users` WHERE `users`.`user_id` = 'usman2897' LIMIT 1[0m
  [1m[35m (0.3ms)[0m  [1m[35mBEGIN[0m
  [1m[36mCACHE (0.0ms)[0m  [1m[34mSELECT  `users`.* FROM `users` WHERE `users`.`user_id` = 'usman2897' LIMIT 1[0m  [["user_id", "usman2897"], ["LIMIT", 1]]
  [1m[35m (0.2ms)[0m  [1m[31mROLLBACK[0m
  Rendering orders/new.html.erb within layouts/application
  Rendered orders/_form.html.erb (5.0ms)
  Rendered orders/new.html.erb within layouts/application (6.8ms)
Completed 500 Internal Server Error in 66ms (ActiveRecord: 5.2ms)


  
ActionView::Template::Error (undefined method `item_name' for nil:NilClass):
    19:   </div>
    20: 
    21:   <div class="field">
    22:     <p>Item: <%= item.item_name %></p>
    23:   </div>
    24: 
    25:   <div class="field">
  
app/views/orders/_form.html.erb:22:in `block in _app_views_orders__form_html_erb__2225869287551865278_70001938939740'
app/views/orders/_form.html.erb:1:in `_app_views_orders__form_html_erb__2225869287551865278_70001938939740'
app/views/orders/new.html.erb:3:in `_app_views_orders_new_html_erb___2725414796354901222_70001938992540'
app/controllers/orders_controller.rb:40:in `block (2 levels) in create'
app/controllers/orders_controller.rb:35:in `create'
  Rendering /home/usman/.rbenv/versions/2.4.0/lib/ruby/gems/2.4.0/gems/actionpack-5.0.3/lib/action_dispatch/middleware/templates/rescues/template_error.html.erb within rescues/layout
  Rendering /home/usman/.rbenv/versions/2.4.0/lib/ruby/gems/2.4.0/gems/actionpack-5.0.3/lib/action_dispatch/middleware/templates/rescues/_source.html.erb
  Rendered /home/usman/.rbenv/versions/2.4.0/lib/ruby/gems/2.4.0/gems/actionpack-5.0.3/lib/action_dispatch/middleware/templates/rescues/_source.html.erb (8.8ms)
  Rendering /home/usman/.rbenv/versions/2.4.0/lib/ruby/gems/2.4.0/gems/actionpack-5.0.3/lib/action_dispatch/middleware/templates/rescues/_trace.html.erb
  Rendered /home/usman/.rbenv/versions/2.4.0/lib/ruby/gems/2.4.0/gems/actionpack-5.0.3/lib/action_dispatch/middleware/templates/rescues/_trace.html.erb (4.3ms)
  Rendering /home/usman/.rbenv/versions/2.4.0/lib/ruby/gems/2.4.0/gems/actionpack-5.0.3/lib/action_dispatch/middleware/templates/rescues/_request_and_response.html.erb
  Rendered /home/usman/.rbenv/versions/2.4.0/lib/ruby/gems/2.4.0/gems/actionpack-5.0.3/lib/action_dispatch/middleware/templates/rescues/_request_and_response.html.erb (1.9ms)
  Rendered /home/usman/.rbenv/versions/2.4.0/lib/ruby/gems/2.4.0/gems/actionpack-5.0.3/lib/action_dispatch/middleware/templates/rescues/template_error.html.erb within rescues/layout (38.0ms)
Started POST "/orders" for 127.0.0.1 at 2017-05-20 20:21:06 +0530
Processing by OrdersController#create as HTML
  Parameters: {"utf8"=>"✓", "authenticity_token"=>"ctwL/5pTRz3mAv20ylrk24iSR6e0N+lXNuIJO3b2ikYetHUIwJzdYENqQgF+rpdqFxDwLd5uhMIV428LQbb+ZQ==", "order"=>{"ordered_quantity"=>"1"}, "commit"=>"Create Order"}
  [1m[36mUser Load (0.5ms)[0m  [1m[34mSELECT  `users`.* FROM `users` WHERE `users`.`user_id` = 'usman2897' LIMIT 1[0m
Completed 500 Internal Server Error in 32ms (ActiveRecord: 0.5ms)


  
NoMethodError (undefined method `price' for nil:NilClass):
  
app/controllers/orders_controller.rb:34:in `create'
  Rendering /home/usman/.rbenv/versions/2.4.0/lib/ruby/gems/2.4.0/gems/actionpack-5.0.3/lib/action_dispatch/middleware/templates/rescues/diagnostics.html.erb within rescues/layout
  Rendering /home/usman/.rbenv/versions/2.4.0/lib/ruby/gems/2.4.0/gems/actionpack-5.0.3/lib/action_dispatch/middleware/templates/rescues/_source.html.erb
  Rendered /home/usman/.rbenv/versions/2.4.0/lib/ruby/gems/2.4.0/gems/actionpack-5.0.3/lib/action_dispatch/middleware/templates/rescues/_source.html.erb (6.8ms)
  Rendering /home/usman/.rbenv/versions/2.4.0/lib/ruby/gems/2.4.0/gems/actionpack-5.0.3/lib/action_dispatch/middleware/templates/rescues/_trace.html.erb
  Rendered /home/usman/.rbenv/versions/2.4.0/lib/ruby/gems/2.4.0/gems/actionpack-5.0.3/lib/action_dispatch/middleware/templates/rescues/_trace.html.erb (2.3ms)
  Rendering /home/usman/.rbenv/versions/2.4.0/lib/ruby/gems/2.4.0/gems/actionpack-5.0.3/lib/action_dispatch/middleware/templates/rescues/_request_and_response.html.erb
  Rendered /home/usman/.rbenv/versions/2.4.0/lib/ruby/gems/2.4.0/gems/actionpack-5.0.3/lib/action_dispatch/middleware/templates/rescues/_request_and_response.html.erb (2.2ms)
  Rendered /home/usman/.rbenv/versions/2.4.0/lib/ruby/gems/2.4.0/gems/actionpack-5.0.3/lib/action_dispatch/middleware/templates/rescues/diagnostics.html.erb within rescues/layout (32.4ms)
Started POST "/orders" for 127.0.0.1 at 2017-05-20 20:23:55 +0530
Processing by OrdersController#create as HTML
  Parameters: {"utf8"=>"✓", "authenticity_token"=>"ctwL/5pTRz3mAv20ylrk24iSR6e0N+lXNuIJO3b2ikYetHUIwJzdYENqQgF+rpdqFxDwLd5uhMIV428LQbb+ZQ==", "order"=>{"ordered_quantity"=>"1"}, "commit"=>"Create Order"}
  [1m[36mUser Load (0.5ms)[0m  [1m[34mSELECT  `users`.* FROM `users` WHERE `users`.`user_id` = 'usman2897' LIMIT 1[0m
Completed 500 Internal Server Error in 27ms (ActiveRecord: 0.5ms)


  
NoMethodError (undefined method `*' for nil:NilClass):
  
app/controllers/orders_controller.rb:35:in `create'
  Rendering /home/usman/.rbenv/versions/2.4.0/lib/ruby/gems/2.4.0/gems/actionpack-5.0.3/lib/action_dispatch/middleware/templates/rescues/diagnostics.html.erb within rescues/layout
  Rendering /home/usman/.rbenv/versions/2.4.0/lib/ruby/gems/2.4.0/gems/actionpack-5.0.3/lib/action_dispatch/middleware/templates/rescues/_source.html.erb
  Rendered /home/usman/.rbenv/versions/2.4.0/lib/ruby/gems/2.4.0/gems/actionpack-5.0.3/lib/action_dispatch/middleware/templates/rescues/_source.html.erb (5.5ms)
  Rendering /home/usman/.rbenv/versions/2.4.0/lib/ruby/gems/2.4.0/gems/actionpack-5.0.3/lib/action_dispatch/middleware/templates/rescues/_trace.html.erb
  Rendered /home/usman/.rbenv/versions/2.4.0/lib/ruby/gems/2.4.0/gems/actionpack-5.0.3/lib/action_dispatch/middleware/templates/rescues/_trace.html.erb (3.0ms)
  Rendering /home/usman/.rbenv/versions/2.4.0/lib/ruby/gems/2.4.0/gems/actionpack-5.0.3/lib/action_dispatch/middleware/templates/rescues/_request_and_response.html.erb
  Rendered /home/usman/.rbenv/versions/2.4.0/lib/ruby/gems/2.4.0/gems/actionpack-5.0.3/lib/action_dispatch/middleware/templates/rescues/_request_and_response.html.erb (7.3ms)
  Rendered /home/usman/.rbenv/versions/2.4.0/lib/ruby/gems/2.4.0/gems/actionpack-5.0.3/lib/action_dispatch/middleware/templates/rescues/diagnostics.html.erb within rescues/layout (37.2ms)
Started POST "/orders" for 127.0.0.1 at 2017-05-20 20:24:24 +0530
Processing by OrdersController#create as HTML
  Parameters: {"utf8"=>"✓", "authenticity_token"=>"ctwL/5pTRz3mAv20ylrk24iSR6e0N+lXNuIJO3b2ikYetHUIwJzdYENqQgF+rpdqFxDwLd5uhMIV428LQbb+ZQ==", "order"=>{"ordered_quantity"=>"1"}, "commit"=>"Create Order"}
  [1m[36mUser Load (0.6ms)[0m  [1m[34mSELECT  `users`.* FROM `users` WHERE `users`.`user_id` = 'usman2897' LIMIT 1[0m
  [1m[35m (1.0ms)[0m  [1m[35mBEGIN[0m
  [1m[36mCACHE (0.0ms)[0m  [1m[34mSELECT  `users`.* FROM `users` WHERE `users`.`user_id` = 'usman2897' LIMIT 1[0m  [["user_id", "usman2897"], ["LIMIT", 1]]
  [1m[35m (0.2ms)[0m  [1m[31mROLLBACK[0m
  Rendering orders/new.html.erb within layouts/application
  Rendered orders/_form.html.erb (6.4ms)
  Rendered orders/new.html.erb within layouts/application (8.1ms)
Completed 500 Internal Server Error in 60ms (ActiveRecord: 1.8ms)


  
ActionView::Template::Error (undefined method `item_name' for nil:NilClass):
    19:   </div>
    20: 
    21:   <div class="field">
    22:     <p>Item: <%= item.item_name %></p>
    23:   </div>
    24: 
    25:   <div class="field">
  
app/views/orders/_form.html.erb:22:in `block in _app_views_orders__form_html_erb__2225869287551865278_70001995905420'
app/views/orders/_form.html.erb:1:in `_app_views_orders__form_html_erb__2225869287551865278_70001995905420'
app/views/orders/new.html.erb:3:in `_app_views_orders_new_html_erb___2725414796354901222_70001996001120'
app/controllers/orders_controller.rb:41:in `block (2 levels) in create'
app/controllers/orders_controller.rb:36:in `create'
  Rendering /home/usman/.rbenv/versions/2.4.0/lib/ruby/gems/2.4.0/gems/actionpack-5.0.3/lib/action_dispatch/middleware/templates/rescues/template_error.html.erb within rescues/layout
  Rendering /home/usman/.rbenv/versions/2.4.0/lib/ruby/gems/2.4.0/gems/actionpack-5.0.3/lib/action_dispatch/middleware/templates/rescues/_source.html.erb
  Rendered /home/usman/.rbenv/versions/2.4.0/lib/ruby/gems/2.4.0/gems/actionpack-5.0.3/lib/action_dispatch/middleware/templates/rescues/_source.html.erb (9.9ms)
  Rendering /home/usman/.rbenv/versions/2.4.0/lib/ruby/gems/2.4.0/gems/actionpack-5.0.3/lib/action_dispatch/middleware/templates/rescues/_trace.html.erb
  Rendered /home/usman/.rbenv/versions/2.4.0/lib/ruby/gems/2.4.0/gems/actionpack-5.0.3/lib/action_dispatch/middleware/templates/rescues/_trace.html.erb (4.4ms)
  Rendering /home/usman/.rbenv/versions/2.4.0/lib/ruby/gems/2.4.0/gems/actionpack-5.0.3/lib/action_dispatch/middleware/templates/rescues/_request_and_response.html.erb
  Rendered /home/usman/.rbenv/versions/2.4.0/lib/ruby/gems/2.4.0/gems/actionpack-5.0.3/lib/action_dispatch/middleware/templates/rescues/_request_and_response.html.erb (2.0ms)
  Rendered /home/usman/.rbenv/versions/2.4.0/lib/ruby/gems/2.4.0/gems/actionpack-5.0.3/lib/action_dispatch/middleware/templates/rescues/template_error.html.erb within rescues/layout (42.6ms)
Started POST "/orders" for 127.0.0.1 at 2017-05-20 20:24:58 +0530
Processing by OrdersController#create as HTML
  Parameters: {"utf8"=>"✓", "authenticity_token"=>"ctwL/5pTRz3mAv20ylrk24iSR6e0N+lXNuIJO3b2ikYetHUIwJzdYENqQgF+rpdqFxDwLd5uhMIV428LQbb+ZQ==", "order"=>{"ordered_quantity"=>"1"}, "commit"=>"Create Order"}
  [1m[36mUser Load (0.6ms)[0m  [1m[34mSELECT  `users`.* FROM `users` WHERE `users`.`user_id` = 'usman2897' LIMIT 1[0m
  [1m[35m (0.2ms)[0m  [1m[35mBEGIN[0m
  [1m[36mCACHE (0.0ms)[0m  [1m[34mSELECT  `users`.* FROM `users` WHERE `users`.`user_id` = 'usman2897' LIMIT 1[0m  [["user_id", "usman2897"], ["LIMIT", 1]]
  [1m[35m (0.3ms)[0m  [1m[31mROLLBACK[0m
  Rendering orders/new.html.erb within layouts/application
  Rendered orders/_form.html.erb (6.9ms)
  Rendered orders/new.html.erb within layouts/application (9.6ms)
Completed 500 Internal Server Error in 25ms (ActiveRecord: 1.1ms)


  
ActionView::Template::Error (undefined method `quantity' for nil:NilClass):
    22: 
    23:   <div class="field">
    24:     <%= f.label :ordered_quantity %>
    25:     <%= f.number_field :ordered_quantity, :value => 1, :max => item.quantity, :min => 1 %>
    26:   </div>
    27: 
    28:   <div class="actions">
  
app/views/orders/_form.html.erb:25:in `block in _app_views_orders__form_html_erb__2225869287551865278_70001895242400'
app/views/orders/_form.html.erb:1:in `_app_views_orders__form_html_erb__2225869287551865278_70001895242400'
app/views/orders/new.html.erb:3:in `_app_views_orders_new_html_erb___2725414796354901222_70001896493480'
app/controllers/orders_controller.rb:41:in `block (2 levels) in create'
app/controllers/orders_controller.rb:36:in `create'
  Rendering /home/usman/.rbenv/versions/2.4.0/lib/ruby/gems/2.4.0/gems/actionpack-5.0.3/lib/action_dispatch/middleware/templates/rescues/template_error.html.erb within rescues/layout
  Rendering /home/usman/.rbenv/versions/2.4.0/lib/ruby/gems/2.4.0/gems/actionpack-5.0.3/lib/action_dispatch/middleware/templates/rescues/_source.html.erb
  Rendered /home/usman/.rbenv/versions/2.4.0/lib/ruby/gems/2.4.0/gems/actionpack-5.0.3/lib/action_dispatch/middleware/templates/rescues/_source.html.erb (9.9ms)
  Rendering /home/usman/.rbenv/versions/2.4.0/lib/ruby/gems/2.4.0/gems/actionpack-5.0.3/lib/action_dispatch/middleware/templates/rescues/_trace.html.erb
  Rendered /home/usman/.rbenv/versions/2.4.0/lib/ruby/gems/2.4.0/gems/actionpack-5.0.3/lib/action_dispatch/middleware/templates/rescues/_trace.html.erb (4.1ms)
  Rendering /home/usman/.rbenv/versions/2.4.0/lib/ruby/gems/2.4.0/gems/actionpack-5.0.3/lib/action_dispatch/middleware/templates/rescues/_request_and_response.html.erb
  Rendered /home/usman/.rbenv/versions/2.4.0/lib/ruby/gems/2.4.0/gems/actionpack-5.0.3/lib/action_dispatch/middleware/templates/rescues/_request_and_response.html.erb (1.9ms)
  Rendered /home/usman/.rbenv/versions/2.4.0/lib/ruby/gems/2.4.0/gems/actionpack-5.0.3/lib/action_dispatch/middleware/templates/rescues/template_error.html.erb within rescues/layout (41.4ms)
Started POST "/orders" for 127.0.0.1 at 2017-05-20 20:25:38 +0530
Processing by OrdersController#create as HTML
  Parameters: {"utf8"=>"✓", "authenticity_token"=>"ctwL/5pTRz3mAv20ylrk24iSR6e0N+lXNuIJO3b2ikYetHUIwJzdYENqQgF+rpdqFxDwLd5uhMIV428LQbb+ZQ==", "order"=>{"ordered_quantity"=>"1"}, "commit"=>"Create Order"}
  [1m[36mUser Load (0.6ms)[0m  [1m[34mSELECT  `users`.* FROM `users` WHERE `users`.`user_id` = 'usman2897' LIMIT 1[0m
  [1m[35m (0.2ms)[0m  [1m[35mBEGIN[0m
  [1m[36mCACHE (0.0ms)[0m  [1m[34mSELECT  `users`.* FROM `users` WHERE `users`.`user_id` = 'usman2897' LIMIT 1[0m  [["user_id", "usman2897"], ["LIMIT", 1]]
  [1m[35m (0.3ms)[0m  [1m[31mROLLBACK[0m
  Rendering orders/new.html.erb within layouts/application
  Rendered orders/_form.html.erb (4.4ms)
  Rendered orders/new.html.erb within layouts/application (6.2ms)
Completed 500 Internal Server Error in 19ms (ActiveRecord: 1.2ms)


  
ActionView::Template::Error (undefined method `item_name' for nil:NilClass):
    19:   </div>
    20: 
    21:   <div class="field">
    22:     <p>Item: <%= @item.item_name %></p>
    23:   </div>
    24: 
    25:   <div class="field">
  
app/views/orders/_form.html.erb:22:in `block in _app_views_orders__form_html_erb__2225869287551865278_70001865787880'
app/views/orders/_form.html.erb:1:in `_app_views_orders__form_html_erb__2225869287551865278_70001865787880'
app/views/orders/new.html.erb:3:in `_app_views_orders_new_html_erb___2725414796354901222_70001865802200'
app/controllers/orders_controller.rb:41:in `block (2 levels) in create'
app/controllers/orders_controller.rb:36:in `create'
  Rendering /home/usman/.rbenv/versions/2.4.0/lib/ruby/gems/2.4.0/gems/actionpack-5.0.3/lib/action_dispatch/middleware/templates/rescues/template_error.html.erb within rescues/layout
  Rendering /home/usman/.rbenv/versions/2.4.0/lib/ruby/gems/2.4.0/gems/actionpack-5.0.3/lib/action_dispatch/middleware/templates/rescues/_source.html.erb
  Rendered /home/usman/.rbenv/versions/2.4.0/lib/ruby/gems/2.4.0/gems/actionpack-5.0.3/lib/action_dispatch/middleware/templates/rescues/_source.html.erb (8.5ms)
  Rendering /home/usman/.rbenv/versions/2.4.0/lib/ruby/gems/2.4.0/gems/actionpack-5.0.3/lib/action_dispatch/middleware/templates/rescues/_trace.html.erb
  Rendered /home/usman/.rbenv/versions/2.4.0/lib/ruby/gems/2.4.0/gems/actionpack-5.0.3/lib/action_dispatch/middleware/templates/rescues/_trace.html.erb (4.8ms)
  Rendering /home/usman/.rbenv/versions/2.4.0/lib/ruby/gems/2.4.0/gems/actionpack-5.0.3/lib/action_dispatch/middleware/templates/rescues/_request_and_response.html.erb
  Rendered /home/usman/.rbenv/versions/2.4.0/lib/ruby/gems/2.4.0/gems/actionpack-5.0.3/lib/action_dispatch/middleware/templates/rescues/_request_and_response.html.erb (1.7ms)
  Rendered /home/usman/.rbenv/versions/2.4.0/lib/ruby/gems/2.4.0/gems/actionpack-5.0.3/lib/action_dispatch/middleware/templates/rescues/template_error.html.erb within rescues/layout (37.2ms)
Started POST "/orders" for 127.0.0.1 at 2017-05-20 20:26:54 +0530
Processing by OrdersController#create as HTML
  Parameters: {"utf8"=>"✓", "authenticity_token"=>"ctwL/5pTRz3mAv20ylrk24iSR6e0N+lXNuIJO3b2ikYetHUIwJzdYENqQgF+rpdqFxDwLd5uhMIV428LQbb+ZQ==", "order"=>{"ordered_quantity"=>"1"}, "commit"=>"Create Order"}
Completed 500 Internal Server Error in 20ms (ActiveRecord: 0.0ms)


  
NoMethodError (undefined method `user_id' for nil:NilClass):
  
app/controllers/orders_controller.rb:34:in `create'
  Rendering /home/usman/.rbenv/versions/2.4.0/lib/ruby/gems/2.4.0/gems/actionpack-5.0.3/lib/action_dispatch/middleware/templates/rescues/diagnostics.html.erb within rescues/layout
  Rendering /home/usman/.rbenv/versions/2.4.0/lib/ruby/gems/2.4.0/gems/actionpack-5.0.3/lib/action_dispatch/middleware/templates/rescues/_source.html.erb
  Rendered /home/usman/.rbenv/versions/2.4.0/lib/ruby/gems/2.4.0/gems/actionpack-5.0.3/lib/action_dispatch/middleware/templates/rescues/_source.html.erb (5.1ms)
  Rendering /home/usman/.rbenv/versions/2.4.0/lib/ruby/gems/2.4.0/gems/actionpack-5.0.3/lib/action_dispatch/middleware/templates/rescues/_trace.html.erb
  Rendered /home/usman/.rbenv/versions/2.4.0/lib/ruby/gems/2.4.0/gems/actionpack-5.0.3/lib/action_dispatch/middleware/templates/rescues/_trace.html.erb (2.3ms)
  Rendering /home/usman/.rbenv/versions/2.4.0/lib/ruby/gems/2.4.0/gems/actionpack-5.0.3/lib/action_dispatch/middleware/templates/rescues/_request_and_response.html.erb
  Rendered /home/usman/.rbenv/versions/2.4.0/lib/ruby/gems/2.4.0/gems/actionpack-5.0.3/lib/action_dispatch/middleware/templates/rescues/_request_and_response.html.erb (1.9ms)
  Rendered /home/usman/.rbenv/versions/2.4.0/lib/ruby/gems/2.4.0/gems/actionpack-5.0.3/lib/action_dispatch/middleware/templates/rescues/diagnostics.html.erb within rescues/layout (32.2ms)
Started GET "/items" for 127.0.0.1 at 2017-05-20 20:31:05 +0530
Processing by ItemsController#index as HTML
  Rendering items/index.html.erb within layouts/standard
  [1m[36mItem Load (0.5ms)[0m  [1m[34mSELECT `items`.* FROM `items` WHERE (quantity > 0)[0m
  [1m[36mCategory Load (0.4ms)[0m  [1m[34mSELECT  `categories`.* FROM `categories` WHERE `categories`.`category_id` = 1 LIMIT 1[0m
  [1m[36mSubCategory Load (0.3ms)[0m  [1m[34mSELECT  `sub_categories`.* FROM `sub_categories` WHERE `sub_categories`.`sub_category_id` = 1 LIMIT 1[0m
  [1m[36mSeller Load (0.4ms)[0m  [1m[34mSELECT  `sellers`.* FROM `sellers` WHERE `sellers`.`seller_id` IS NULL LIMIT 1[0m
  [1m[36mCACHE (0.0ms)[0m  [1m[34mSELECT  `categories`.* FROM `categories` WHERE `categories`.`category_id` = 1 LIMIT 1[0m  [["category_id", 1], ["LIMIT", 1]]
  [1m[36mCACHE (0.0ms)[0m  [1m[34mSELECT  `sub_categories`.* FROM `sub_categories` WHERE `sub_categories`.`sub_category_id` = 1 LIMIT 1[0m  [["sub_category_id", 1], ["LIMIT", 1]]
  [1m[36mCACHE (0.0ms)[0m  [1m[34mSELECT  `sellers`.* FROM `sellers` WHERE `sellers`.`seller_id` IS NULL LIMIT 1[0m  [["LIMIT", 1]]
  [1m[36mCategory Load (0.5ms)[0m  [1m[34mSELECT  `categories`.* FROM `categories` WHERE `categories`.`category_id` = 3 LIMIT 1[0m
  [1m[36mSubCategory Load (0.5ms)[0m  [1m[34mSELECT  `sub_categories`.* FROM `sub_categories` WHERE `sub_categories`.`sub_category_id` = 9 LIMIT 1[0m
  [1m[36mCACHE (0.0ms)[0m  [1m[34mSELECT  `sellers`.* FROM `sellers` WHERE `sellers`.`seller_id` IS NULL LIMIT 1[0m  [["LIMIT", 1]]
  [1m[36mCACHE (0.0ms)[0m  [1m[34mSELECT  `categories`.* FROM `categories` WHERE `categories`.`category_id` = 3 LIMIT 1[0m  [["category_id", 3], ["LIMIT", 1]]
  [1m[36mCACHE (0.0ms)[0m  [1m[34mSELECT  `sub_categories`.* FROM `sub_categories` WHERE `sub_categories`.`sub_category_id` = 9 LIMIT 1[0m  [["sub_category_id", 9], ["LIMIT", 1]]
  [1m[36mCACHE (0.0ms)[0m  [1m[34mSELECT  `sellers`.* FROM `sellers` WHERE `sellers`.`seller_id` IS NULL LIMIT 1[0m  [["LIMIT", 1]]
  [1m[36mCACHE (0.0ms)[0m  [1m[34mSELECT  `categories`.* FROM `categories` WHERE `categories`.`category_id` = 3 LIMIT 1[0m  [["category_id", 3], ["LIMIT", 1]]
  [1m[36mSubCategory Load (0.4ms)[0m  [1m[34mSELECT  `sub_categories`.* FROM `sub_categories` WHERE `sub_categories`.`sub_category_id` = 3 LIMIT 1[0m
  [1m[36mCACHE (0.0ms)[0m  [1m[34mSELECT  `sellers`.* FROM `sellers` WHERE `sellers`.`seller_id` IS NULL LIMIT 1[0m  [["LIMIT", 1]]
  [1m[36mCACHE (0.0ms)[0m  [1m[34mSELECT  `categories`.* FROM `categories` WHERE `categories`.`category_id` = 1 LIMIT 1[0m  [["category_id", 1], ["LIMIT", 1]]
  [1m[36mSubCategory Load (0.7ms)[0m  [1m[34mSELECT  `sub_categories`.* FROM `sub_categories` WHERE `sub_categories`.`sub_category_id` = 2 LIMIT 1[0m
  [1m[36mCACHE (0.0ms)[0m  [1m[34mSELECT  `sellers`.* FROM `sellers` WHERE `sellers`.`seller_id` IS NULL LIMIT 1[0m  [["LIMIT", 1]]
  Rendered items/index.html.erb within layouts/standard (58.6ms)
  [1m[36mUser Load (0.5ms)[0m  [1m[34mSELECT  `users`.* FROM `users` WHERE `users`.`user_id` = 'usman2897' LIMIT 1[0m
Completed 200 OK in 107ms (Views: 85.6ms | ActiveRecord: 8.6ms)


Started GET "/items/6" for 127.0.0.1 at 2017-05-20 20:31:07 +0530
Processing by ItemsController#show as HTML
  Parameters: {"id"=>"6"}
  [1m[36mItem Load (0.5ms)[0m  [1m[34mSELECT  `items`.* FROM `items` WHERE `items`.`item_id` = 6 LIMIT 1[0m
  [1m[36mSeller Load (0.5ms)[0m  [1m[34mSELECT  `sellers`.* FROM `sellers` WHERE `sellers`.`seller_id` IS NULL LIMIT 1[0m
  [1m[36mCACHE (0.0ms)[0m  [1m[34mSELECT  `items`.* FROM `items` WHERE `items`.`item_id` = 6 LIMIT 1[0m  [["item_id", 6], ["LIMIT", 1]]
  [1m[36mCategory Load (0.6ms)[0m  [1m[34mSELECT  `categories`.* FROM `categories` WHERE `categories`.`category_id` = 1 LIMIT 1[0m
  [1m[36mSubCategory Load (0.4ms)[0m  [1m[34mSELECT  `sub_categories`.* FROM `sub_categories` WHERE `sub_categories`.`sub_category_id` = 2 LIMIT 1[0m
  Rendering items/show.html.erb within layouts/standard
  [1m[36mCACHE (0.0ms)[0m  [1m[34mSELECT  `sellers`.* FROM `sellers` WHERE `sellers`.`seller_id` IS NULL LIMIT 1[0m  [["LIMIT", 1]]
  Rendered items/show.html.erb within layouts/standard (4.4ms)
  [1m[36mUser Load (0.6ms)[0m  [1m[34mSELECT  `users`.* FROM `users` WHERE `users`.`user_id` = 'usman2897' LIMIT 1[0m
Completed 200 OK in 42ms (Views: 31.7ms | ActiveRecord: 2.7ms)


Started GET "/orders/new?item=6" for 127.0.0.1 at 2017-05-20 20:31:09 +0530
Processing by OrdersController#new as HTML
  Parameters: {"item"=>"6"}
  [1m[36mItem Load (0.6ms)[0m  [1m[34mSELECT  `items`.* FROM `items` WHERE `items`.`item_id` = 6 LIMIT 1[0m
  Rendering orders/new.html.erb within layouts/application
  Rendered orders/_form.html.erb (2.7ms)
  Rendered orders/new.html.erb within layouts/application (4.8ms)
Completed 200 OK in 51ms (Views: 31.9ms | ActiveRecord: 0.6ms)


Started POST "/orders" for 127.0.0.1 at 2017-05-20 20:31:10 +0530
Processing by OrdersController#create as HTML
  Parameters: {"utf8"=>"✓", "authenticity_token"=>"vs30PaXD0Y1PAL0xmzzvN5ioPu8WHc+Ljo5Zh/zweRLSpYrK/wxL0OpoAoQvyJyGByqJZXxEoh6tjz+3y7ANMQ==", "commit"=>"Create Order"}
  [1m[36mUser Load (0.5ms)[0m  [1m[34mSELECT  `users`.* FROM `users` WHERE `users`.`user_id` = 'usman2897' LIMIT 1[0m
  [1m[35m (0.2ms)[0m  [1m[35mBEGIN[0m
  [1m[36mCACHE (0.0ms)[0m  [1m[34mSELECT  `users`.* FROM `users` WHERE `users`.`user_id` = 'usman2897' LIMIT 1[0m  [["user_id", "usman2897"], ["LIMIT", 1]]
  [1m[35m (0.2ms)[0m  [1m[31mROLLBACK[0m
  Rendering orders/new.html.erb within layouts/application
  Rendered orders/_form.html.erb (2.7ms)
  Rendered orders/new.html.erb within layouts/application (4.8ms)
Completed 200 OK in 48ms (Views: 32.8ms | ActiveRecord: 1.0ms)


Started GET "/orders/new?item=6" for 127.0.0.1 at 2017-05-20 20:45:45 +0530
Processing by OrdersController#new as HTML
  Parameters: {"item"=>"6"}
  [1m[36mItem Load (0.5ms)[0m  [1m[34mSELECT  `items`.* FROM `items` WHERE `items`.`item_id` = 6 LIMIT 1[0m
  Rendering orders/new.html.erb within layouts/application
  Rendered orders/new.html.erb within layouts/application (2.2ms)
Completed 200 OK in 80ms (Views: 20.4ms | ActiveRecord: 4.2ms)


Started GET "/orders/new?item=6" for 127.0.0.1 at 2017-05-20 20:46:03 +0530
Processing by OrdersController#new as HTML
  Parameters: {"item"=>"6"}
  [1m[36mItem Load (0.6ms)[0m  [1m[34mSELECT  `items`.* FROM `items` WHERE `items`.`item_id` = 6 LIMIT 1[0m
  Rendering orders/new.html.erb within layouts/application
  [1m[36mUser Load (0.5ms)[0m  [1m[34mSELECT  `users`.* FROM `users` WHERE `users`.`user_id` = 'usman2897' LIMIT 1[0m
  Rendered orders/_form.html.erb (25.0ms)
  Rendered orders/new.html.erb within layouts/application (27.1ms)
Completed 200 OK in 58ms (Views: 52.2ms | ActiveRecord: 2.9ms)


Started POST "/orders" for 127.0.0.1 at 2017-05-20 20:46:12 +0530
Processing by OrdersController#create as HTML
  Parameters: {"utf8"=>"✓", "authenticity_token"=>"8RSR92AvYn0D4tDXK0BaMc3NIAoXmLdUWogctmEsV8ByR+AUau75UYmBDx6Ljo4VTkz8aVH7MD6F+x7xSuFdlw==", "order"=>{"ordered_quantity"=>"1"}, "commit"=>"Create Order"}
  [1m[36mUser Load (0.6ms)[0m  [1m[34mSELECT  `users`.* FROM `users` WHERE `users`.`user_id` = 'usman2897' LIMIT 1[0m
  [1m[35m (0.3ms)[0m  [1m[35mBEGIN[0m
  [1m[36mCACHE (0.0ms)[0m  [1m[34mSELECT  `users`.* FROM `users` WHERE `users`.`user_id` = 'usman2897' LIMIT 1[0m  [["user_id", "usman2897"], ["LIMIT", 1]]
  [1m[35m (0.3ms)[0m  [1m[31mROLLBACK[0m
  Rendering orders/new.html.erb within layouts/application
  Rendered orders/_form.html.erb (8.2ms)
  Rendered orders/new.html.erb within layouts/application (10.1ms)
Completed 500 Internal Server Error in 27ms (ActiveRecord: 1.2ms)


  
ActionView::Template::Error (undefined method `quantity' for nil:NilClass):
    25: 
    26:   <div class="field">
    27:     <%= f.label :ordered_quantity %>
    28:     <%= f.number_field :ordered_quantity, :value => 1, :max => item.quantity, :min => 1 %>
    29:   </div>
    30: 
    31:   <div class="field">
  
app/views/orders/_form.html.erb:28:in `block in _app_views_orders__form_html_erb__2225869287551865278_70002000432140'
app/views/orders/_form.html.erb:1:in `_app_views_orders__form_html_erb__2225869287551865278_70002000432140'
app/views/orders/new.html.erb:3:in `_app_views_orders_new_html_erb___2725414796354901222_70002000553840'
app/controllers/orders_controller.rb:41:in `block (2 levels) in create'
app/controllers/orders_controller.rb:36:in `create'
  Rendering /home/usman/.rbenv/versions/2.4.0/lib/ruby/gems/2.4.0/gems/actionpack-5.0.3/lib/action_dispatch/middleware/templates/rescues/template_error.html.erb within rescues/layout
  Rendering /home/usman/.rbenv/versions/2.4.0/lib/ruby/gems/2.4.0/gems/actionpack-5.0.3/lib/action_dispatch/middleware/templates/rescues/_source.html.erb
  Rendered /home/usman/.rbenv/versions/2.4.0/lib/ruby/gems/2.4.0/gems/actionpack-5.0.3/lib/action_dispatch/middleware/templates/rescues/_source.html.erb (8.0ms)
  Rendering /home/usman/.rbenv/versions/2.4.0/lib/ruby/gems/2.4.0/gems/actionpack-5.0.3/lib/action_dispatch/middleware/templates/rescues/_trace.html.erb
  Rendered /home/usman/.rbenv/versions/2.4.0/lib/ruby/gems/2.4.0/gems/actionpack-5.0.3/lib/action_dispatch/middleware/templates/rescues/_trace.html.erb (3.9ms)
  Rendering /home/usman/.rbenv/versions/2.4.0/lib/ruby/gems/2.4.0/gems/actionpack-5.0.3/lib/action_dispatch/middleware/templates/rescues/_request_and_response.html.erb
  Rendered /home/usman/.rbenv/versions/2.4.0/lib/ruby/gems/2.4.0/gems/actionpack-5.0.3/lib/action_dispatch/middleware/templates/rescues/_request_and_response.html.erb (1.7ms)
  Rendered /home/usman/.rbenv/versions/2.4.0/lib/ruby/gems/2.4.0/gems/actionpack-5.0.3/lib/action_dispatch/middleware/templates/rescues/template_error.html.erb within rescues/layout (37.4ms)
Started GET "/orders/new?item=6" for 127.0.0.1 at 2017-05-20 20:46:55 +0530
Processing by OrdersController#new as HTML
  Parameters: {"item"=>"6"}
  [1m[36mItem Load (0.6ms)[0m  [1m[34mSELECT  `items`.* FROM `items` WHERE `items`.`item_id` = 6 LIMIT 1[0m
  Rendering orders/new.html.erb within layouts/application
  [1m[36mUser Load (0.6ms)[0m  [1m[34mSELECT  `users`.* FROM `users` WHERE `users`.`user_id` = 'usman2897' LIMIT 1[0m
  Rendered orders/_form.html.erb (6.7ms)
  Rendered orders/new.html.erb within layouts/application (8.9ms)
Completed 200 OK in 37ms (Views: 32.7ms | ActiveRecord: 1.2ms)


Started POST "/orders" for 127.0.0.1 at 2017-05-20 20:46:58 +0530
Processing by OrdersController#create as HTML
  Parameters: {"utf8"=>"✓", "authenticity_token"=>"D60tvZHpKaUUaPST0lOD1t9eO2xVuUK6iTCCeudfDEiM/lxemyiyiZ4LK1pynVfyXN/nDxPaxdBWQ4A9zJIGHw==", "order"=>{"item_id"=>"6", "ordered_quantity"=>"", "total_price"=>"25000.0"}, "commit"=>"Create Order"}
  [1m[36mUser Load (0.6ms)[0m  [1m[34mSELECT  `users`.* FROM `users` WHERE `users`.`user_id` = 'usman2897' LIMIT 1[0m
  [1m[35m (0.2ms)[0m  [1m[35mBEGIN[0m
  [1m[36mCACHE (0.0ms)[0m  [1m[34mSELECT  `users`.* FROM `users` WHERE `users`.`user_id` = 'usman2897' LIMIT 1[0m  [["user_id", "usman2897"], ["LIMIT", 1]]
  [1m[36mItem Load (0.6ms)[0m  [1m[34mSELECT  `items`.* FROM `items` WHERE `items`.`item_id` = 6 LIMIT 1[0m
  [1m[35mSQL (1.3ms)[0m  [1m[32mINSERT INTO `orders` (`user_id`, `item_id`, `total_price`) VALUES ('usman2897', 6, 25000.0)[0m
  [1m[35m (0.3ms)[0m  [1m[31mROLLBACK[0m
Completed 500 Internal Server Error in 14ms (ActiveRecord: 3.0ms)


  
ActiveRecord::StatementInvalid (Mysql2::Error: Field 'ordered_quantity' doesn't have a default value: INSERT INTO `orders` (`user_id`, `item_id`, `total_price`) VALUES ('usman2897', 6, 25000.0)):
  
app/controllers/orders_controller.rb:37:in `block in create'
app/controllers/orders_controller.rb:36:in `create'
  Rendering /home/usman/.rbenv/versions/2.4.0/lib/ruby/gems/2.4.0/gems/actionpack-5.0.3/lib/action_dispatch/middleware/templates/rescues/diagnostics.html.erb within rescues/layout
  Rendering /home/usman/.rbenv/versions/2.4.0/lib/ruby/gems/2.4.0/gems/actionpack-5.0.3/lib/action_dispatch/middleware/templates/rescues/_source.html.erb
  Rendered /home/usman/.rbenv/versions/2.4.0/lib/ruby/gems/2.4.0/gems/actionpack-5.0.3/lib/action_dispatch/middleware/templates/rescues/_source.html.erb (9.3ms)
  Rendering /home/usman/.rbenv/versions/2.4.0/lib/ruby/gems/2.4.0/gems/actionpack-5.0.3/lib/action_dispatch/middleware/templates/rescues/_trace.html.erb
  Rendered /home/usman/.rbenv/versions/2.4.0/lib/ruby/gems/2.4.0/gems/actionpack-5.0.3/lib/action_dispatch/middleware/templates/rescues/_trace.html.erb (3.7ms)
  Rendering /home/usman/.rbenv/versions/2.4.0/lib/ruby/gems/2.4.0/gems/actionpack-5.0.3/lib/action_dispatch/middleware/templates/rescues/_request_and_response.html.erb
  Rendered /home/usman/.rbenv/versions/2.4.0/lib/ruby/gems/2.4.0/gems/actionpack-5.0.3/lib/action_dispatch/middleware/templates/rescues/_request_and_response.html.erb (1.9ms)
  Rendered /home/usman/.rbenv/versions/2.4.0/lib/ruby/gems/2.4.0/gems/actionpack-5.0.3/lib/action_dispatch/middleware/templates/rescues/diagnostics.html.erb within rescues/layout (38.4ms)
Started POST "/orders" for 127.0.0.1 at 2017-05-20 20:48:51 +0530
Processing by OrdersController#create as HTML
  Parameters: {"utf8"=>"✓", "authenticity_token"=>"D60tvZHpKaUUaPST0lOD1t9eO2xVuUK6iTCCeudfDEiM/lxemyiyiZ4LK1pynVfyXN/nDxPaxdBWQ4A9zJIGHw==", "order"=>{"item_id"=>"6", "ordered_quantity"=>"1", "total_price"=>"25000.0"}, "commit"=>"Create Order"}
  [1m[36mUser Load (0.6ms)[0m  [1m[34mSELECT  `users`.* FROM `users` WHERE `users`.`user_id` = 'usman2897' LIMIT 1[0m
  [1m[35m (0.2ms)[0m  [1m[35mBEGIN[0m
  [1m[36mCACHE (0.0ms)[0m  [1m[34mSELECT  `users`.* FROM `users` WHERE `users`.`user_id` = 'usman2897' LIMIT 1[0m  [["user_id", "usman2897"], ["LIMIT", 1]]
  [1m[36mItem Load (0.6ms)[0m  [1m[34mSELECT  `items`.* FROM `items` WHERE `items`.`item_id` = 6 LIMIT 1[0m
  [1m[35mSQL (1.2ms)[0m  [1m[32mINSERT INTO `orders` (`user_id`, `item_id`, `ordered_quantity`, `total_price`) VALUES ('usman2897', 6, 1, 25000.0)[0m
  [1m[35m (28.0ms)[0m  [1m[35mCOMMIT[0m
Redirected to 
Completed 500 Internal Server Error in 43ms (ActiveRecord: 30.5ms)


  
ActionController::UrlGenerationError (No route matches {:action=>"show", :controller=>"orders", :id=>nil} missing required keys: [:id]):
  
app/controllers/orders_controller.rb:38:in `block (2 levels) in create'
app/controllers/orders_controller.rb:36:in `create'
  Rendering /home/usman/.rbenv/versions/2.4.0/lib/ruby/gems/2.4.0/gems/actionpack-5.0.3/lib/action_dispatch/middleware/templates/rescues/diagnostics.html.erb within rescues/layout
  Rendering /home/usman/.rbenv/versions/2.4.0/lib/ruby/gems/2.4.0/gems/actionpack-5.0.3/lib/action_dispatch/middleware/templates/rescues/_source.html.erb
  Rendered /home/usman/.rbenv/versions/2.4.0/lib/ruby/gems/2.4.0/gems/actionpack-5.0.3/lib/action_dispatch/middleware/templates/rescues/_source.html.erb (8.5ms)
  Rendering /home/usman/.rbenv/versions/2.4.0/lib/ruby/gems/2.4.0/gems/actionpack-5.0.3/lib/action_dispatch/middleware/templates/rescues/_trace.html.erb
  Rendered /home/usman/.rbenv/versions/2.4.0/lib/ruby/gems/2.4.0/gems/actionpack-5.0.3/lib/action_dispatch/middleware/templates/rescues/_trace.html.erb (3.7ms)
  Rendering /home/usman/.rbenv/versions/2.4.0/lib/ruby/gems/2.4.0/gems/actionpack-5.0.3/lib/action_dispatch/middleware/templates/rescues/_request_and_response.html.erb
  Rendered /home/usman/.rbenv/versions/2.4.0/lib/ruby/gems/2.4.0/gems/actionpack-5.0.3/lib/action_dispatch/middleware/templates/rescues/_request_and_response.html.erb (2.1ms)
  Rendered /home/usman/.rbenv/versions/2.4.0/lib/ruby/gems/2.4.0/gems/actionpack-5.0.3/lib/action_dispatch/middleware/templates/rescues/diagnostics.html.erb within rescues/layout (39.5ms)
Started POST "/orders" for 127.0.0.1 at 2017-05-20 20:51:16 +0530
Processing by OrdersController#create as HTML
  Parameters: {"utf8"=>"✓", "authenticity_token"=>"D60tvZHpKaUUaPST0lOD1t9eO2xVuUK6iTCCeudfDEiM/lxemyiyiZ4LK1pynVfyXN/nDxPaxdBWQ4A9zJIGHw==", "order"=>{"item_id"=>"6", "ordered_quantity"=>"1", "total_price"=>"25000.0"}, "commit"=>"Create Order"}
  [1m[36mUser Load (0.5ms)[0m  [1m[34mSELECT  `users`.* FROM `users` WHERE `users`.`user_id` = 'usman2897' LIMIT 1[0m
  [1m[35m (0.2ms)[0m  [1m[35mBEGIN[0m
  [1m[36mCACHE (0.0ms)[0m  [1m[34mSELECT  `users`.* FROM `users` WHERE `users`.`user_id` = 'usman2897' LIMIT 1[0m  [["user_id", "usman2897"], ["LIMIT", 1]]
  [1m[36mItem Load (0.6ms)[0m  [1m[34mSELECT  `items`.* FROM `items` WHERE `items`.`item_id` = 6 LIMIT 1[0m
  [1m[35mSQL (0.5ms)[0m  [1m[32mINSERT INTO `orders` (`user_id`, `item_id`, `ordered_quantity`, `total_price`) VALUES ('usman2897', 6, 1, 25000.0)[0m
  [1m[35m (60.5ms)[0m  [1m[35mCOMMIT[0m
Redirected to 
Completed 500 Internal Server Error in 138ms (ActiveRecord: 66.9ms)


  
ActionController::UrlGenerationError (No route matches {:action=>"show", :controller=>"orders", :id=>nil} missing required keys: [:id]):
  
app/controllers/orders_controller.rb:39:in `block (2 levels) in create'
app/controllers/orders_controller.rb:36:in `create'
  Rendering /home/usman/.rbenv/versions/2.4.0/lib/ruby/gems/2.4.0/gems/actionpack-5.0.3/lib/action_dispatch/middleware/templates/rescues/diagnostics.html.erb within rescues/layout
  Rendering /home/usman/.rbenv/versions/2.4.0/lib/ruby/gems/2.4.0/gems/actionpack-5.0.3/lib/action_dispatch/middleware/templates/rescues/_source.html.erb
  Rendered /home/usman/.rbenv/versions/2.4.0/lib/ruby/gems/2.4.0/gems/actionpack-5.0.3/lib/action_dispatch/middleware/templates/rescues/_source.html.erb (8.0ms)
  Rendering /home/usman/.rbenv/versions/2.4.0/lib/ruby/gems/2.4.0/gems/actionpack-5.0.3/lib/action_dispatch/middleware/templates/rescues/_trace.html.erb
  Rendered /home/usman/.rbenv/versions/2.4.0/lib/ruby/gems/2.4.0/gems/actionpack-5.0.3/lib/action_dispatch/middleware/templates/rescues/_trace.html.erb (3.6ms)
  Rendering /home/usman/.rbenv/versions/2.4.0/lib/ruby/gems/2.4.0/gems/actionpack-5.0.3/lib/action_dispatch/middleware/templates/rescues/_request_and_response.html.erb
  Rendered /home/usman/.rbenv/versions/2.4.0/lib/ruby/gems/2.4.0/gems/actionpack-5.0.3/lib/action_dispatch/middleware/templates/rescues/_request_and_response.html.erb (1.4ms)
  Rendered /home/usman/.rbenv/versions/2.4.0/lib/ruby/gems/2.4.0/gems/actionpack-5.0.3/lib/action_dispatch/middleware/templates/rescues/diagnostics.html.erb within rescues/layout (35.6ms)
Started GET "/orders/2" for 127.0.0.1 at 2017-05-20 20:53:51 +0530
Processing by OrdersController#show as HTML
  Parameters: {"id"=>"2"}
Completed 500 Internal Server Error in 7ms (ActiveRecord: 0.0ms)


  
ActiveRecord::UnknownPrimaryKey (Unknown primary key for table orders in model Order.):
  
app/controllers/orders_controller.rb:75:in `set_order'
  Rendering /home/usman/.rbenv/versions/2.4.0/lib/ruby/gems/2.4.0/gems/actionpack-5.0.3/lib/action_dispatch/middleware/templates/rescues/diagnostics.html.erb within rescues/layout
  Rendering /home/usman/.rbenv/versions/2.4.0/lib/ruby/gems/2.4.0/gems/actionpack-5.0.3/lib/action_dispatch/middleware/templates/rescues/_source.html.erb
  Rendered /home/usman/.rbenv/versions/2.4.0/lib/ruby/gems/2.4.0/gems/actionpack-5.0.3/lib/action_dispatch/middleware/templates/rescues/_source.html.erb (17.1ms)
  Rendering /home/usman/.rbenv/versions/2.4.0/lib/ruby/gems/2.4.0/gems/actionpack-5.0.3/lib/action_dispatch/middleware/templates/rescues/_trace.html.erb
  Rendered /home/usman/.rbenv/versions/2.4.0/lib/ruby/gems/2.4.0/gems/actionpack-5.0.3/lib/action_dispatch/middleware/templates/rescues/_trace.html.erb (2.2ms)
  Rendering /home/usman/.rbenv/versions/2.4.0/lib/ruby/gems/2.4.0/gems/actionpack-5.0.3/lib/action_dispatch/middleware/templates/rescues/_request_and_response.html.erb
  Rendered /home/usman/.rbenv/versions/2.4.0/lib/ruby/gems/2.4.0/gems/actionpack-5.0.3/lib/action_dispatch/middleware/templates/rescues/_request_and_response.html.erb (1.7ms)
  Rendered /home/usman/.rbenv/versions/2.4.0/lib/ruby/gems/2.4.0/gems/actionpack-5.0.3/lib/action_dispatch/middleware/templates/rescues/diagnostics.html.erb within rescues/layout (42.9ms)
Started GET "/orders" for 127.0.0.1 at 2017-05-20 20:55:38 +0530
Processing by OrdersController#index as HTML
  Rendering orders/index.html.erb within layouts/application
  [1m[36mOrder Load (0.5ms)[0m  [1m[34mSELECT `orders`.* FROM `orders`[0m
  Rendered orders/index.html.erb within layouts/application (11.9ms)
Completed 500 Internal Server Error in 24ms (ActiveRecord: 0.5ms)


  
ActionView::Template::Error (No route matches {:action=>"show", :controller=>"orders", :id=>nil} missing required keys: [:id]):
    22:         <td><%= order.item_id %></td>
    23:         <td><%= order.ordered_quantity %></td>
    24:         <td><%= order.total_price %></td>
    25:         <td><%= link_to 'Show', order %></td>
    26:         <td><%= link_to 'Edit', edit_order_path(order) %></td>
    27:         <td><%= link_to 'Destroy', order, method: :delete, data: { confirm: 'Are you sure?' } %></td>
    28:       </tr>
  
app/views/orders/index.html.erb:25:in `block in _app_views_orders_index_html_erb__1644399664066409663_70001864710920'
app/views/orders/index.html.erb:18:in `_app_views_orders_index_html_erb__1644399664066409663_70001864710920'
  Rendering /home/usman/.rbenv/versions/2.4.0/lib/ruby/gems/2.4.0/gems/actionpack-5.0.3/lib/action_dispatch/middleware/templates/rescues/template_error.html.erb within rescues/layout
  Rendering /home/usman/.rbenv/versions/2.4.0/lib/ruby/gems/2.4.0/gems/actionpack-5.0.3/lib/action_dispatch/middleware/templates/rescues/_source.html.erb
  Rendered /home/usman/.rbenv/versions/2.4.0/lib/ruby/gems/2.4.0/gems/actionpack-5.0.3/lib/action_dispatch/middleware/templates/rescues/_source.html.erb (9.9ms)
  Rendering /home/usman/.rbenv/versions/2.4.0/lib/ruby/gems/2.4.0/gems/actionpack-5.0.3/lib/action_dispatch/middleware/templates/rescues/_trace.html.erb
  Rendered /home/usman/.rbenv/versions/2.4.0/lib/ruby/gems/2.4.0/gems/actionpack-5.0.3/lib/action_dispatch/middleware/templates/rescues/_trace.html.erb (3.3ms)
  Rendering /home/usman/.rbenv/versions/2.4.0/lib/ruby/gems/2.4.0/gems/actionpack-5.0.3/lib/action_dispatch/middleware/templates/rescues/_request_and_response.html.erb
  Rendered /home/usman/.rbenv/versions/2.4.0/lib/ruby/gems/2.4.0/gems/actionpack-5.0.3/lib/action_dispatch/middleware/templates/rescues/_request_and_response.html.erb (1.4ms)
  Rendered /home/usman/.rbenv/versions/2.4.0/lib/ruby/gems/2.4.0/gems/actionpack-5.0.3/lib/action_dispatch/middleware/templates/rescues/template_error.html.erb within rescues/layout (36.0ms)
Started GET "/" for 127.0.0.1 at 2017-05-20 21:27:22 +0530
  [1m[36mActiveRecord::SchemaMigration Load (4.0ms)[0m  [1m[34mSELECT `schema_migrations`.* FROM `schema_migrations`[0m
Processing by Rails::WelcomeController#index as HTML
  Parameters: {"internal"=>true}
  Rendering /home/usman/.rbenv/versions/2.4.0/lib/ruby/gems/2.4.0/gems/railties-5.0.3/lib/rails/templates/rails/welcome/index.html.erb
  Rendered /home/usman/.rbenv/versions/2.4.0/lib/ruby/gems/2.4.0/gems/railties-5.0.3/lib/rails/templates/rails/welcome/index.html.erb (4.8ms)
Completed 200 OK in 70ms (Views: 32.4ms | ActiveRecord: 0.0ms)


Started GET "/items" for 127.0.0.1 at 2017-05-20 21:27:30 +0530
Processing by ItemsController#index as HTML
  Rendering items/index.html.erb within layouts/standard
  [1m[36mItem Load (1.2ms)[0m  [1m[34mSELECT `items`.* FROM `items` WHERE (quantity > 0)[0m
  [1m[36mCategory Load (0.5ms)[0m  [1m[34mSELECT  `categories`.* FROM `categories` WHERE `categories`.`category_id` = 1 LIMIT 1[0m
  [1m[36mSubCategory Load (0.4ms)[0m  [1m[34mSELECT  `sub_categories`.* FROM `sub_categories` WHERE `sub_categories`.`sub_category_id` = 1 LIMIT 1[0m
  [1m[36mSeller Load (0.7ms)[0m  [1m[34mSELECT  `sellers`.* FROM `sellers` WHERE `sellers`.`seller_id` IS NULL LIMIT 1[0m
  [1m[36mCACHE (0.0ms)[0m  [1m[34mSELECT  `categories`.* FROM `categories` WHERE `categories`.`category_id` = 1 LIMIT 1[0m  [["category_id", 1], ["LIMIT", 1]]
  [1m[36mCACHE (0.0ms)[0m  [1m[34mSELECT  `sub_categories`.* FROM `sub_categories` WHERE `sub_categories`.`sub_category_id` = 1 LIMIT 1[0m  [["sub_category_id", 1], ["LIMIT", 1]]
  [1m[36mCACHE (0.1ms)[0m  [1m[34mSELECT  `sellers`.* FROM `sellers` WHERE `sellers`.`seller_id` IS NULL LIMIT 1[0m  [["LIMIT", 1]]
  [1m[36mCategory Load (0.6ms)[0m  [1m[34mSELECT  `categories`.* FROM `categories` WHERE `categories`.`category_id` = 3 LIMIT 1[0m
  [1m[36mSubCategory Load (0.5ms)[0m  [1m[34mSELECT  `sub_categories`.* FROM `sub_categories` WHERE `sub_categories`.`sub_category_id` = 9 LIMIT 1[0m
  [1m[36mCACHE (0.0ms)[0m  [1m[34mSELECT  `sellers`.* FROM `sellers` WHERE `sellers`.`seller_id` IS NULL LIMIT 1[0m  [["LIMIT", 1]]
  [1m[36mCACHE (0.0ms)[0m  [1m[34mSELECT  `categories`.* FROM `categories` WHERE `categories`.`category_id` = 3 LIMIT 1[0m  [["category_id", 3], ["LIMIT", 1]]
  [1m[36mCACHE (0.0ms)[0m  [1m[34mSELECT  `sub_categories`.* FROM `sub_categories` WHERE `sub_categories`.`sub_category_id` = 9 LIMIT 1[0m  [["sub_category_id", 9], ["LIMIT", 1]]
  [1m[36mCACHE (0.0ms)[0m  [1m[34mSELECT  `sellers`.* FROM `sellers` WHERE `sellers`.`seller_id` IS NULL LIMIT 1[0m  [["LIMIT", 1]]
  [1m[36mCACHE (0.0ms)[0m  [1m[34mSELECT  `categories`.* FROM `categories` WHERE `categories`.`category_id` = 3 LIMIT 1[0m  [["category_id", 3], ["LIMIT", 1]]
  [1m[36mSubCategory Load (0.5ms)[0m  [1m[34mSELECT  `sub_categories`.* FROM `sub_categories` WHERE `sub_categories`.`sub_category_id` = 3 LIMIT 1[0m
  [1m[36mCACHE (0.0ms)[0m  [1m[34mSELECT  `sellers`.* FROM `sellers` WHERE `sellers`.`seller_id` IS NULL LIMIT 1[0m  [["LIMIT", 1]]
  [1m[36mCACHE (0.0ms)[0m  [1m[34mSELECT  `categories`.* FROM `categories` WHERE `categories`.`category_id` = 1 LIMIT 1[0m  [["category_id", 1], ["LIMIT", 1]]
  [1m[36mSubCategory Load (1.1ms)[0m  [1m[34mSELECT  `sub_categories`.* FROM `sub_categories` WHERE `sub_categories`.`sub_category_id` = 2 LIMIT 1[0m
  [1m[36mCACHE (0.0ms)[0m  [1m[34mSELECT  `sellers`.* FROM `sellers` WHERE `sellers`.`seller_id` IS NULL LIMIT 1[0m  [["LIMIT", 1]]
  Rendered items/index.html.erb within layouts/standard (119.7ms)
  [1m[36mUser Load (0.5ms)[0m  [1m[34mSELECT  `users`.* FROM `users` WHERE `users`.`user_id` = 'usman2897' LIMIT 1[0m
Completed 200 OK in 866ms (Views: 765.7ms | ActiveRecord: 14.7ms)


Started GET "/items/2" for 127.0.0.1 at 2017-05-20 21:27:36 +0530
Processing by ItemsController#show as HTML
  Parameters: {"id"=>"2"}
  [1m[36mItem Load (1.2ms)[0m  [1m[34mSELECT  `items`.* FROM `items` WHERE `items`.`item_id` = 2 LIMIT 1[0m
  [1m[36mSeller Load (1.0ms)[0m  [1m[34mSELECT  `sellers`.* FROM `sellers` WHERE `sellers`.`seller_id` IS NULL LIMIT 1[0m
  [1m[36mCACHE (0.0ms)[0m  [1m[34mSELECT  `items`.* FROM `items` WHERE `items`.`item_id` = 2 LIMIT 1[0m  [["item_id", 2], ["LIMIT", 1]]
  [1m[36mCategory Load (3.6ms)[0m  [1m[34mSELECT  `categories`.* FROM `categories` WHERE `categories`.`category_id` = 1 LIMIT 1[0m
  [1m[36mSubCategory Load (0.7ms)[0m  [1m[34mSELECT  `sub_categories`.* FROM `sub_categories` WHERE `sub_categories`.`sub_category_id` = 1 LIMIT 1[0m
  Rendering items/show.html.erb within layouts/standard
  [1m[36mCACHE (0.0ms)[0m  [1m[34mSELECT  `sellers`.* FROM `sellers` WHERE `sellers`.`seller_id` IS NULL LIMIT 1[0m  [["LIMIT", 1]]
  Rendered items/show.html.erb within layouts/standard (6.3ms)
  [1m[36mUser Load (0.6ms)[0m  [1m[34mSELECT  `users`.* FROM `users` WHERE `users`.`user_id` = 'usman2897' LIMIT 1[0m
Completed 200 OK in 97ms (Views: 79.4ms | ActiveRecord: 7.2ms)


Started GET "/uploads/item/image/2/3-2-1024x670.jpg" for 127.0.0.1 at 2017-05-20 21:27:36 +0530
  
ActionController::RoutingError (No route matches [GET] "/uploads/item/image/2/3-2-1024x670.jpg"):
  
actionpack (5.0.3) lib/action_dispatch/middleware/debug_exceptions.rb:53:in `call'
web-console (3.5.1) lib/web_console/middleware.rb:135:in `call_app'
web-console (3.5.1) lib/web_console/middleware.rb:28:in `block in call'
web-console (3.5.1) lib/web_console/middleware.rb:18:in `catch'
web-console (3.5.1) lib/web_console/middleware.rb:18:in `call'
actionpack (5.0.3) lib/action_dispatch/middleware/show_exceptions.rb:31:in `call'
railties (5.0.3) lib/rails/rack/logger.rb:36:in `call_app'
railties (5.0.3) lib/rails/rack/logger.rb:24:in `block in call'
activesupport (5.0.3) lib/active_support/tagged_logging.rb:69:in `block in tagged'
activesupport (5.0.3) lib/active_support/tagged_logging.rb:26:in `tagged'
activesupport (5.0.3) lib/active_support/tagged_logging.rb:69:in `tagged'
railties (5.0.3) lib/rails/rack/logger.rb:24:in `call'
sprockets-rails (3.2.0) lib/sprockets/rails/quiet_assets.rb:13:in `call'
actionpack (5.0.3) lib/action_dispatch/middleware/request_id.rb:24:in `call'
rack (2.0.3) lib/rack/method_override.rb:22:in `call'
rack (2.0.3) lib/rack/runtime.rb:22:in `call'
activesupport (5.0.3) lib/active_support/cache/strategy/local_cache_middleware.rb:28:in `call'
actionpack (5.0.3) lib/action_dispatch/middleware/executor.rb:12:in `call'
actionpack (5.0.3) lib/action_dispatch/middleware/static.rb:136:in `call'
rack (2.0.3) lib/rack/sendfile.rb:111:in `call'
railties (5.0.3) lib/rails/engine.rb:522:in `call'
puma (3.8.2) lib/puma/configuration.rb:224:in `call'
puma (3.8.2) lib/puma/server.rb:600:in `handle_request'
puma (3.8.2) lib/puma/server.rb:435:in `process_client'
puma (3.8.2) lib/puma/server.rb:299:in `block in run'
puma (3.8.2) lib/puma/thread_pool.rb:120:in `block in spawn_thread'
  Rendering /home/usman/.rbenv/versions/2.4.0/lib/ruby/gems/2.4.0/gems/actionpack-5.0.3/lib/action_dispatch/middleware/templates/rescues/routing_error.html.erb within rescues/layout
  Rendering /home/usman/.rbenv/versions/2.4.0/lib/ruby/gems/2.4.0/gems/actionpack-5.0.3/lib/action_dispatch/middleware/templates/rescues/_trace.html.erb
  Rendered /home/usman/.rbenv/versions/2.4.0/lib/ruby/gems/2.4.0/gems/actionpack-5.0.3/lib/action_dispatch/middleware/templates/rescues/_trace.html.erb (6.4ms)
  Rendered collection of /home/usman/.rbenv/versions/2.4.0/lib/ruby/gems/2.4.0/gems/actionpack-5.0.3/lib/action_dispatch/middleware/templates/routes/_route.html.erb [38 times] (56.9ms)
  Rendered /home/usman/.rbenv/versions/2.4.0/lib/ruby/gems/2.4.0/gems/actionpack-5.0.3/lib/action_dispatch/middleware/templates/routes/_table.html.erb (47.9ms)
  Rendering /home/usman/.rbenv/versions/2.4.0/lib/ruby/gems/2.4.0/gems/actionpack-5.0.3/lib/action_dispatch/middleware/templates/rescues/_request_and_response.html.erb
  Rendered /home/usman/.rbenv/versions/2.4.0/lib/ruby/gems/2.4.0/gems/actionpack-5.0.3/lib/action_dispatch/middleware/templates/rescues/_request_and_response.html.erb (2.0ms)
  Rendered /home/usman/.rbenv/versions/2.4.0/lib/ruby/gems/2.4.0/gems/actionpack-5.0.3/lib/action_dispatch/middleware/templates/rescues/routing_error.html.erb within rescues/layout (190.5ms)
Started GET "/orders/new?item=2" for 127.0.0.1 at 2017-05-20 21:27:42 +0530
Processing by OrdersController#new as HTML
  Parameters: {"item"=>"2"}
  [1m[36mItem Load (0.6ms)[0m  [1m[34mSELECT  `items`.* FROM `items` WHERE `items`.`item_id` = 2 LIMIT 1[0m
  Rendering orders/new.html.erb within layouts/application
  [1m[36mUser Load (0.7ms)[0m  [1m[34mSELECT  `users`.* FROM `users` WHERE `users`.`user_id` = 'usman2897' LIMIT 1[0m
  Rendered orders/_form.html.erb (204.6ms)
  Rendered orders/new.html.erb within layouts/application (206.8ms)
Completed 200 OK in 298ms (Views: 257.1ms | ActiveRecord: 2.9ms)


Started GET "/uploads/item/image/2/3-2-1024x670.jpg" for 127.0.0.1 at 2017-05-20 21:27:42 +0530
  
ActionController::RoutingError (No route matches [GET] "/uploads/item/image/2/3-2-1024x670.jpg"):
  
actionpack (5.0.3) lib/action_dispatch/middleware/debug_exceptions.rb:53:in `call'
web-console (3.5.1) lib/web_console/middleware.rb:135:in `call_app'
web-console (3.5.1) lib/web_console/middleware.rb:28:in `block in call'
web-console (3.5.1) lib/web_console/middleware.rb:18:in `catch'
web-console (3.5.1) lib/web_console/middleware.rb:18:in `call'
actionpack (5.0.3) lib/action_dispatch/middleware/show_exceptions.rb:31:in `call'
railties (5.0.3) lib/rails/rack/logger.rb:36:in `call_app'
railties (5.0.3) lib/rails/rack/logger.rb:24:in `block in call'
activesupport (5.0.3) lib/active_support/tagged_logging.rb:69:in `block in tagged'
activesupport (5.0.3) lib/active_support/tagged_logging.rb:26:in `tagged'
activesupport (5.0.3) lib/active_support/tagged_logging.rb:69:in `tagged'
railties (5.0.3) lib/rails/rack/logger.rb:24:in `call'
sprockets-rails (3.2.0) lib/sprockets/rails/quiet_assets.rb:13:in `call'
actionpack (5.0.3) lib/action_dispatch/middleware/request_id.rb:24:in `call'
rack (2.0.3) lib/rack/method_override.rb:22:in `call'
rack (2.0.3) lib/rack/runtime.rb:22:in `call'
activesupport (5.0.3) lib/active_support/cache/strategy/local_cache_middleware.rb:28:in `call'
actionpack (5.0.3) lib/action_dispatch/middleware/executor.rb:12:in `call'
actionpack (5.0.3) lib/action_dispatch/middleware/static.rb:136:in `call'
rack (2.0.3) lib/rack/sendfile.rb:111:in `call'
railties (5.0.3) lib/rails/engine.rb:522:in `call'
puma (3.8.2) lib/puma/configuration.rb:224:in `call'
puma (3.8.2) lib/puma/server.rb:600:in `handle_request'
puma (3.8.2) lib/puma/server.rb:435:in `process_client'
puma (3.8.2) lib/puma/server.rb:299:in `block in run'
puma (3.8.2) lib/puma/thread_pool.rb:120:in `block in spawn_thread'
  Rendering /home/usman/.rbenv/versions/2.4.0/lib/ruby/gems/2.4.0/gems/actionpack-5.0.3/lib/action_dispatch/middleware/templates/rescues/routing_error.html.erb within rescues/layout
  Rendering /home/usman/.rbenv/versions/2.4.0/lib/ruby/gems/2.4.0/gems/actionpack-5.0.3/lib/action_dispatch/middleware/templates/rescues/_trace.html.erb
  Rendered /home/usman/.rbenv/versions/2.4.0/lib/ruby/gems/2.4.0/gems/actionpack-5.0.3/lib/action_dispatch/middleware/templates/rescues/_trace.html.erb (1.9ms)
  Rendered collection of /home/usman/.rbenv/versions/2.4.0/lib/ruby/gems/2.4.0/gems/actionpack-5.0.3/lib/action_dispatch/middleware/templates/routes/_route.html.erb [38 times] (14.5ms)
  Rendered /home/usman/.rbenv/versions/2.4.0/lib/ruby/gems/2.4.0/gems/actionpack-5.0.3/lib/action_dispatch/middleware/templates/routes/_table.html.erb (2.1ms)
  Rendering /home/usman/.rbenv/versions/2.4.0/lib/ruby/gems/2.4.0/gems/actionpack-5.0.3/lib/action_dispatch/middleware/templates/rescues/_request_and_response.html.erb
  Rendered /home/usman/.rbenv/versions/2.4.0/lib/ruby/gems/2.4.0/gems/actionpack-5.0.3/lib/action_dispatch/middleware/templates/rescues/_request_and_response.html.erb (2.3ms)
  Rendered /home/usman/.rbenv/versions/2.4.0/lib/ruby/gems/2.4.0/gems/actionpack-5.0.3/lib/action_dispatch/middleware/templates/rescues/routing_error.html.erb within rescues/layout (52.3ms)
Started POST "/orders" for 127.0.0.1 at 2017-05-20 21:27:48 +0530
Processing by OrdersController#create as HTML
  Parameters: {"utf8"=>"✓", "authenticity_token"=>"L2tlET8ny8s56m0dU5FM0EFHCa75GxbPCh6/+bFCAR0KDWJ8aAMetsi01F+7RhkCvlrnbtFeaR/XylQPrhwEuw==", "order"=>{"item_id"=>"2", "ordered_quantity"=>"1", "total_price"=>"10000.0"}, "commit"=>"Create Order"}
  [1m[36mUser Load (6.5ms)[0m  [1m[34mSELECT  `users`.* FROM `users` WHERE `users`.`user_id` = 'usman2897' LIMIT 1[0m
  [1m[35m (0.2ms)[0m  [1m[35mBEGIN[0m
  [1m[36mCACHE (0.0ms)[0m  [1m[34mSELECT  `users`.* FROM `users` WHERE `users`.`user_id` = 'usman2897' LIMIT 1[0m  [["user_id", "usman2897"], ["LIMIT", 1]]
  [1m[36mItem Load (0.6ms)[0m  [1m[34mSELECT  `items`.* FROM `items` WHERE `items`.`item_id` = 2 LIMIT 1[0m
  [1m[35mSQL (19.3ms)[0m  [1m[32mINSERT INTO `orders` (`user_id`, `item_id`, `ordered_quantity`, `total_price`) VALUES ('usman2897', 2, 1, 10000.0)[0m
  [1m[35m (63.0ms)[0m  [1m[35mCOMMIT[0m
Redirected to 
Completed 500 Internal Server Error in 136ms (ActiveRecord: 89.7ms)


  
ActionController::UrlGenerationError (No route matches {:action=>"show", :controller=>"orders", :id=>nil} missing required keys: [:id]):
  
app/controllers/orders_controller.rb:38:in `block (2 levels) in create'
app/controllers/orders_controller.rb:36:in `create'
  Rendering /home/usman/.rbenv/versions/2.4.0/lib/ruby/gems/2.4.0/gems/actionpack-5.0.3/lib/action_dispatch/middleware/templates/rescues/diagnostics.html.erb within rescues/layout
  Rendering /home/usman/.rbenv/versions/2.4.0/lib/ruby/gems/2.4.0/gems/actionpack-5.0.3/lib/action_dispatch/middleware/templates/rescues/_source.html.erb
  Rendered /home/usman/.rbenv/versions/2.4.0/lib/ruby/gems/2.4.0/gems/actionpack-5.0.3/lib/action_dispatch/middleware/templates/rescues/_source.html.erb (8.4ms)
  Rendering /home/usman/.rbenv/versions/2.4.0/lib/ruby/gems/2.4.0/gems/actionpack-5.0.3/lib/action_dispatch/middleware/templates/rescues/_trace.html.erb
  Rendered /home/usman/.rbenv/versions/2.4.0/lib/ruby/gems/2.4.0/gems/actionpack-5.0.3/lib/action_dispatch/middleware/templates/rescues/_trace.html.erb (3.8ms)
  Rendering /home/usman/.rbenv/versions/2.4.0/lib/ruby/gems/2.4.0/gems/actionpack-5.0.3/lib/action_dispatch/middleware/templates/rescues/_request_and_response.html.erb
  Rendered /home/usman/.rbenv/versions/2.4.0/lib/ruby/gems/2.4.0/gems/actionpack-5.0.3/lib/action_dispatch/middleware/templates/rescues/_request_and_response.html.erb (2.2ms)
  Rendered /home/usman/.rbenv/versions/2.4.0/lib/ruby/gems/2.4.0/gems/actionpack-5.0.3/lib/action_dispatch/middleware/templates/rescues/diagnostics.html.erb within rescues/layout (53.8ms)
Started GET "/orders/2" for 127.0.0.1 at 2017-05-20 21:31:06 +0530
Processing by OrdersController#show as HTML
  Parameters: {"id"=>"2"}
Completed 500 Internal Server Error in 2ms (ActiveRecord: 0.0ms)


  
ActiveRecord::UnknownPrimaryKey (Unknown primary key for table orders in model Order.):
  
app/controllers/orders_controller.rb:74:in `set_order'
  Rendering /home/usman/.rbenv/versions/2.4.0/lib/ruby/gems/2.4.0/gems/actionpack-5.0.3/lib/action_dispatch/middleware/templates/rescues/diagnostics.html.erb within rescues/layout
  Rendering /home/usman/.rbenv/versions/2.4.0/lib/ruby/gems/2.4.0/gems/actionpack-5.0.3/lib/action_dispatch/middleware/templates/rescues/_source.html.erb
  Rendered /home/usman/.rbenv/versions/2.4.0/lib/ruby/gems/2.4.0/gems/actionpack-5.0.3/lib/action_dispatch/middleware/templates/rescues/_source.html.erb (6.8ms)
  Rendering /home/usman/.rbenv/versions/2.4.0/lib/ruby/gems/2.4.0/gems/actionpack-5.0.3/lib/action_dispatch/middleware/templates/rescues/_trace.html.erb
  Rendered /home/usman/.rbenv/versions/2.4.0/lib/ruby/gems/2.4.0/gems/actionpack-5.0.3/lib/action_dispatch/middleware/templates/rescues/_trace.html.erb (3.3ms)
  Rendering /home/usman/.rbenv/versions/2.4.0/lib/ruby/gems/2.4.0/gems/actionpack-5.0.3/lib/action_dispatch/middleware/templates/rescues/_request_and_response.html.erb
  Rendered /home/usman/.rbenv/versions/2.4.0/lib/ruby/gems/2.4.0/gems/actionpack-5.0.3/lib/action_dispatch/middleware/templates/rescues/_request_and_response.html.erb (1.6ms)
  Rendered /home/usman/.rbenv/versions/2.4.0/lib/ruby/gems/2.4.0/gems/actionpack-5.0.3/lib/action_dispatch/middleware/templates/rescues/diagnostics.html.erb within rescues/layout (36.6ms)
Started GET "/item/new" for 127.0.0.1 at 2017-05-20 21:34:38 +0530
  
ActionController::RoutingError (No route matches [GET] "/item/new"):
  
actionpack (5.0.3) lib/action_dispatch/middleware/debug_exceptions.rb:53:in `call'
web-console (3.5.1) lib/web_console/middleware.rb:135:in `call_app'
web-console (3.5.1) lib/web_console/middleware.rb:28:in `block in call'
web-console (3.5.1) lib/web_console/middleware.rb:18:in `catch'
web-console (3.5.1) lib/web_console/middleware.rb:18:in `call'
actionpack (5.0.3) lib/action_dispatch/middleware/show_exceptions.rb:31:in `call'
railties (5.0.3) lib/rails/rack/logger.rb:36:in `call_app'
railties (5.0.3) lib/rails/rack/logger.rb:24:in `block in call'
activesupport (5.0.3) lib/active_support/tagged_logging.rb:69:in `block in tagged'
activesupport (5.0.3) lib/active_support/tagged_logging.rb:26:in `tagged'
activesupport (5.0.3) lib/active_support/tagged_logging.rb:69:in `tagged'
railties (5.0.3) lib/rails/rack/logger.rb:24:in `call'
sprockets-rails (3.2.0) lib/sprockets/rails/quiet_assets.rb:13:in `call'
actionpack (5.0.3) lib/action_dispatch/middleware/request_id.rb:24:in `call'
rack (2.0.3) lib/rack/method_override.rb:22:in `call'
rack (2.0.3) lib/rack/runtime.rb:22:in `call'
activesupport (5.0.3) lib/active_support/cache/strategy/local_cache_middleware.rb:28:in `call'
actionpack (5.0.3) lib/action_dispatch/middleware/executor.rb:12:in `call'
actionpack (5.0.3) lib/action_dispatch/middleware/static.rb:136:in `call'
rack (2.0.3) lib/rack/sendfile.rb:111:in `call'
railties (5.0.3) lib/rails/engine.rb:522:in `call'
puma (3.8.2) lib/puma/configuration.rb:224:in `call'
puma (3.8.2) lib/puma/server.rb:600:in `handle_request'
puma (3.8.2) lib/puma/server.rb:435:in `process_client'
puma (3.8.2) lib/puma/server.rb:299:in `block in run'
puma (3.8.2) lib/puma/thread_pool.rb:120:in `block in spawn_thread'
  Rendering /home/usman/.rbenv/versions/2.4.0/lib/ruby/gems/2.4.0/gems/actionpack-5.0.3/lib/action_dispatch/middleware/templates/rescues/routing_error.html.erb within rescues/layout
  Rendering /home/usman/.rbenv/versions/2.4.0/lib/ruby/gems/2.4.0/gems/actionpack-5.0.3/lib/action_dispatch/middleware/templates/rescues/_trace.html.erb
  Rendered /home/usman/.rbenv/versions/2.4.0/lib/ruby/gems/2.4.0/gems/actionpack-5.0.3/lib/action_dispatch/middleware/templates/rescues/_trace.html.erb (2.0ms)
  Rendered collection of /home/usman/.rbenv/versions/2.4.0/lib/ruby/gems/2.4.0/gems/actionpack-5.0.3/lib/action_dispatch/middleware/templates/routes/_route.html.erb [38 times] (15.9ms)
  Rendered /home/usman/.rbenv/versions/2.4.0/lib/ruby/gems/2.4.0/gems/actionpack-5.0.3/lib/action_dispatch/middleware/templates/routes/_table.html.erb (1.5ms)
  Rendering /home/usman/.rbenv/versions/2.4.0/lib/ruby/gems/2.4.0/gems/actionpack-5.0.3/lib/action_dispatch/middleware/templates/rescues/_request_and_response.html.erb
  Rendered /home/usman/.rbenv/versions/2.4.0/lib/ruby/gems/2.4.0/gems/actionpack-5.0.3/lib/action_dispatch/middleware/templates/rescues/_request_and_response.html.erb (2.0ms)
  Rendered /home/usman/.rbenv/versions/2.4.0/lib/ruby/gems/2.4.0/gems/actionpack-5.0.3/lib/action_dispatch/middleware/templates/rescues/routing_error.html.erb within rescues/layout (53.5ms)
Started GET "/items" for 127.0.0.1 at 2017-05-20 21:34:41 +0530
Processing by ItemsController#index as HTML
  Rendering items/index.html.erb within layouts/standard
  [1m[36mItem Load (1.0ms)[0m  [1m[34mSELECT `items`.* FROM `items` WHERE (quantity > 0)[0m
  [1m[36mCategory Load (0.8ms)[0m  [1m[34mSELECT  `categories`.* FROM `categories` WHERE `categories`.`category_id` = 1 LIMIT 1[0m
  [1m[36mSubCategory Load (0.6ms)[0m  [1m[34mSELECT  `sub_categories`.* FROM `sub_categories` WHERE `sub_categories`.`sub_category_id` = 1 LIMIT 1[0m
  [1m[36mSeller Load (0.4ms)[0m  [1m[34mSELECT  `sellers`.* FROM `sellers` WHERE `sellers`.`seller_id` IS NULL LIMIT 1[0m
  [1m[36mCACHE (0.0ms)[0m  [1m[34mSELECT  `categories`.* FROM `categories` WHERE `categories`.`category_id` = 1 LIMIT 1[0m  [["category_id", 1], ["LIMIT", 1]]
  [1m[36mCACHE (0.0ms)[0m  [1m[34mSELECT  `sub_categories`.* FROM `sub_categories` WHERE `sub_categories`.`sub_category_id` = 1 LIMIT 1[0m  [["sub_category_id", 1], ["LIMIT", 1]]
  [1m[36mCACHE (0.0ms)[0m  [1m[34mSELECT  `sellers`.* FROM `sellers` WHERE `sellers`.`seller_id` IS NULL LIMIT 1[0m  [["LIMIT", 1]]
  [1m[36mCategory Load (0.6ms)[0m  [1m[34mSELECT  `categories`.* FROM `categories` WHERE `categories`.`category_id` = 3 LIMIT 1[0m
  [1m[36mSubCategory Load (0.8ms)[0m  [1m[34mSELECT  `sub_categories`.* FROM `sub_categories` WHERE `sub_categories`.`sub_category_id` = 9 LIMIT 1[0m
  [1m[36mCACHE (0.0ms)[0m  [1m[34mSELECT  `sellers`.* FROM `sellers` WHERE `sellers`.`seller_id` IS NULL LIMIT 1[0m  [["LIMIT", 1]]
  [1m[36mCACHE (0.0ms)[0m  [1m[34mSELECT  `categories`.* FROM `categories` WHERE `categories`.`category_id` = 3 LIMIT 1[0m  [["category_id", 3], ["LIMIT", 1]]
  [1m[36mCACHE (0.0ms)[0m  [1m[34mSELECT  `sub_categories`.* FROM `sub_categories` WHERE `sub_categories`.`sub_category_id` = 9 LIMIT 1[0m  [["sub_category_id", 9], ["LIMIT", 1]]
  [1m[36mCACHE (0.0ms)[0m  [1m[34mSELECT  `sellers`.* FROM `sellers` WHERE `sellers`.`seller_id` IS NULL LIMIT 1[0m  [["LIMIT", 1]]
  [1m[36mCACHE (0.0ms)[0m  [1m[34mSELECT  `categories`.* FROM `categories` WHERE `categories`.`category_id` = 3 LIMIT 1[0m  [["category_id", 3], ["LIMIT", 1]]
  [1m[36mSubCategory Load (1.6ms)[0m  [1m[34mSELECT  `sub_categories`.* FROM `sub_categories` WHERE `sub_categories`.`sub_category_id` = 3 LIMIT 1[0m
  [1m[36mCACHE (0.0ms)[0m  [1m[34mSELECT  `sellers`.* FROM `sellers` WHERE `sellers`.`seller_id` IS NULL LIMIT 1[0m  [["LIMIT", 1]]
  [1m[36mCACHE (0.0ms)[0m  [1m[34mSELECT  `categories`.* FROM `categories` WHERE `categories`.`category_id` = 1 LIMIT 1[0m  [["category_id", 1], ["LIMIT", 1]]
  [1m[36mSubCategory Load (0.5ms)[0m  [1m[34mSELECT  `sub_categories`.* FROM `sub_categories` WHERE `sub_categories`.`sub_category_id` = 2 LIMIT 1[0m
  [1m[36mCACHE (0.0ms)[0m  [1m[34mSELECT  `sellers`.* FROM `sellers` WHERE `sellers`.`seller_id` IS NULL LIMIT 1[0m  [["LIMIT", 1]]
  Rendered items/index.html.erb within layouts/standard (37.8ms)
  [1m[36mUser Load (0.6ms)[0m  [1m[34mSELECT  `users`.* FROM `users` WHERE `users`.`user_id` = 'usman2897' LIMIT 1[0m
Completed 200 OK in 71ms (Views: 61.3ms | ActiveRecord: 7.1ms)


Started GET "/items/6" for 127.0.0.1 at 2017-05-20 21:34:42 +0530
Processing by ItemsController#show as HTML
  Parameters: {"id"=>"6"}
  [1m[36mItem Load (0.5ms)[0m  [1m[34mSELECT  `items`.* FROM `items` WHERE `items`.`item_id` = 6 LIMIT 1[0m
  [1m[36mSeller Load (0.5ms)[0m  [1m[34mSELECT  `sellers`.* FROM `sellers` WHERE `sellers`.`seller_id` IS NULL LIMIT 1[0m
  [1m[36mCACHE (5.3ms)[0m  [1m[34mSELECT  `items`.* FROM `items` WHERE `items`.`item_id` = 6 LIMIT 1[0m  [["item_id", 6], ["LIMIT", 1]]
  [1m[36mCategory Load (0.7ms)[0m  [1m[34mSELECT  `categories`.* FROM `categories` WHERE `categories`.`category_id` = 1 LIMIT 1[0m
  [1m[36mSubCategory Load (0.7ms)[0m  [1m[34mSELECT  `sub_categories`.* FROM `sub_categories` WHERE `sub_categories`.`sub_category_id` = 2 LIMIT 1[0m
  Rendering items/show.html.erb within layouts/standard
  [1m[36mCACHE (0.0ms)[0m  [1m[34mSELECT  `sellers`.* FROM `sellers` WHERE `sellers`.`seller_id` IS NULL LIMIT 1[0m  [["LIMIT", 1]]
  Rendered items/show.html.erb within layouts/standard (4.5ms)
  [1m[36mUser Load (0.5ms)[0m  [1m[34mSELECT  `users`.* FROM `users` WHERE `users`.`user_id` = 'usman2897' LIMIT 1[0m
Completed 200 OK in 50ms (Views: 32.7ms | ActiveRecord: 8.4ms)


Started GET "/orders/new?item=6" for 127.0.0.1 at 2017-05-20 21:34:44 +0530
Processing by OrdersController#new as HTML
  Parameters: {"item"=>"6"}
  [1m[36mItem Load (0.6ms)[0m  [1m[34mSELECT  `items`.* FROM `items` WHERE `items`.`item_id` = 6 LIMIT 1[0m
  Rendering orders/new.html.erb within layouts/application
  [1m[36mUser Load (0.6ms)[0m  [1m[34mSELECT  `users`.* FROM `users` WHERE `users`.`user_id` = 'usman2897' LIMIT 1[0m
  Rendered orders/_form.html.erb (6.3ms)
  Rendered orders/new.html.erb within layouts/application (10.1ms)
Completed 200 OK in 48ms (Views: 38.5ms | ActiveRecord: 1.2ms)


Started POST "/orders" for 127.0.0.1 at 2017-05-20 21:34:48 +0530
Processing by OrdersController#create as HTML
  Parameters: {"utf8"=>"✓", "authenticity_token"=>"tvWQx8G42GH58M/UHXhgpnUy03aFIHfAZfOrRHNKVZWTk5eqlpwNHAiudpb1rzV0ii89tq1lCBC4J0CybBRQMw==", "order"=>{"item_id"=>"6", "ordered_quantity"=>"1", "total_price"=>"25000.0"}, "commit"=>"Create Order"}
  [1m[36mUser Load (0.7ms)[0m  [1m[34mSELECT  `users`.* FROM `users` WHERE `users`.`user_id` = 'usman2897' LIMIT 1[0m
  [1m[35m (0.4ms)[0m  [1m[35mBEGIN[0m
  [1m[36mCACHE (0.0ms)[0m  [1m[34mSELECT  `users`.* FROM `users` WHERE `users`.`user_id` = 'usman2897' LIMIT 1[0m  [["user_id", "usman2897"], ["LIMIT", 1]]
  [1m[36mItem Load (0.6ms)[0m  [1m[34mSELECT  `items`.* FROM `items` WHERE `items`.`item_id` = 6 LIMIT 1[0m
  [1m[35mSQL (0.5ms)[0m  [1m[32mINSERT INTO `orders` (`user_id`, `item_id`, `ordered_quantity`, `total_price`) VALUES ('usman2897', 6, 1, 25000.0)[0m
  [1m[35m (129.0ms)[0m  [1m[35mCOMMIT[0m
Redirected to 
Completed 500 Internal Server Error in 145ms (ActiveRecord: 131.3ms)


  
ActionController::UrlGenerationError (No route matches {:action=>"show", :controller=>"orders", :id=>nil} missing required keys: [:id]):
  
app/controllers/orders_controller.rb:38:in `block (2 levels) in create'
app/controllers/orders_controller.rb:36:in `create'
  Rendering /home/usman/.rbenv/versions/2.4.0/lib/ruby/gems/2.4.0/gems/actionpack-5.0.3/lib/action_dispatch/middleware/templates/rescues/diagnostics.html.erb within rescues/layout
  Rendering /home/usman/.rbenv/versions/2.4.0/lib/ruby/gems/2.4.0/gems/actionpack-5.0.3/lib/action_dispatch/middleware/templates/rescues/_source.html.erb
  Rendered /home/usman/.rbenv/versions/2.4.0/lib/ruby/gems/2.4.0/gems/actionpack-5.0.3/lib/action_dispatch/middleware/templates/rescues/_source.html.erb (8.5ms)
  Rendering /home/usman/.rbenv/versions/2.4.0/lib/ruby/gems/2.4.0/gems/actionpack-5.0.3/lib/action_dispatch/middleware/templates/rescues/_trace.html.erb
  Rendered /home/usman/.rbenv/versions/2.4.0/lib/ruby/gems/2.4.0/gems/actionpack-5.0.3/lib/action_dispatch/middleware/templates/rescues/_trace.html.erb (3.8ms)
  Rendering /home/usman/.rbenv/versions/2.4.0/lib/ruby/gems/2.4.0/gems/actionpack-5.0.3/lib/action_dispatch/middleware/templates/rescues/_request_and_response.html.erb
  Rendered /home/usman/.rbenv/versions/2.4.0/lib/ruby/gems/2.4.0/gems/actionpack-5.0.3/lib/action_dispatch/middleware/templates/rescues/_request_and_response.html.erb (1.9ms)
  Rendered /home/usman/.rbenv/versions/2.4.0/lib/ruby/gems/2.4.0/gems/actionpack-5.0.3/lib/action_dispatch/middleware/templates/rescues/diagnostics.html.erb within rescues/layout (37.3ms)
Started GET "/items" for 127.0.0.1 at 2017-05-20 21:36:48 +0530
Processing by ItemsController#index as HTML
  Rendering items/index.html.erb within layouts/standard
  [1m[36mItem Load (0.7ms)[0m  [1m[34mSELECT `items`.* FROM `items` WHERE (quantity > 0)[0m
  [1m[36mCategory Load (0.4ms)[0m  [1m[34mSELECT  `categories`.* FROM `categories` WHERE `categories`.`category_id` = 1 LIMIT 1[0m
  [1m[36mSubCategory Load (0.5ms)[0m  [1m[34mSELECT  `sub_categories`.* FROM `sub_categories` WHERE `sub_categories`.`sub_category_id` = 1 LIMIT 1[0m
  [1m[36mSeller Load (0.5ms)[0m  [1m[34mSELECT  `sellers`.* FROM `sellers` WHERE `sellers`.`seller_id` IS NULL LIMIT 1[0m
  [1m[36mCACHE (0.0ms)[0m  [1m[34mSELECT  `categories`.* FROM `categories` WHERE `categories`.`category_id` = 1 LIMIT 1[0m  [["category_id", 1], ["LIMIT", 1]]
  [1m[36mCACHE (0.0ms)[0m  [1m[34mSELECT  `sub_categories`.* FROM `sub_categories` WHERE `sub_categories`.`sub_category_id` = 1 LIMIT 1[0m  [["sub_category_id", 1], ["LIMIT", 1]]
  [1m[36mCACHE (0.0ms)[0m  [1m[34mSELECT  `sellers`.* FROM `sellers` WHERE `sellers`.`seller_id` IS NULL LIMIT 1[0m  [["LIMIT", 1]]
  [1m[36mCategory Load (0.5ms)[0m  [1m[34mSELECT  `categories`.* FROM `categories` WHERE `categories`.`category_id` = 3 LIMIT 1[0m
  [1m[36mSubCategory Load (0.4ms)[0m  [1m[34mSELECT  `sub_categories`.* FROM `sub_categories` WHERE `sub_categories`.`sub_category_id` = 9 LIMIT 1[0m
  [1m[36mCACHE (0.0ms)[0m  [1m[34mSELECT  `sellers`.* FROM `sellers` WHERE `sellers`.`seller_id` IS NULL LIMIT 1[0m  [["LIMIT", 1]]
  [1m[36mCACHE (0.0ms)[0m  [1m[34mSELECT  `categories`.* FROM `categories` WHERE `categories`.`category_id` = 3 LIMIT 1[0m  [["category_id", 3], ["LIMIT", 1]]
  [1m[36mCACHE (0.0ms)[0m  [1m[34mSELECT  `sub_categories`.* FROM `sub_categories` WHERE `sub_categories`.`sub_category_id` = 9 LIMIT 1[0m  [["sub_category_id", 9], ["LIMIT", 1]]
  [1m[36mCACHE (0.0ms)[0m  [1m[34mSELECT  `sellers`.* FROM `sellers` WHERE `sellers`.`seller_id` IS NULL LIMIT 1[0m  [["LIMIT", 1]]
  [1m[36mCACHE (0.0ms)[0m  [1m[34mSELECT  `categories`.* FROM `categories` WHERE `categories`.`category_id` = 3 LIMIT 1[0m  [["category_id", 3], ["LIMIT", 1]]
  [1m[36mSubCategory Load (0.5ms)[0m  [1m[34mSELECT  `sub_categories`.* FROM `sub_categories` WHERE `sub_categories`.`sub_category_id` = 3 LIMIT 1[0m
  [1m[36mCACHE (0.0ms)[0m  [1m[34mSELECT  `sellers`.* FROM `sellers` WHERE `sellers`.`seller_id` IS NULL LIMIT 1[0m  [["LIMIT", 1]]
  [1m[36mCACHE (0.0ms)[0m  [1m[34mSELECT  `categories`.* FROM `categories` WHERE `categories`.`category_id` = 1 LIMIT 1[0m  [["category_id", 1], ["LIMIT", 1]]
  [1m[36mSubCategory Load (0.4ms)[0m  [1m[34mSELECT  `sub_categories`.* FROM `sub_categories` WHERE `sub_categories`.`sub_category_id` = 2 LIMIT 1[0m
  [1m[36mCACHE (0.0ms)[0m  [1m[34mSELECT  `sellers`.* FROM `sellers` WHERE `sellers`.`seller_id` IS NULL LIMIT 1[0m  [["LIMIT", 1]]
  Rendered items/index.html.erb within layouts/standard (62.6ms)
  [1m[36mUser Load (0.3ms)[0m  [1m[34mSELECT  `users`.* FROM `users` WHERE `users`.`user_id` = 'usman2897' LIMIT 1[0m
Completed 200 OK in 119ms (Views: 85.3ms | ActiveRecord: 10.1ms)


Started GET "/items/6" for 127.0.0.1 at 2017-05-20 21:36:50 +0530
Processing by ItemsController#show as HTML
  Parameters: {"id"=>"6"}
  [1m[36mItem Load (0.5ms)[0m  [1m[34mSELECT  `items`.* FROM `items` WHERE `items`.`item_id` = 6 LIMIT 1[0m
  [1m[36mSeller Load (0.4ms)[0m  [1m[34mSELECT  `sellers`.* FROM `sellers` WHERE `sellers`.`seller_id` IS NULL LIMIT 1[0m
  [1m[36mCACHE (0.0ms)[0m  [1m[34mSELECT  `items`.* FROM `items` WHERE `items`.`item_id` = 6 LIMIT 1[0m  [["item_id", 6], ["LIMIT", 1]]
  [1m[36mCategory Load (0.5ms)[0m  [1m[34mSELECT  `categories`.* FROM `categories` WHERE `categories`.`category_id` = 1 LIMIT 1[0m
  [1m[36mSubCategory Load (0.5ms)[0m  [1m[34mSELECT  `sub_categories`.* FROM `sub_categories` WHERE `sub_categories`.`sub_category_id` = 2 LIMIT 1[0m
  Rendering items/show.html.erb within layouts/standard
  [1m[36mCACHE (0.0ms)[0m  [1m[34mSELECT  `sellers`.* FROM `sellers` WHERE `sellers`.`seller_id` IS NULL LIMIT 1[0m  [["LIMIT", 1]]
  Rendered items/show.html.erb within layouts/standard (4.8ms)
  [1m[36mUser Load (0.6ms)[0m  [1m[34mSELECT  `users`.* FROM `users` WHERE `users`.`user_id` = 'usman2897' LIMIT 1[0m
Completed 200 OK in 51ms (Views: 39.9ms | ActiveRecord: 2.5ms)


Started GET "/orders/new?item=6" for 127.0.0.1 at 2017-05-20 21:36:52 +0530
Processing by OrdersController#new as HTML
  Parameters: {"item"=>"6"}
  [1m[36mItem Load (0.6ms)[0m  [1m[34mSELECT  `items`.* FROM `items` WHERE `items`.`item_id` = 6 LIMIT 1[0m
  Rendering orders/new.html.erb within layouts/application
  [1m[36mUser Load (0.6ms)[0m  [1m[34mSELECT  `users`.* FROM `users` WHERE `users`.`user_id` = 'usman2897' LIMIT 1[0m
  Rendered orders/_form.html.erb (6.9ms)
  Rendered orders/new.html.erb within layouts/application (8.9ms)
Completed 200 OK in 55ms (Views: 33.9ms | ActiveRecord: 2.8ms)


Started POST "/orders" for 127.0.0.1 at 2017-05-20 21:36:54 +0530
Processing by OrdersController#create as HTML
  Parameters: {"utf8"=>"✓", "authenticity_token"=>"/DZD8fpuF+T212ox833TcnBTNXpBn+81/swiNq8NKGvZUEScrUrCmQeJ03Mbqoagj07bumnakOUjGMnAsFMtzQ==", "order"=>{"item_id"=>"6", "ordered_quantity"=>"1", "total_price"=>"25000.0"}, "commit"=>"Create Order"}
  [1m[36mUser Load (0.6ms)[0m  [1m[34mSELECT  `users`.* FROM `users` WHERE `users`.`user_id` = 'usman2897' LIMIT 1[0m
  [1m[35m (0.2ms)[0m  [1m[35mBEGIN[0m
  [1m[36mCACHE (0.0ms)[0m  [1m[34mSELECT  `users`.* FROM `users` WHERE `users`.`user_id` = 'usman2897' LIMIT 1[0m  [["user_id", "usman2897"], ["LIMIT", 1]]
  [1m[36mItem Load (0.5ms)[0m  [1m[34mSELECT  `items`.* FROM `items` WHERE `items`.`item_id` = 6 LIMIT 1[0m
  [1m[35mSQL (0.5ms)[0m  [1m[32mINSERT INTO `orders` (`user_id`, `item_id`, `ordered_quantity`, `total_price`) VALUES ('usman2897', 6, 1, 25000.0)[0m
  [1m[35m (63.7ms)[0m  [1m[35mCOMMIT[0m
Completed 500 Internal Server Error in 256ms (ActiveRecord: 65.5ms)


  
NameError (undefined local variable or method `items' for #<OrdersController:0x007f9c3ce6a6d8>
Did you mean?  items_url):
  
app/controllers/orders_controller.rb:38:in `block (2 levels) in create'
app/controllers/orders_controller.rb:36:in `create'
  Rendering /home/usman/.rbenv/versions/2.4.0/lib/ruby/gems/2.4.0/gems/actionpack-5.0.3/lib/action_dispatch/middleware/templates/rescues/diagnostics.html.erb within rescues/layout
  Rendering /home/usman/.rbenv/versions/2.4.0/lib/ruby/gems/2.4.0/gems/actionpack-5.0.3/lib/action_dispatch/middleware/templates/rescues/_source.html.erb
  Rendered /home/usman/.rbenv/versions/2.4.0/lib/ruby/gems/2.4.0/gems/actionpack-5.0.3/lib/action_dispatch/middleware/templates/rescues/_source.html.erb (4.4ms)
  Rendering /home/usman/.rbenv/versions/2.4.0/lib/ruby/gems/2.4.0/gems/actionpack-5.0.3/lib/action_dispatch/middleware/templates/rescues/_trace.html.erb
  Rendered /home/usman/.rbenv/versions/2.4.0/lib/ruby/gems/2.4.0/gems/actionpack-5.0.3/lib/action_dispatch/middleware/templates/rescues/_trace.html.erb (2.0ms)
  Rendering /home/usman/.rbenv/versions/2.4.0/lib/ruby/gems/2.4.0/gems/actionpack-5.0.3/lib/action_dispatch/middleware/templates/rescues/_request_and_response.html.erb
  Rendered /home/usman/.rbenv/versions/2.4.0/lib/ruby/gems/2.4.0/gems/actionpack-5.0.3/lib/action_dispatch/middleware/templates/rescues/_request_and_response.html.erb (1.2ms)
  Rendered /home/usman/.rbenv/versions/2.4.0/lib/ruby/gems/2.4.0/gems/actionpack-5.0.3/lib/action_dispatch/middleware/templates/rescues/diagnostics.html.erb within rescues/layout (97.9ms)
Started POST "/orders" for 127.0.0.1 at 2017-05-20 21:37:06 +0530
Processing by OrdersController#create as HTML
  Parameters: {"utf8"=>"✓", "authenticity_token"=>"/DZD8fpuF+T212ox833TcnBTNXpBn+81/swiNq8NKGvZUEScrUrCmQeJ03Mbqoagj07bumnakOUjGMnAsFMtzQ==", "order"=>{"item_id"=>"6", "ordered_quantity"=>"1", "total_price"=>"25000.0"}, "commit"=>"Create Order"}
  [1m[36mUser Load (0.5ms)[0m  [1m[34mSELECT  `users`.* FROM `users` WHERE `users`.`user_id` = 'usman2897' LIMIT 1[0m
  [1m[35m (0.2ms)[0m  [1m[35mBEGIN[0m
  [1m[36mCACHE (0.0ms)[0m  [1m[34mSELECT  `users`.* FROM `users` WHERE `users`.`user_id` = 'usman2897' LIMIT 1[0m  [["user_id", "usman2897"], ["LIMIT", 1]]
  [1m[36mItem Load (0.5ms)[0m  [1m[34mSELECT  `items`.* FROM `items` WHERE `items`.`item_id` = 6 LIMIT 1[0m
  [1m[35mSQL (0.5ms)[0m  [1m[32mINSERT INTO `orders` (`user_id`, `item_id`, `ordered_quantity`, `total_price`) VALUES ('usman2897', 6, 1, 25000.0)[0m
  [1m[35m (72.0ms)[0m  [1m[35mCOMMIT[0m
Redirected to http://localhost:3000/items
Completed 302 Found in 142ms (ActiveRecord: 79.4ms)


Started GET "/items" for 127.0.0.1 at 2017-05-20 21:37:06 +0530
Processing by ItemsController#index as HTML
  Rendering items/index.html.erb within layouts/standard
  [1m[36mItem Load (0.5ms)[0m  [1m[34mSELECT `items`.* FROM `items` WHERE (quantity > 0)[0m
  [1m[36mCategory Load (0.4ms)[0m  [1m[34mSELECT  `categories`.* FROM `categories` WHERE `categories`.`category_id` = 1 LIMIT 1[0m
  [1m[36mSubCategory Load (0.4ms)[0m  [1m[34mSELECT  `sub_categories`.* FROM `sub_categories` WHERE `sub_categories`.`sub_category_id` = 1 LIMIT 1[0m
  [1m[36mSeller Load (0.5ms)[0m  [1m[34mSELECT  `sellers`.* FROM `sellers` WHERE `sellers`.`seller_id` IS NULL LIMIT 1[0m
  [1m[36mCACHE (0.0ms)[0m  [1m[34mSELECT  `categories`.* FROM `categories` WHERE `categories`.`category_id` = 1 LIMIT 1[0m  [["category_id", 1], ["LIMIT", 1]]
  [1m[36mCACHE (0.0ms)[0m  [1m[34mSELECT  `sub_categories`.* FROM `sub_categories` WHERE `sub_categories`.`sub_category_id` = 1 LIMIT 1[0m  [["sub_category_id", 1], ["LIMIT", 1]]
  [1m[36mCACHE (0.0ms)[0m  [1m[34mSELECT  `sellers`.* FROM `sellers` WHERE `sellers`.`seller_id` IS NULL LIMIT 1[0m  [["LIMIT", 1]]
  [1m[36mCategory Load (0.5ms)[0m  [1m[34mSELECT  `categories`.* FROM `categories` WHERE `categories`.`category_id` = 3 LIMIT 1[0m
  [1m[36mSubCategory Load (0.3ms)[0m  [1m[34mSELECT  `sub_categories`.* FROM `sub_categories` WHERE `sub_categories`.`sub_category_id` = 9 LIMIT 1[0m
  [1m[36mCACHE (0.0ms)[0m  [1m[34mSELECT  `sellers`.* FROM `sellers` WHERE `sellers`.`seller_id` IS NULL LIMIT 1[0m  [["LIMIT", 1]]
  [1m[36mCACHE (0.0ms)[0m  [1m[34mSELECT  `categories`.* FROM `categories` WHERE `categories`.`category_id` = 3 LIMIT 1[0m  [["category_id", 3], ["LIMIT", 1]]
  [1m[36mCACHE (0.0ms)[0m  [1m[34mSELECT  `sub_categories`.* FROM `sub_categories` WHERE `sub_categories`.`sub_category_id` = 9 LIMIT 1[0m  [["sub_category_id", 9], ["LIMIT", 1]]
  [1m[36mCACHE (0.0ms)[0m  [1m[34mSELECT  `sellers`.* FROM `sellers` WHERE `sellers`.`seller_id` IS NULL LIMIT 1[0m  [["LIMIT", 1]]
  [1m[36mCACHE (0.0ms)[0m  [1m[34mSELECT  `categories`.* FROM `categories` WHERE `categories`.`category_id` = 3 LIMIT 1[0m  [["category_id", 3], ["LIMIT", 1]]
  [1m[36mSubCategory Load (0.4ms)[0m  [1m[34mSELECT  `sub_categories`.* FROM `sub_categories` WHERE `sub_categories`.`sub_category_id` = 3 LIMIT 1[0m
  [1m[36mCACHE (0.0ms)[0m  [1m[34mSELECT  `sellers`.* FROM `sellers` WHERE `sellers`.`seller_id` IS NULL LIMIT 1[0m  [["LIMIT", 1]]
  [1m[36mCACHE (0.0ms)[0m  [1m[34mSELECT  `categories`.* FROM `categories` WHERE `categories`.`category_id` = 1 LIMIT 1[0m  [["category_id", 1], ["LIMIT", 1]]
  [1m[36mSubCategory Load (0.4ms)[0m  [1m[34mSELECT  `sub_categories`.* FROM `sub_categories` WHERE `sub_categories`.`sub_category_id` = 2 LIMIT 1[0m
  [1m[36mCACHE (0.0ms)[0m  [1m[34mSELECT  `sellers`.* FROM `sellers` WHERE `sellers`.`seller_id` IS NULL LIMIT 1[0m  [["LIMIT", 1]]
  Rendered items/index.html.erb within layouts/standard (57.3ms)
  [1m[36mUser Load (3.8ms)[0m  [1m[34mSELECT  `users`.* FROM `users` WHERE `users`.`user_id` = 'usman2897' LIMIT 1[0m
Completed 200 OK in 82ms (Views: 60.0ms | ActiveRecord: 20.3ms)


Started GET "/items/6" for 127.0.0.1 at 2017-05-20 21:37:46 +0530
Processing by ItemsController#show as HTML
  Parameters: {"id"=>"6"}
  [1m[36mItem Load (0.5ms)[0m  [1m[34mSELECT  `items`.* FROM `items` WHERE `items`.`item_id` = 6 LIMIT 1[0m
  [1m[36mSeller Load (0.4ms)[0m  [1m[34mSELECT  `sellers`.* FROM `sellers` WHERE `sellers`.`seller_id` IS NULL LIMIT 1[0m
  [1m[36mCACHE (0.0ms)[0m  [1m[34mSELECT  `items`.* FROM `items` WHERE `items`.`item_id` = 6 LIMIT 1[0m  [["item_id", 6], ["LIMIT", 1]]
  [1m[36mCategory Load (0.4ms)[0m  [1m[34mSELECT  `categories`.* FROM `categories` WHERE `categories`.`category_id` = 1 LIMIT 1[0m
  [1m[36mSubCategory Load (0.5ms)[0m  [1m[34mSELECT  `sub_categories`.* FROM `sub_categories` WHERE `sub_categories`.`sub_category_id` = 2 LIMIT 1[0m
  Rendering items/show.html.erb within layouts/standard
  [1m[36mCACHE (0.0ms)[0m  [1m[34mSELECT  `sellers`.* FROM `sellers` WHERE `sellers`.`seller_id` IS NULL LIMIT 1[0m  [["LIMIT", 1]]
  Rendered items/show.html.erb within layouts/standard (17.8ms)
  [1m[36mUser Load (0.5ms)[0m  [1m[34mSELECT  `users`.* FROM `users` WHERE `users`.`user_id` = 'usman2897' LIMIT 1[0m
Completed 200 OK in 61ms (Views: 50.5ms | ActiveRecord: 2.4ms)


Started GET "/orders/new?item=6" for 127.0.0.1 at 2017-05-20 21:37:48 +0530
Processing by OrdersController#new as HTML
  Parameters: {"item"=>"6"}
  [1m[36mItem Load (0.7ms)[0m  [1m[34mSELECT  `items`.* FROM `items` WHERE `items`.`item_id` = 6 LIMIT 1[0m
  Rendering orders/new.html.erb within layouts/application
  [1m[36mUser Load (1.1ms)[0m  [1m[34mSELECT  `users`.* FROM `users` WHERE `users`.`user_id` = 'usman2897' LIMIT 1[0m
  Rendered orders/_form.html.erb (10.3ms)
  Rendered orders/new.html.erb within layouts/application (12.6ms)
Completed 200 OK in 48ms (Views: 42.2ms | ActiveRecord: 1.9ms)


Started POST "/orders" for 127.0.0.1 at 2017-05-20 21:37:58 +0530
Processing by OrdersController#create as HTML
  Parameters: {"utf8"=>"✓", "authenticity_token"=>"ebRVPH1BCcqoiUwzwgy6u6iuqZqJscSw78XaHQGbfYFc0lJRKmXct1nX9XEq2+9pV7NHWqH0u2AyETHrHsV4Jw==", "order"=>{"item_id"=>"6", "ordered_quantity"=>"1", "total_price"=>"25000.0"}, "commit"=>"Create Order"}
  [1m[36mUser Load (0.6ms)[0m  [1m[34mSELECT  `users`.* FROM `users` WHERE `users`.`user_id` = 'usman2897' LIMIT 1[0m
  [1m[35m (0.2ms)[0m  [1m[35mBEGIN[0m
  [1m[36mCACHE (0.0ms)[0m  [1m[34mSELECT  `users`.* FROM `users` WHERE `users`.`user_id` = 'usman2897' LIMIT 1[0m  [["user_id", "usman2897"], ["LIMIT", 1]]
  [1m[36mItem Load (0.7ms)[0m  [1m[34mSELECT  `items`.* FROM `items` WHERE `items`.`item_id` = 6 LIMIT 1[0m
  [1m[35mSQL (0.6ms)[0m  [1m[32mINSERT INTO `orders` (`user_id`, `item_id`, `ordered_quantity`, `total_price`) VALUES ('usman2897', 6, 1, 25000.0)[0m
  [1m[35m (47.5ms)[0m  [1m[35mCOMMIT[0m
Redirected to http://localhost:3000/items
Completed 302 Found in 63ms (ActiveRecord: 49.6ms)


Started GET "/items" for 127.0.0.1 at 2017-05-20 21:37:58 +0530
Processing by ItemsController#index as HTML
  Rendering items/index.html.erb within layouts/standard
  [1m[36mItem Load (0.5ms)[0m  [1m[34mSELECT `items`.* FROM `items` WHERE (quantity > 0)[0m
  [1m[36mCategory Load (0.4ms)[0m  [1m[34mSELECT  `categories`.* FROM `categories` WHERE `categories`.`category_id` = 1 LIMIT 1[0m
  [1m[36mSubCategory Load (0.4ms)[0m  [1m[34mSELECT  `sub_categories`.* FROM `sub_categories` WHERE `sub_categories`.`sub_category_id` = 1 LIMIT 1[0m
  [1m[36mSeller Load (0.3ms)[0m  [1m[34mSELECT  `sellers`.* FROM `sellers` WHERE `sellers`.`seller_id` IS NULL LIMIT 1[0m
  [1m[36mCACHE (0.0ms)[0m  [1m[34mSELECT  `categories`.* FROM `categories` WHERE `categories`.`category_id` = 1 LIMIT 1[0m  [["category_id", 1], ["LIMIT", 1]]
  [1m[36mCACHE (0.0ms)[0m  [1m[34mSELECT  `sub_categories`.* FROM `sub_categories` WHERE `sub_categories`.`sub_category_id` = 1 LIMIT 1[0m  [["sub_category_id", 1], ["LIMIT", 1]]
  [1m[36mCACHE (0.0ms)[0m  [1m[34mSELECT  `sellers`.* FROM `sellers` WHERE `sellers`.`seller_id` IS NULL LIMIT 1[0m  [["LIMIT", 1]]
  [1m[36mCategory Load (0.5ms)[0m  [1m[34mSELECT  `categories`.* FROM `categories` WHERE `categories`.`category_id` = 3 LIMIT 1[0m
  [1m[36mSubCategory Load (0.4ms)[0m  [1m[34mSELECT  `sub_categories`.* FROM `sub_categories` WHERE `sub_categories`.`sub_category_id` = 9 LIMIT 1[0m
  [1m[36mCACHE (0.0ms)[0m  [1m[34mSELECT  `sellers`.* FROM `sellers` WHERE `sellers`.`seller_id` IS NULL LIMIT 1[0m  [["LIMIT", 1]]
  [1m[36mCACHE (0.0ms)[0m  [1m[34mSELECT  `categories`.* FROM `categories` WHERE `categories`.`category_id` = 3 LIMIT 1[0m  [["category_id", 3], ["LIMIT", 1]]
  [1m[36mCACHE (0.0ms)[0m  [1m[34mSELECT  `sub_categories`.* FROM `sub_categories` WHERE `sub_categories`.`sub_category_id` = 9 LIMIT 1[0m  [["sub_category_id", 9], ["LIMIT", 1]]
  [1m[36mCACHE (0.0ms)[0m  [1m[34mSELECT  `sellers`.* FROM `sellers` WHERE `sellers`.`seller_id` IS NULL LIMIT 1[0m  [["LIMIT", 1]]
  [1m[36mCACHE (0.0ms)[0m  [1m[34mSELECT  `categories`.* FROM `categories` WHERE `categories`.`category_id` = 3 LIMIT 1[0m  [["category_id", 3], ["LIMIT", 1]]
  [1m[36mSubCategory Load (0.7ms)[0m  [1m[34mSELECT  `sub_categories`.* FROM `sub_categories` WHERE `sub_categories`.`sub_category_id` = 3 LIMIT 1[0m
  [1m[36mCACHE (0.0ms)[0m  [1m[34mSELECT  `sellers`.* FROM `sellers` WHERE `sellers`.`seller_id` IS NULL LIMIT 1[0m  [["LIMIT", 1]]
  [1m[36mCACHE (0.0ms)[0m  [1m[34mSELECT  `categories`.* FROM `categories` WHERE `categories`.`category_id` = 1 LIMIT 1[0m  [["category_id", 1], ["LIMIT", 1]]
  [1m[36mSubCategory Load (0.5ms)[0m  [1m[34mSELECT  `sub_categories`.* FROM `sub_categories` WHERE `sub_categories`.`sub_category_id` = 2 LIMIT 1[0m
  [1m[36mCACHE (0.0ms)[0m  [1m[34mSELECT  `sellers`.* FROM `sellers` WHERE `sellers`.`seller_id` IS NULL LIMIT 1[0m  [["LIMIT", 1]]
  Rendered items/index.html.erb within layouts/standard (23.0ms)
  [1m[36mUser Load (0.5ms)[0m  [1m[34mSELECT  `users`.* FROM `users` WHERE `users`.`user_id` = 'usman2897' LIMIT 1[0m
Completed 200 OK in 54ms (Views: 48.0ms | ActiveRecord: 4.4ms)


Started GET "/items" for 127.0.0.1 at 2017-05-21 09:35:05 +0530
  [1m[36mActiveRecord::SchemaMigration Load (4.1ms)[0m  [1m[34mSELECT `schema_migrations`.* FROM `schema_migrations`[0m
Processing by ItemsController#index as HTML
  Rendering items/index.html.erb within layouts/standard
  [1m[36mItem Load (1.2ms)[0m  [1m[34mSELECT `items`.* FROM `items` WHERE (quantity > 0)[0m
  [1m[36mCategory Load (0.5ms)[0m  [1m[34mSELECT  `categories`.* FROM `categories` WHERE `categories`.`category_id` = 1 LIMIT 1[0m
  [1m[36mSubCategory Load (0.7ms)[0m  [1m[34mSELECT  `sub_categories`.* FROM `sub_categories` WHERE `sub_categories`.`sub_category_id` = 1 LIMIT 1[0m
  [1m[36mSeller Load (0.6ms)[0m  [1m[34mSELECT  `sellers`.* FROM `sellers` WHERE `sellers`.`seller_id` IS NULL LIMIT 1[0m
  [1m[36mCategory Load (0.4ms)[0m  [1m[34mSELECT  `categories`.* FROM `categories` WHERE `categories`.`category_id` = 1 LIMIT 1[0m
  [1m[36mSubCategory Load (0.4ms)[0m  [1m[34mSELECT  `sub_categories`.* FROM `sub_categories` WHERE `sub_categories`.`sub_category_id` = 1 LIMIT 1[0m
  [1m[36mSeller Load (0.4ms)[0m  [1m[34mSELECT  `sellers`.* FROM `sellers` WHERE `sellers`.`seller_id` IS NULL LIMIT 1[0m
  [1m[36mCategory Load (0.5ms)[0m  [1m[34mSELECT  `categories`.* FROM `categories` WHERE `categories`.`category_id` = 3 LIMIT 1[0m
  [1m[36mSubCategory Load (0.6ms)[0m  [1m[34mSELECT  `sub_categories`.* FROM `sub_categories` WHERE `sub_categories`.`sub_category_id` = 9 LIMIT 1[0m
  [1m[36mSeller Load (0.7ms)[0m  [1m[34mSELECT  `sellers`.* FROM `sellers` WHERE `sellers`.`seller_id` IS NULL LIMIT 1[0m
  [1m[36mCategory Load (0.6ms)[0m  [1m[34mSELECT  `categories`.* FROM `categories` WHERE `categories`.`category_id` = 3 LIMIT 1[0m
  [1m[36mSubCategory Load (1.4ms)[0m  [1m[34mSELECT  `sub_categories`.* FROM `sub_categories` WHERE `sub_categories`.`sub_category_id` = 9 LIMIT 1[0m
  [1m[36mSeller Load (1.0ms)[0m  [1m[34mSELECT  `sellers`.* FROM `sellers` WHERE `sellers`.`seller_id` IS NULL LIMIT 1[0m
  [1m[36mCategory Load (1.2ms)[0m  [1m[34mSELECT  `categories`.* FROM `categories` WHERE `categories`.`category_id` = 3 LIMIT 1[0m
  [1m[36mSubCategory Load (0.6ms)[0m  [1m[34mSELECT  `sub_categories`.* FROM `sub_categories` WHERE `sub_categories`.`sub_category_id` = 3 LIMIT 1[0m
  [1m[36mSeller Load (0.9ms)[0m  [1m[34mSELECT  `sellers`.* FROM `sellers` WHERE `sellers`.`seller_id` IS NULL LIMIT 1[0m
  [1m[36mCategory Load (0.6ms)[0m  [1m[34mSELECT  `categories`.* FROM `categories` WHERE `categories`.`category_id` = 1 LIMIT 1[0m
  [1m[36mSubCategory Load (0.7ms)[0m  [1m[34mSELECT  `sub_categories`.* FROM `sub_categories` WHERE `sub_categories`.`sub_category_id` = 2 LIMIT 1[0m
  [1m[36mSeller Load (0.5ms)[0m  [1m[34mSELECT  `sellers`.* FROM `sellers` WHERE `sellers`.`seller_id` IS NULL LIMIT 1[0m
  Rendered items/index.html.erb within layouts/standard (104.7ms)
  [1m[36mUser Load (0.5ms)[0m  [1m[34mSELECT  `users`.* FROM `users` WHERE `users`.`user_id` = 'usman2897' LIMIT 1[0m
Completed 200 OK in 944ms (Views: 847.7ms | ActiveRecord: 21.1ms)


Started GET "/items/6" for 127.0.0.1 at 2017-05-21 09:35:10 +0530
Processing by ItemsController#show as HTML
  Parameters: {"id"=>"6"}
  [1m[36mItem Load (1.6ms)[0m  [1m[34mSELECT  `items`.* FROM `items` WHERE `items`.`item_id` = 6 LIMIT 1[0m
  [1m[36mSeller Load (1.2ms)[0m  [1m[34mSELECT  `sellers`.* FROM `sellers` WHERE `sellers`.`seller_id` IS NULL LIMIT 1[0m
  [1m[36mCACHE (0.0ms)[0m  [1m[34mSELECT  `items`.* FROM `items` WHERE `items`.`item_id` = 6 LIMIT 1[0m  [["item_id", 6], ["LIMIT", 1]]
  [1m[36mCategory Load (1.8ms)[0m  [1m[34mSELECT  `categories`.* FROM `categories` WHERE `categories`.`category_id` = 1 LIMIT 1[0m
  [1m[36mSubCategory Load (2.0ms)[0m  [1m[34mSELECT  `sub_categories`.* FROM `sub_categories` WHERE `sub_categories`.`sub_category_id` = 2 LIMIT 1[0m
  Rendering items/show.html.erb within layouts/standard
  [1m[36mCACHE (0.0ms)[0m  [1m[34mSELECT  `sellers`.* FROM `sellers` WHERE `sellers`.`seller_id` IS NULL LIMIT 1[0m  [["LIMIT", 1]]
  Rendered items/show.html.erb within layouts/standard (4.4ms)
  [1m[36mUser Load (0.7ms)[0m  [1m[34mSELECT  `users`.* FROM `users` WHERE `users`.`user_id` = 'usman2897' LIMIT 1[0m
Completed 200 OK in 115ms (Views: 31.4ms | ActiveRecord: 7.5ms)


Started GET "/orders/new?item=6" for 127.0.0.1 at 2017-05-21 09:35:12 +0530
Processing by OrdersController#new as HTML
  Parameters: {"item"=>"6"}
  [1m[36mItem Load (0.6ms)[0m  [1m[34mSELECT  `items`.* FROM `items` WHERE `items`.`item_id` = 6 LIMIT 1[0m
  Rendering orders/new.html.erb within layouts/application
  [1m[36mItem Load (0.6ms)[0m  [1m[34mSELECT  `items`.* FROM `items` WHERE `items`.`item_id` = 6 LIMIT 1[0m
  [1m[36mUser Load (0.5ms)[0m  [1m[34mSELECT  `users`.* FROM `users` WHERE `users`.`user_id` = 'usman2897' LIMIT 1[0m
  Rendered orders/_form.html.erb (111.2ms)
  Rendered orders/new.html.erb within layouts/application (113.4ms)
Completed 200 OK in 232ms (Views: 150.4ms | ActiveRecord: 3.8ms)


Started POST "/orders" for 127.0.0.1 at 2017-05-21 09:35:18 +0530
Processing by OrdersController#create as HTML
  Parameters: {"utf8"=>"✓", "authenticity_token"=>"yKStVyG8fG00stk8p3NgtnWpWX6pCZemirJQSCUsac9b/Ox4TUX+DTI6J5ugw4jZciQsDopNAd+LvKLgDVaOUA==", "order"=>{"ordered_quantity"=>"1"}, "commit"=>"Create Order"}
  [1m[36mUser Load (0.8ms)[0m  [1m[34mSELECT  `users`.* FROM `users` WHERE `users`.`user_id` = 'usman2897' LIMIT 1[0m
Completed 500 Internal Server Error in 6ms (ActiveRecord: 0.8ms)


  
NoMethodError (undefined method `*' for nil:NilClass):
  
app/controllers/orders_controller.rb:35:in `create'
  Rendering /home/usman/.rbenv/versions/2.4.0/lib/ruby/gems/2.4.0/gems/actionpack-5.0.3/lib/action_dispatch/middleware/templates/rescues/diagnostics.html.erb within rescues/layout
  Rendering /home/usman/.rbenv/versions/2.4.0/lib/ruby/gems/2.4.0/gems/actionpack-5.0.3/lib/action_dispatch/middleware/templates/rescues/_source.html.erb
  Rendered /home/usman/.rbenv/versions/2.4.0/lib/ruby/gems/2.4.0/gems/actionpack-5.0.3/lib/action_dispatch/middleware/templates/rescues/_source.html.erb (6.3ms)
  Rendering /home/usman/.rbenv/versions/2.4.0/lib/ruby/gems/2.4.0/gems/actionpack-5.0.3/lib/action_dispatch/middleware/templates/rescues/_trace.html.erb
  Rendered /home/usman/.rbenv/versions/2.4.0/lib/ruby/gems/2.4.0/gems/actionpack-5.0.3/lib/action_dispatch/middleware/templates/rescues/_trace.html.erb (3.2ms)
  Rendering /home/usman/.rbenv/versions/2.4.0/lib/ruby/gems/2.4.0/gems/actionpack-5.0.3/lib/action_dispatch/middleware/templates/rescues/_request_and_response.html.erb
  Rendered /home/usman/.rbenv/versions/2.4.0/lib/ruby/gems/2.4.0/gems/actionpack-5.0.3/lib/action_dispatch/middleware/templates/rescues/_request_and_response.html.erb (1.4ms)
  Rendered /home/usman/.rbenv/versions/2.4.0/lib/ruby/gems/2.4.0/gems/actionpack-5.0.3/lib/action_dispatch/middleware/templates/rescues/diagnostics.html.erb within rescues/layout (45.5ms)
Started GET "/items" for 127.0.0.1 at 2017-05-21 09:41:13 +0530
Processing by ItemsController#index as HTML
  Rendering items/index.html.erb within layouts/standard
  [1m[36mItem Load (0.6ms)[0m  [1m[34mSELECT `items`.* FROM `items` WHERE (quantity > 0)[0m
  [1m[36mCategory Load (0.7ms)[0m  [1m[34mSELECT  `categories`.* FROM `categories` WHERE `categories`.`category_id` = 1 LIMIT 1[0m
  [1m[36mSubCategory Load (0.7ms)[0m  [1m[34mSELECT  `sub_categories`.* FROM `sub_categories` WHERE `sub_categories`.`sub_category_id` = 1 LIMIT 1[0m
  [1m[36mSeller Load (1.0ms)[0m  [1m[34mSELECT  `sellers`.* FROM `sellers` WHERE `sellers`.`seller_id` IS NULL LIMIT 1[0m
  [1m[36mCACHE (0.0ms)[0m  [1m[34mSELECT  `categories`.* FROM `categories` WHERE `categories`.`category_id` = 1 LIMIT 1[0m  [["category_id", 1], ["LIMIT", 1]]
  [1m[36mCACHE (0.0ms)[0m  [1m[34mSELECT  `sub_categories`.* FROM `sub_categories` WHERE `sub_categories`.`sub_category_id` = 1 LIMIT 1[0m  [["sub_category_id", 1], ["LIMIT", 1]]
  [1m[36mCACHE (0.0ms)[0m  [1m[34mSELECT  `sellers`.* FROM `sellers` WHERE `sellers`.`seller_id` IS NULL LIMIT 1[0m  [["LIMIT", 1]]
  [1m[36mCategory Load (1.5ms)[0m  [1m[34mSELECT  `categories`.* FROM `categories` WHERE `categories`.`category_id` = 3 LIMIT 1[0m
  [1m[36mSubCategory Load (0.8ms)[0m  [1m[34mSELECT  `sub_categories`.* FROM `sub_categories` WHERE `sub_categories`.`sub_category_id` = 9 LIMIT 1[0m
  [1m[36mCACHE (0.0ms)[0m  [1m[34mSELECT  `sellers`.* FROM `sellers` WHERE `sellers`.`seller_id` IS NULL LIMIT 1[0m  [["LIMIT", 1]]
  [1m[36mCACHE (0.0ms)[0m  [1m[34mSELECT  `categories`.* FROM `categories` WHERE `categories`.`category_id` = 3 LIMIT 1[0m  [["category_id", 3], ["LIMIT", 1]]
  [1m[36mCACHE (0.0ms)[0m  [1m[34mSELECT  `sub_categories`.* FROM `sub_categories` WHERE `sub_categories`.`sub_category_id` = 9 LIMIT 1[0m  [["sub_category_id", 9], ["LIMIT", 1]]
  [1m[36mCACHE (0.0ms)[0m  [1m[34mSELECT  `sellers`.* FROM `sellers` WHERE `sellers`.`seller_id` IS NULL LIMIT 1[0m  [["LIMIT", 1]]
  [1m[36mCACHE (0.0ms)[0m  [1m[34mSELECT  `categories`.* FROM `categories` WHERE `categories`.`category_id` = 3 LIMIT 1[0m  [["category_id", 3], ["LIMIT", 1]]
  [1m[36mSubCategory Load (0.7ms)[0m  [1m[34mSELECT  `sub_categories`.* FROM `sub_categories` WHERE `sub_categories`.`sub_category_id` = 3 LIMIT 1[0m
  [1m[36mCACHE (0.0ms)[0m  [1m[34mSELECT  `sellers`.* FROM `sellers` WHERE `sellers`.`seller_id` IS NULL LIMIT 1[0m  [["LIMIT", 1]]
  [1m[36mCACHE (0.0ms)[0m  [1m[34mSELECT  `categories`.* FROM `categories` WHERE `categories`.`category_id` = 1 LIMIT 1[0m  [["category_id", 1], ["LIMIT", 1]]
  [1m[36mSubCategory Load (0.8ms)[0m  [1m[34mSELECT  `sub_categories`.* FROM `sub_categories` WHERE `sub_categories`.`sub_category_id` = 2 LIMIT 1[0m
  [1m[36mCACHE (0.0ms)[0m  [1m[34mSELECT  `sellers`.* FROM `sellers` WHERE `sellers`.`seller_id` IS NULL LIMIT 1[0m  [["LIMIT", 1]]
  Rendered items/index.html.erb within layouts/standard (46.2ms)
  [1m[36mUser Load (0.6ms)[0m  [1m[34mSELECT  `users`.* FROM `users` WHERE `users`.`user_id` = 'usman2897' LIMIT 1[0m
Completed 200 OK in 75ms (Views: 64.8ms | ActiveRecord: 7.8ms)


Started GET "/items/6" for 127.0.0.1 at 2017-05-21 09:41:16 +0530
Processing by ItemsController#show as HTML
  Parameters: {"id"=>"6"}
  [1m[36mItem Load (0.7ms)[0m  [1m[34mSELECT  `items`.* FROM `items` WHERE `items`.`item_id` = 6 LIMIT 1[0m
  [1m[36mSeller Load (0.5ms)[0m  [1m[34mSELECT  `sellers`.* FROM `sellers` WHERE `sellers`.`seller_id` IS NULL LIMIT 1[0m
  [1m[36mCACHE (0.0ms)[0m  [1m[34mSELECT  `items`.* FROM `items` WHERE `items`.`item_id` = 6 LIMIT 1[0m  [["item_id", 6], ["LIMIT", 1]]
  [1m[36mCategory Load (0.7ms)[0m  [1m[34mSELECT  `categories`.* FROM `categories` WHERE `categories`.`category_id` = 1 LIMIT 1[0m
  [1m[36mSubCategory Load (0.6ms)[0m  [1m[34mSELECT  `sub_categories`.* FROM `sub_categories` WHERE `sub_categories`.`sub_category_id` = 2 LIMIT 1[0m
  Rendering items/show.html.erb within layouts/standard
  [1m[36mCACHE (0.0ms)[0m  [1m[34mSELECT  `sellers`.* FROM `sellers` WHERE `sellers`.`seller_id` IS NULL LIMIT 1[0m  [["LIMIT", 1]]
  Rendered items/show.html.erb within layouts/standard (3.8ms)
  [1m[36mUser Load (0.6ms)[0m  [1m[34mSELECT  `users`.* FROM `users` WHERE `users`.`user_id` = 'usman2897' LIMIT 1[0m
Completed 200 OK in 51ms (Views: 37.4ms | ActiveRecord: 3.2ms)


Started GET "/orders/new?item=6" for 127.0.0.1 at 2017-05-21 09:41:18 +0530
Processing by OrdersController#new as HTML
  Parameters: {"item"=>"6"}
  [1m[36mItem Load (0.7ms)[0m  [1m[34mSELECT  `items`.* FROM `items` WHERE `items`.`item_id` = 6 LIMIT 1[0m
  Rendering orders/new.html.erb within layouts/application
  [1m[36mItem Load (0.6ms)[0m  [1m[34mSELECT  `items`.* FROM `items` WHERE `items`.`item_id` = 6 LIMIT 1[0m
  [1m[36mUser Load (0.7ms)[0m  [1m[34mSELECT  `users`.* FROM `users` WHERE `users`.`user_id` = 'usman2897' LIMIT 1[0m
  Rendered orders/_form.html.erb (39.1ms)
  Rendered orders/new.html.erb within layouts/application (41.3ms)
Completed 200 OK in 75ms (Views: 69.6ms | ActiveRecord: 2.0ms)


Started POST "/orders" for 127.0.0.1 at 2017-05-21 09:41:22 +0530
Processing by OrdersController#create as HTML
  Parameters: {"utf8"=>"✓", "authenticity_token"=>"LJ5shIj5EYU6mT+7SPfy37WIbfP7GOC5DZDSscO7+8u/xi2r5ACT5TwRwRxPRxqwsgUYg9hcdsAMniAZ68EcVA==", "order"=>{"item_id"=>"6", "ordered_quantity"=>"1", "total_price"=>"25000.0"}, "commit"=>"Create Order"}
  [1m[36mUser Load (0.5ms)[0m  [1m[34mSELECT  `users`.* FROM `users` WHERE `users`.`user_id` = 'usman2897' LIMIT 1[0m
  [1m[35m (0.6ms)[0m  [1m[35mBEGIN[0m
  [1m[36mCACHE (0.0ms)[0m  [1m[34mSELECT  `users`.* FROM `users` WHERE `users`.`user_id` = 'usman2897' LIMIT 1[0m  [["user_id", "usman2897"], ["LIMIT", 1]]
  [1m[36mItem Load (0.5ms)[0m  [1m[34mSELECT  `items`.* FROM `items` WHERE `items`.`item_id` = 6 LIMIT 1[0m
  [1m[35mSQL (17.3ms)[0m  [1m[32mINSERT INTO `orders` (`user_id`, `item_id`, `ordered_quantity`, `total_price`) VALUES ('usman2897', 6, 1, 25000.0)[0m
  [1m[35m (110.9ms)[0m  [1m[35mCOMMIT[0m
Redirected to http://localhost:3000/items
Completed 302 Found in 182ms (ActiveRecord: 129.9ms)


Started GET "/items" for 127.0.0.1 at 2017-05-21 09:41:22 +0530
Processing by ItemsController#index as HTML
  Rendering items/index.html.erb within layouts/standard
  [1m[36mItem Load (0.6ms)[0m  [1m[34mSELECT `items`.* FROM `items` WHERE (quantity > 0)[0m
  [1m[36mCategory Load (0.7ms)[0m  [1m[34mSELECT  `categories`.* FROM `categories` WHERE `categories`.`category_id` = 1 LIMIT 1[0m
  [1m[36mSubCategory Load (0.8ms)[0m  [1m[34mSELECT  `sub_categories`.* FROM `sub_categories` WHERE `sub_categories`.`sub_category_id` = 1 LIMIT 1[0m
  [1m[36mSeller Load (0.5ms)[0m  [1m[34mSELECT  `sellers`.* FROM `sellers` WHERE `sellers`.`seller_id` IS NULL LIMIT 1[0m
  [1m[36mCACHE (0.1ms)[0m  [1m[34mSELECT  `categories`.* FROM `categories` WHERE `categories`.`category_id` = 1 LIMIT 1[0m  [["category_id", 1], ["LIMIT", 1]]
  [1m[36mCACHE (0.0ms)[0m  [1m[34mSELECT  `sub_categories`.* FROM `sub_categories` WHERE `sub_categories`.`sub_category_id` = 1 LIMIT 1[0m  [["sub_category_id", 1], ["LIMIT", 1]]
  [1m[36mCACHE (0.0ms)[0m  [1m[34mSELECT  `sellers`.* FROM `sellers` WHERE `sellers`.`seller_id` IS NULL LIMIT 1[0m  [["LIMIT", 1]]
  [1m[36mCategory Load (0.6ms)[0m  [1m[34mSELECT  `categories`.* FROM `categories` WHERE `categories`.`category_id` = 3 LIMIT 1[0m
  [1m[36mSubCategory Load (0.6ms)[0m  [1m[34mSELECT  `sub_categories`.* FROM `sub_categories` WHERE `sub_categories`.`sub_category_id` = 9 LIMIT 1[0m
  [1m[36mCACHE (0.0ms)[0m  [1m[34mSELECT  `sellers`.* FROM `sellers` WHERE `sellers`.`seller_id` IS NULL LIMIT 1[0m  [["LIMIT", 1]]
  [1m[36mCACHE (0.0ms)[0m  [1m[34mSELECT  `categories`.* FROM `categories` WHERE `categories`.`category_id` = 3 LIMIT 1[0m  [["category_id", 3], ["LIMIT", 1]]
  [1m[36mCACHE (0.0ms)[0m  [1m[34mSELECT  `sub_categories`.* FROM `sub_categories` WHERE `sub_categories`.`sub_category_id` = 9 LIMIT 1[0m  [["sub_category_id", 9], ["LIMIT", 1]]
  [1m[36mCACHE (0.0ms)[0m  [1m[34mSELECT  `sellers`.* FROM `sellers` WHERE `sellers`.`seller_id` IS NULL LIMIT 1[0m  [["LIMIT", 1]]
  [1m[36mCACHE (0.0ms)[0m  [1m[34mSELECT  `categories`.* FROM `categories` WHERE `categories`.`category_id` = 3 LIMIT 1[0m  [["category_id", 3], ["LIMIT", 1]]
  [1m[36mSubCategory Load (0.8ms)[0m  [1m[34mSELECT  `sub_categories`.* FROM `sub_categories` WHERE `sub_categories`.`sub_category_id` = 3 LIMIT 1[0m
  [1m[36mCACHE (0.0ms)[0m  [1m[34mSELECT  `sellers`.* FROM `sellers` WHERE `sellers`.`seller_id` IS NULL LIMIT 1[0m  [["LIMIT", 1]]
  [1m[36mCACHE (0.0ms)[0m  [1m[34mSELECT  `categories`.* FROM `categories` WHERE `categories`.`category_id` = 1 LIMIT 1[0m  [["category_id", 1], ["LIMIT", 1]]
  [1m[36mSubCategory Load (0.6ms)[0m  [1m[34mSELECT  `sub_categories`.* FROM `sub_categories` WHERE `sub_categories`.`sub_category_id` = 2 LIMIT 1[0m
  [1m[36mCACHE (0.0ms)[0m  [1m[34mSELECT  `sellers`.* FROM `sellers` WHERE `sellers`.`seller_id` IS NULL LIMIT 1[0m  [["LIMIT", 1]]
  Rendered items/index.html.erb within layouts/standard (31.3ms)
  [1m[36mUser Load (0.6ms)[0m  [1m[34mSELECT  `users`.* FROM `users` WHERE `users`.`user_id` = 'usman2897' LIMIT 1[0m
Completed 200 OK in 67ms (Views: 57.5ms | ActiveRecord: 6.1ms)


Started GET "/items/6" for 127.0.0.1 at 2017-05-21 09:43:08 +0530
Processing by ItemsController#show as HTML
  Parameters: {"id"=>"6"}
  [1m[36mItem Load (0.6ms)[0m  [1m[34mSELECT  `items`.* FROM `items` WHERE `items`.`item_id` = 6 LIMIT 1[0m
  [1m[36mSeller Load (0.6ms)[0m  [1m[34mSELECT  `sellers`.* FROM `sellers` WHERE `sellers`.`seller_id` IS NULL LIMIT 1[0m
  [1m[36mCACHE (0.0ms)[0m  [1m[34mSELECT  `items`.* FROM `items` WHERE `items`.`item_id` = 6 LIMIT 1[0m  [["item_id", 6], ["LIMIT", 1]]
  [1m[36mCategory Load (1.0ms)[0m  [1m[34mSELECT  `categories`.* FROM `categories` WHERE `categories`.`category_id` = 1 LIMIT 1[0m
  [1m[36mSubCategory Load (0.6ms)[0m  [1m[34mSELECT  `sub_categories`.* FROM `sub_categories` WHERE `sub_categories`.`sub_category_id` = 2 LIMIT 1[0m
  Rendering items/show.html.erb within layouts/standard
  [1m[36mCACHE (0.1ms)[0m  [1m[34mSELECT  `sellers`.* FROM `sellers` WHERE `sellers`.`seller_id` IS NULL LIMIT 1[0m  [["LIMIT", 1]]
  Rendered items/show.html.erb within layouts/standard (5.3ms)
  [1m[36mUser Load (0.6ms)[0m  [1m[34mSELECT  `users`.* FROM `users` WHERE `users`.`user_id` = 'usman2897' LIMIT 1[0m
Completed 200 OK in 68ms (Views: 53.4ms | ActiveRecord: 3.5ms)


Started GET "/orders/new?item=6" for 127.0.0.1 at 2017-05-21 09:43:10 +0530
Processing by OrdersController#new as HTML
  Parameters: {"item"=>"6"}
  [1m[36mItem Load (0.6ms)[0m  [1m[34mSELECT  `items`.* FROM `items` WHERE `items`.`item_id` = 6 LIMIT 1[0m
  Rendering orders/new.html.erb within layouts/application
  [1m[36mItem Load (0.5ms)[0m  [1m[34mSELECT  `items`.* FROM `items` WHERE `items`.`item_id` = 6 LIMIT 1[0m
  [1m[36mUser Load (0.6ms)[0m  [1m[34mSELECT  `users`.* FROM `users` WHERE `users`.`user_id` = 'usman2897' LIMIT 1[0m
  Rendered orders/_form.html.erb (9.2ms)
  Rendered orders/new.html.erb within layouts/application (17.9ms)
Completed 200 OK in 53ms (Views: 47.5ms | ActiveRecord: 1.8ms)


Started POST "/orders" for 127.0.0.1 at 2017-05-21 09:43:13 +0530
Processing by OrdersController#create as HTML
  Parameters: {"utf8"=>"✓", "authenticity_token"=>"Cn7KSkaIGsxcXNVy7MauZgOSDl756Hph+AOLuBbRBImZJotlKnGYrFrUK9XrdkYJBB97Ltqs7Bj5DXkQPqvjFg==", "order"=>{"item_id"=>"6", "ordered_quantity"=>"1", "total_price"=>"25000.0"}, "commit"=>"Create Order"}
  [1m[36mUser Load (1.3ms)[0m  [1m[34mSELECT  `users`.* FROM `users` WHERE `users`.`user_id` = 'usman2897' LIMIT 1[0m
  [1m[35m (0.2ms)[0m  [1m[35mBEGIN[0m
  [1m[36mCACHE (0.0ms)[0m  [1m[34mSELECT  `users`.* FROM `users` WHERE `users`.`user_id` = 'usman2897' LIMIT 1[0m  [["user_id", "usman2897"], ["LIMIT", 1]]
  [1m[36mItem Load (0.7ms)[0m  [1m[34mSELECT  `items`.* FROM `items` WHERE `items`.`item_id` = 6 LIMIT 1[0m
  [1m[35mSQL (0.7ms)[0m  [1m[32mINSERT INTO `orders` (`user_id`, `item_id`, `ordered_quantity`, `total_price`) VALUES ('usman2897', 6, 1, 25000.0)[0m
  [1m[35m (209.8ms)[0m  [1m[35mCOMMIT[0m
Redirected to http://localhost:3000/items
Completed 302 Found in 231ms (ActiveRecord: 212.8ms)


Started GET "/items" for 127.0.0.1 at 2017-05-21 09:43:13 +0530
Processing by ItemsController#index as HTML
  Rendering items/index.html.erb within layouts/standard
  [1m[36mItem Load (0.7ms)[0m  [1m[34mSELECT `items`.* FROM `items` WHERE (quantity > 0)[0m
  [1m[36mCategory Load (0.5ms)[0m  [1m[34mSELECT  `categories`.* FROM `categories` WHERE `categories`.`category_id` = 1 LIMIT 1[0m
  [1m[36mSubCategory Load (0.4ms)[0m  [1m[34mSELECT  `sub_categories`.* FROM `sub_categories` WHERE `sub_categories`.`sub_category_id` = 1 LIMIT 1[0m
  [1m[36mSeller Load (0.4ms)[0m  [1m[34mSELECT  `sellers`.* FROM `sellers` WHERE `sellers`.`seller_id` IS NULL LIMIT 1[0m
  [1m[36mCACHE (0.0ms)[0m  [1m[34mSELECT  `categories`.* FROM `categories` WHERE `categories`.`category_id` = 1 LIMIT 1[0m  [["category_id", 1], ["LIMIT", 1]]
  [1m[36mCACHE (0.0ms)[0m  [1m[34mSELECT  `sub_categories`.* FROM `sub_categories` WHERE `sub_categories`.`sub_category_id` = 1 LIMIT 1[0m  [["sub_category_id", 1], ["LIMIT", 1]]
  [1m[36mCACHE (0.1ms)[0m  [1m[34mSELECT  `sellers`.* FROM `sellers` WHERE `sellers`.`seller_id` IS NULL LIMIT 1[0m  [["LIMIT", 1]]
  [1m[36mCategory Load (0.6ms)[0m  [1m[34mSELECT  `categories`.* FROM `categories` WHERE `categories`.`category_id` = 3 LIMIT 1[0m
  [1m[36mSubCategory Load (0.6ms)[0m  [1m[34mSELECT  `sub_categories`.* FROM `sub_categories` WHERE `sub_categories`.`sub_category_id` = 9 LIMIT 1[0m
  [1m[36mCACHE (0.0ms)[0m  [1m[34mSELECT  `sellers`.* FROM `sellers` WHERE `sellers`.`seller_id` IS NULL LIMIT 1[0m  [["LIMIT", 1]]
  [1m[36mCACHE (0.0ms)[0m  [1m[34mSELECT  `categories`.* FROM `categories` WHERE `categories`.`category_id` = 3 LIMIT 1[0m  [["category_id", 3], ["LIMIT", 1]]
  [1m[36mCACHE (0.0ms)[0m  [1m[34mSELECT  `sub_categories`.* FROM `sub_categories` WHERE `sub_categories`.`sub_category_id` = 9 LIMIT 1[0m  [["sub_category_id", 9], ["LIMIT", 1]]
  [1m[36mCACHE (0.0ms)[0m  [1m[34mSELECT  `sellers`.* FROM `sellers` WHERE `sellers`.`seller_id` IS NULL LIMIT 1[0m  [["LIMIT", 1]]
  [1m[36mCACHE (0.0ms)[0m  [1m[34mSELECT  `categories`.* FROM `categories` WHERE `categories`.`category_id` = 3 LIMIT 1[0m  [["category_id", 3], ["LIMIT", 1]]
  [1m[36mSubCategory Load (0.5ms)[0m  [1m[34mSELECT  `sub_categories`.* FROM `sub_categories` WHERE `sub_categories`.`sub_category_id` = 3 LIMIT 1[0m
  [1m[36mCACHE (0.0ms)[0m  [1m[34mSELECT  `sellers`.* FROM `sellers` WHERE `sellers`.`seller_id` IS NULL LIMIT 1[0m  [["LIMIT", 1]]
  [1m[36mCACHE (0.0ms)[0m  [1m[34mSELECT  `categories`.* FROM `categories` WHERE `categories`.`category_id` = 1 LIMIT 1[0m  [["category_id", 1], ["LIMIT", 1]]
  [1m[36mSubCategory Load (0.9ms)[0m  [1m[34mSELECT  `sub_categories`.* FROM `sub_categories` WHERE `sub_categories`.`sub_category_id` = 2 LIMIT 1[0m
  [1m[36mCACHE (0.0ms)[0m  [1m[34mSELECT  `sellers`.* FROM `sellers` WHERE `sellers`.`seller_id` IS NULL LIMIT 1[0m  [["LIMIT", 1]]
  Rendered items/index.html.erb within layouts/standard (27.3ms)
  [1m[36mUser Load (0.5ms)[0m  [1m[34mSELECT  `users`.* FROM `users` WHERE `users`.`user_id` = 'usman2897' LIMIT 1[0m
Completed 200 OK in 53ms (Views: 45.7ms | ActiveRecord: 5.5ms)


Started POST "/orders" for 127.0.0.1 at 2017-05-21 09:43:28 +0530
Processing by OrdersController#create as HTML
  Parameters: {"utf8"=>"✓", "authenticity_token"=>"Cn7KSkaIGsxcXNVy7MauZgOSDl756Hph+AOLuBbRBImZJotlKnGYrFrUK9XrdkYJBB97Ltqs7Bj5DXkQPqvjFg==", "order"=>{"item_id"=>"6", "ordered_quantity"=>"1", "total_price"=>"25000.0"}, "commit"=>"Create Order"}
  [1m[36mUser Load (0.7ms)[0m  [1m[34mSELECT  `users`.* FROM `users` WHERE `users`.`user_id` = 'usman2897' LIMIT 1[0m
  [1m[35m (0.2ms)[0m  [1m[35mBEGIN[0m
  [1m[36mCACHE (0.0ms)[0m  [1m[34mSELECT  `users`.* FROM `users` WHERE `users`.`user_id` = 'usman2897' LIMIT 1[0m  [["user_id", "usman2897"], ["LIMIT", 1]]
  [1m[36mItem Load (2.1ms)[0m  [1m[34mSELECT  `items`.* FROM `items` WHERE `items`.`item_id` = 6 LIMIT 1[0m
  [1m[35mSQL (1.3ms)[0m  [1m[32mINSERT INTO `orders` (`user_id`, `item_id`, `ordered_quantity`, `total_price`) VALUES ('usman2897', 6, 1, 25000.0)[0m
  [1m[35m (34.4ms)[0m  [1m[35mCOMMIT[0m
Redirected to http://localhost:3000/items
Completed 302 Found in 51ms (ActiveRecord: 38.7ms)


Started GET "/items" for 127.0.0.1 at 2017-05-21 09:43:28 +0530
Processing by ItemsController#index as HTML
  Rendering items/index.html.erb within layouts/standard
  [1m[36mItem Load (0.6ms)[0m  [1m[34mSELECT `items`.* FROM `items` WHERE (quantity > 0)[0m
  [1m[36mCategory Load (0.4ms)[0m  [1m[34mSELECT  `categories`.* FROM `categories` WHERE `categories`.`category_id` = 1 LIMIT 1[0m
  [1m[36mSubCategory Load (0.4ms)[0m  [1m[34mSELECT  `sub_categories`.* FROM `sub_categories` WHERE `sub_categories`.`sub_category_id` = 1 LIMIT 1[0m
  [1m[36mSeller Load (1.2ms)[0m  [1m[34mSELECT  `sellers`.* FROM `sellers` WHERE `sellers`.`seller_id` IS NULL LIMIT 1[0m
  [1m[36mCACHE (0.0ms)[0m  [1m[34mSELECT  `categories`.* FROM `categories` WHERE `categories`.`category_id` = 1 LIMIT 1[0m  [["category_id", 1], ["LIMIT", 1]]
  [1m[36mCACHE (0.0ms)[0m  [1m[34mSELECT  `sub_categories`.* FROM `sub_categories` WHERE `sub_categories`.`sub_category_id` = 1 LIMIT 1[0m  [["sub_category_id", 1], ["LIMIT", 1]]
  [1m[36mCACHE (0.0ms)[0m  [1m[34mSELECT  `sellers`.* FROM `sellers` WHERE `sellers`.`seller_id` IS NULL LIMIT 1[0m  [["LIMIT", 1]]
  [1m[36mCategory Load (1.6ms)[0m  [1m[34mSELECT  `categories`.* FROM `categories` WHERE `categories`.`category_id` = 3 LIMIT 1[0m
  [1m[36mSubCategory Load (1.5ms)[0m  [1m[34mSELECT  `sub_categories`.* FROM `sub_categories` WHERE `sub_categories`.`sub_category_id` = 9 LIMIT 1[0m
  [1m[36mCACHE (0.0ms)[0m  [1m[34mSELECT  `sellers`.* FROM `sellers` WHERE `sellers`.`seller_id` IS NULL LIMIT 1[0m  [["LIMIT", 1]]
  [1m[36mCACHE (0.0ms)[0m  [1m[34mSELECT  `categories`.* FROM `categories` WHERE `categories`.`category_id` = 3 LIMIT 1[0m  [["category_id", 3], ["LIMIT", 1]]
  [1m[36mCACHE (0.0ms)[0m  [1m[34mSELECT  `sub_categories`.* FROM `sub_categories` WHERE `sub_categories`.`sub_category_id` = 9 LIMIT 1[0m  [["sub_category_id", 9], ["LIMIT", 1]]
  [1m[36mCACHE (0.0ms)[0m  [1m[34mSELECT  `sellers`.* FROM `sellers` WHERE `sellers`.`seller_id` IS NULL LIMIT 1[0m  [["LIMIT", 1]]
  [1m[36mCACHE (0.0ms)[0m  [1m[34mSELECT  `categories`.* FROM `categories` WHERE `categories`.`category_id` = 3 LIMIT 1[0m  [["category_id", 3], ["LIMIT", 1]]
  [1m[36mSubCategory Load (0.6ms)[0m  [1m[34mSELECT  `sub_categories`.* FROM `sub_categories` WHERE `sub_categories`.`sub_category_id` = 3 LIMIT 1[0m
  [1m[36mCACHE (0.0ms)[0m  [1m[34mSELECT  `sellers`.* FROM `sellers` WHERE `sellers`.`seller_id` IS NULL LIMIT 1[0m  [["LIMIT", 1]]
  [1m[36mCACHE (0.0ms)[0m  [1m[34mSELECT  `categories`.* FROM `categories` WHERE `categories`.`category_id` = 1 LIMIT 1[0m  [["category_id", 1], ["LIMIT", 1]]
  [1m[36mSubCategory Load (0.5ms)[0m  [1m[34mSELECT  `sub_categories`.* FROM `sub_categories` WHERE `sub_categories`.`sub_category_id` = 2 LIMIT 1[0m
  [1m[36mCACHE (0.0ms)[0m  [1m[34mSELECT  `sellers`.* FROM `sellers` WHERE `sellers`.`seller_id` IS NULL LIMIT 1[0m  [["LIMIT", 1]]
  Rendered items/index.html.erb within layouts/standard (30.3ms)
  [1m[36mUser Load (0.5ms)[0m  [1m[34mSELECT  `users`.* FROM `users` WHERE `users`.`user_id` = 'usman2897' LIMIT 1[0m
Completed 200 OK in 63ms (Views: 52.5ms | ActiveRecord: 7.7ms)


Started GET "/items" for 127.0.0.1 at 2017-05-21 09:44:03 +0530
  [1m[36mActiveRecord::SchemaMigration Load (0.6ms)[0m  [1m[34mSELECT `schema_migrations`.* FROM `schema_migrations`[0m
Processing by ItemsController#index as HTML
  Rendering items/index.html.erb within layouts/standard
  [1m[36mItem Load (0.7ms)[0m  [1m[34mSELECT `items`.* FROM `items` WHERE (quantity > 0)[0m
  [1m[36mCategory Load (0.4ms)[0m  [1m[34mSELECT  `categories`.* FROM `categories` WHERE `categories`.`category_id` = 1 LIMIT 1[0m
  [1m[36mSubCategory Load (0.6ms)[0m  [1m[34mSELECT  `sub_categories`.* FROM `sub_categories` WHERE `sub_categories`.`sub_category_id` = 1 LIMIT 1[0m
  [1m[36mSeller Load (0.5ms)[0m  [1m[34mSELECT  `sellers`.* FROM `sellers` WHERE `sellers`.`seller_id` IS NULL LIMIT 1[0m
  [1m[36mCategory Load (0.8ms)[0m  [1m[34mSELECT  `categories`.* FROM `categories` WHERE `categories`.`category_id` = 1 LIMIT 1[0m
  [1m[36mSubCategory Load (0.4ms)[0m  [1m[34mSELECT  `sub_categories`.* FROM `sub_categories` WHERE `sub_categories`.`sub_category_id` = 1 LIMIT 1[0m
  [1m[36mSeller Load (0.5ms)[0m  [1m[34mSELECT  `sellers`.* FROM `sellers` WHERE `sellers`.`seller_id` IS NULL LIMIT 1[0m
  [1m[36mCategory Load (0.6ms)[0m  [1m[34mSELECT  `categories`.* FROM `categories` WHERE `categories`.`category_id` = 3 LIMIT 1[0m
  [1m[36mSubCategory Load (0.5ms)[0m  [1m[34mSELECT  `sub_categories`.* FROM `sub_categories` WHERE `sub_categories`.`sub_category_id` = 9 LIMIT 1[0m
  [1m[36mSeller Load (3.1ms)[0m  [1m[34mSELECT  `sellers`.* FROM `sellers` WHERE `sellers`.`seller_id` IS NULL LIMIT 1[0m
  [1m[36mCategory Load (0.6ms)[0m  [1m[34mSELECT  `categories`.* FROM `categories` WHERE `categories`.`category_id` = 3 LIMIT 1[0m
  [1m[36mSubCategory Load (0.5ms)[0m  [1m[34mSELECT  `sub_categories`.* FROM `sub_categories` WHERE `sub_categories`.`sub_category_id` = 9 LIMIT 1[0m
  [1m[36mSeller Load (0.5ms)[0m  [1m[34mSELECT  `sellers`.* FROM `sellers` WHERE `sellers`.`seller_id` IS NULL LIMIT 1[0m
  [1m[36mCategory Load (0.5ms)[0m  [1m[34mSELECT  `categories`.* FROM `categories` WHERE `categories`.`category_id` = 3 LIMIT 1[0m
  [1m[36mSubCategory Load (0.4ms)[0m  [1m[34mSELECT  `sub_categories`.* FROM `sub_categories` WHERE `sub_categories`.`sub_category_id` = 3 LIMIT 1[0m
  [1m[36mSeller Load (0.3ms)[0m  [1m[34mSELECT  `sellers`.* FROM `sellers` WHERE `sellers`.`seller_id` IS NULL LIMIT 1[0m
  [1m[36mCategory Load (0.9ms)[0m  [1m[34mSELECT  `categories`.* FROM `categories` WHERE `categories`.`category_id` = 1 LIMIT 1[0m
  [1m[36mSubCategory Load (0.6ms)[0m  [1m[34mSELECT  `sub_categories`.* FROM `sub_categories` WHERE `sub_categories`.`sub_category_id` = 2 LIMIT 1[0m
  [1m[36mSeller Load (0.4ms)[0m  [1m[34mSELECT  `sellers`.* FROM `sellers` WHERE `sellers`.`seller_id` IS NULL LIMIT 1[0m
  Rendered items/index.html.erb within layouts/standard (94.3ms)
  [1m[36mUser Load (0.4ms)[0m  [1m[34mSELECT  `users`.* FROM `users` WHERE `users`.`user_id` = 'usman2897' LIMIT 1[0m
Completed 200 OK in 330ms (Views: 281.4ms | ActiveRecord: 20.9ms)


Started GET "/items/6" for 127.0.0.1 at 2017-05-21 09:44:06 +0530
Processing by ItemsController#show as HTML
  Parameters: {"id"=>"6"}
  [1m[36mItem Load (0.8ms)[0m  [1m[34mSELECT  `items`.* FROM `items` WHERE `items`.`item_id` = 6 LIMIT 1[0m
  [1m[36mSeller Load (0.6ms)[0m  [1m[34mSELECT  `sellers`.* FROM `sellers` WHERE `sellers`.`seller_id` IS NULL LIMIT 1[0m
  [1m[36mCACHE (0.0ms)[0m  [1m[34mSELECT  `items`.* FROM `items` WHERE `items`.`item_id` = 6 LIMIT 1[0m  [["item_id", 6], ["LIMIT", 1]]
  [1m[36mCategory Load (0.7ms)[0m  [1m[34mSELECT  `categories`.* FROM `categories` WHERE `categories`.`category_id` = 1 LIMIT 1[0m
  [1m[36mSubCategory Load (0.7ms)[0m  [1m[34mSELECT  `sub_categories`.* FROM `sub_categories` WHERE `sub_categories`.`sub_category_id` = 2 LIMIT 1[0m
  Rendering items/show.html.erb within layouts/standard
  [1m[36mCACHE (0.0ms)[0m  [1m[34mSELECT  `sellers`.* FROM `sellers` WHERE `sellers`.`seller_id` IS NULL LIMIT 1[0m  [["LIMIT", 1]]
  Rendered items/show.html.erb within layouts/standard (5.2ms)
  [1m[36mUser Load (0.7ms)[0m  [1m[34mSELECT  `users`.* FROM `users` WHERE `users`.`user_id` = 'usman2897' LIMIT 1[0m
Completed 200 OK in 51ms (Views: 37.3ms | ActiveRecord: 3.4ms)


Started GET "/orders/new?item=6" for 127.0.0.1 at 2017-05-21 09:44:08 +0530
Processing by OrdersController#new as HTML
  Parameters: {"item"=>"6"}
  [1m[36mItem Load (0.6ms)[0m  [1m[34mSELECT  `items`.* FROM `items` WHERE `items`.`item_id` = 6 LIMIT 1[0m
  Rendering orders/new.html.erb within layouts/application
  [1m[36mUser Load (2.1ms)[0m  [1m[34mSELECT  `users`.* FROM `users` WHERE `users`.`user_id` = 'usman2897' LIMIT 1[0m
  Rendered orders/_form.html.erb (26.6ms)
  Rendered orders/new.html.erb within layouts/application (28.7ms)
Completed 200 OK in 82ms (Views: 46.1ms | ActiveRecord: 4.8ms)


Started POST "/orders" for 127.0.0.1 at 2017-05-21 09:44:12 +0530
Processing by OrdersController#create as HTML
  Parameters: {"utf8"=>"✓", "authenticity_token"=>"fDa/g7jSauo00vYSr70SHLabXz582s9tb4VBNPmcY+rvbv6s1CvoijJaCLWoDfpzsRYqTl+eWRRui7Oc0eaEdQ==", "order"=>{"item_id"=>"6", "ordered_quantity"=>"1", "total_price"=>"25000.0"}, "commit"=>"Create Order"}
  [1m[36mUser Load (0.6ms)[0m  [1m[34mSELECT  `users`.* FROM `users` WHERE `users`.`user_id` = 'usman2897' LIMIT 1[0m
  [1m[35m (0.3ms)[0m  [1m[35mBEGIN[0m
  [1m[36mCACHE (0.0ms)[0m  [1m[34mSELECT  `users`.* FROM `users` WHERE `users`.`user_id` = 'usman2897' LIMIT 1[0m  [["user_id", "usman2897"], ["LIMIT", 1]]
  [1m[36mItem Load (0.6ms)[0m  [1m[34mSELECT  `items`.* FROM `items` WHERE `items`.`item_id` = 6 LIMIT 1[0m
  [1m[35mSQL (0.4ms)[0m  [1m[32mINSERT INTO `orders` (`user_id`, `item_id`, `ordered_quantity`, `total_price`) VALUES ('usman2897', 6, 1, 25000.0)[0m
  [1m[35m (153.6ms)[0m  [1m[35mCOMMIT[0m
Redirected to http://localhost:3000/items
Completed 302 Found in 187ms (ActiveRecord: 155.6ms)


Started GET "/items" for 127.0.0.1 at 2017-05-21 09:44:13 +0530
Processing by ItemsController#index as HTML
  Rendering items/index.html.erb within layouts/standard
  [1m[36mItem Load (0.6ms)[0m  [1m[34mSELECT `items`.* FROM `items` WHERE (quantity > 0)[0m
  [1m[36mCategory Load (0.4ms)[0m  [1m[34mSELECT  `categories`.* FROM `categories` WHERE `categories`.`category_id` = 1 LIMIT 1[0m
  [1m[36mSubCategory Load (0.4ms)[0m  [1m[34mSELECT  `sub_categories`.* FROM `sub_categories` WHERE `sub_categories`.`sub_category_id` = 1 LIMIT 1[0m
  [1m[36mSeller Load (0.4ms)[0m  [1m[34mSELECT  `sellers`.* FROM `sellers` WHERE `sellers`.`seller_id` IS NULL LIMIT 1[0m
  [1m[36mCACHE (0.0ms)[0m  [1m[34mSELECT  `categories`.* FROM `categories` WHERE `categories`.`category_id` = 1 LIMIT 1[0m  [["category_id", 1], ["LIMIT", 1]]
  [1m[36mCACHE (0.0ms)[0m  [1m[34mSELECT  `sub_categories`.* FROM `sub_categories` WHERE `sub_categories`.`sub_category_id` = 1 LIMIT 1[0m  [["sub_category_id", 1], ["LIMIT", 1]]
  [1m[36mCACHE (0.0ms)[0m  [1m[34mSELECT  `sellers`.* FROM `sellers` WHERE `sellers`.`seller_id` IS NULL LIMIT 1[0m  [["LIMIT", 1]]
  [1m[36mCategory Load (0.5ms)[0m  [1m[34mSELECT  `categories`.* FROM `categories` WHERE `categories`.`category_id` = 3 LIMIT 1[0m
  [1m[36mSubCategory Load (0.5ms)[0m  [1m[34mSELECT  `sub_categories`.* FROM `sub_categories` WHERE `sub_categories`.`sub_category_id` = 9 LIMIT 1[0m
  [1m[36mCACHE (0.0ms)[0m  [1m[34mSELECT  `sellers`.* FROM `sellers` WHERE `sellers`.`seller_id` IS NULL LIMIT 1[0m  [["LIMIT", 1]]
  [1m[36mCACHE (0.0ms)[0m  [1m[34mSELECT  `categories`.* FROM `categories` WHERE `categories`.`category_id` = 3 LIMIT 1[0m  [["category_id", 3], ["LIMIT", 1]]
  [1m[36mCACHE (0.0ms)[0m  [1m[34mSELECT  `sub_categories`.* FROM `sub_categories` WHERE `sub_categories`.`sub_category_id` = 9 LIMIT 1[0m  [["sub_category_id", 9], ["LIMIT", 1]]
  [1m[36mCACHE (0.0ms)[0m  [1m[34mSELECT  `sellers`.* FROM `sellers` WHERE `sellers`.`seller_id` IS NULL LIMIT 1[0m  [["LIMIT", 1]]
  [1m[36mCACHE (0.0ms)[0m  [1m[34mSELECT  `categories`.* FROM `categories` WHERE `categories`.`category_id` = 3 LIMIT 1[0m  [["category_id", 3], ["LIMIT", 1]]
  [1m[36mSubCategory Load (0.6ms)[0m  [1m[34mSELECT  `sub_categories`.* FROM `sub_categories` WHERE `sub_categories`.`sub_category_id` = 3 LIMIT 1[0m
  [1m[36mCACHE (0.0ms)[0m  [1m[34mSELECT  `sellers`.* FROM `sellers` WHERE `sellers`.`seller_id` IS NULL LIMIT 1[0m  [["LIMIT", 1]]
  [1m[36mCACHE (0.0ms)[0m  [1m[34mSELECT  `categories`.* FROM `categories` WHERE `categories`.`category_id` = 1 LIMIT 1[0m  [["category_id", 1], ["LIMIT", 1]]
  [1m[36mSubCategory Load (0.6ms)[0m  [1m[34mSELECT  `sub_categories`.* FROM `sub_categories` WHERE `sub_categories`.`sub_category_id` = 2 LIMIT 1[0m
  [1m[36mCACHE (0.0ms)[0m  [1m[34mSELECT  `sellers`.* FROM `sellers` WHERE `sellers`.`seller_id` IS NULL LIMIT 1[0m  [["LIMIT", 1]]
  Rendered items/index.html.erb within layouts/standard (26.4ms)
  [1m[36mUser Load (0.6ms)[0m  [1m[34mSELECT  `users`.* FROM `users` WHERE `users`.`user_id` = 'usman2897' LIMIT 1[0m
Completed 200 OK in 59ms (Views: 51.9ms | ActiveRecord: 4.9ms)


Started GET "/orders" for 127.0.0.1 at 2017-05-21 09:47:44 +0530
Processing by OrdersController#index as HTML
  Rendering orders/index.html.erb within layouts/application
  [1m[36mOrder Load (0.6ms)[0m  [1m[34mSELECT `orders`.* FROM `orders`[0m
  Rendered orders/index.html.erb within layouts/application (15.1ms)
Completed 500 Internal Server Error in 41ms (ActiveRecord: 1.8ms)


  
ActionView::Template::Error (No route matches {:action=>"show", :controller=>"orders", :id=>nil} missing required keys: [:id]):
    22:         <td><%= order.item_id %></td>
    23:         <td><%= order.ordered_quantity %></td>
    24:         <td><%= order.total_price %></td>
    25:         <td><%= link_to 'Show', order %></td>
    26:         <td><%= link_to 'Edit', edit_order_path(order) %></td>
    27:         <td><%= link_to 'Destroy', order, method: :delete, data: { confirm: 'Are you sure?' } %></td>
    28:       </tr>
  
app/views/orders/index.html.erb:25:in `block in _app_views_orders_index_html_erb__3567204694572316426_70253251062400'
app/views/orders/index.html.erb:18:in `_app_views_orders_index_html_erb__3567204694572316426_70253251062400'
  Rendering /home/usman/.rbenv/versions/2.4.0/lib/ruby/gems/2.4.0/gems/actionpack-5.0.3/lib/action_dispatch/middleware/templates/rescues/template_error.html.erb within rescues/layout
  Rendering /home/usman/.rbenv/versions/2.4.0/lib/ruby/gems/2.4.0/gems/actionpack-5.0.3/lib/action_dispatch/middleware/templates/rescues/_source.html.erb
  Rendered /home/usman/.rbenv/versions/2.4.0/lib/ruby/gems/2.4.0/gems/actionpack-5.0.3/lib/action_dispatch/middleware/templates/rescues/_source.html.erb (15.2ms)
  Rendering /home/usman/.rbenv/versions/2.4.0/lib/ruby/gems/2.4.0/gems/actionpack-5.0.3/lib/action_dispatch/middleware/templates/rescues/_trace.html.erb
  Rendered /home/usman/.rbenv/versions/2.4.0/lib/ruby/gems/2.4.0/gems/actionpack-5.0.3/lib/action_dispatch/middleware/templates/rescues/_trace.html.erb (4.8ms)
  Rendering /home/usman/.rbenv/versions/2.4.0/lib/ruby/gems/2.4.0/gems/actionpack-5.0.3/lib/action_dispatch/middleware/templates/rescues/_request_and_response.html.erb
  Rendered /home/usman/.rbenv/versions/2.4.0/lib/ruby/gems/2.4.0/gems/actionpack-5.0.3/lib/action_dispatch/middleware/templates/rescues/_request_and_response.html.erb (1.4ms)
  Rendered /home/usman/.rbenv/versions/2.4.0/lib/ruby/gems/2.4.0/gems/actionpack-5.0.3/lib/action_dispatch/middleware/templates/rescues/template_error.html.erb within rescues/layout (44.2ms)
Started GET "/items" for 127.0.0.1 at 2017-05-21 10:01:40 +0530
Processing by ItemsController#index as HTML
  Rendering items/index.html.erb within layouts/standard
  [1m[36mItem Load (0.5ms)[0m  [1m[34mSELECT `items`.* FROM `items` WHERE (quantity > 0)[0m
  [1m[36mCategory Load (0.5ms)[0m  [1m[34mSELECT  `categories`.* FROM `categories` WHERE `categories`.`category_id` = 1 LIMIT 1[0m
  [1m[36mSubCategory Load (0.5ms)[0m  [1m[34mSELECT  `sub_categories`.* FROM `sub_categories` WHERE `sub_categories`.`sub_category_id` = 1 LIMIT 1[0m
  [1m[36mSeller Load (0.4ms)[0m  [1m[34mSELECT  `sellers`.* FROM `sellers` WHERE `sellers`.`seller_id` IS NULL LIMIT 1[0m
  [1m[36mCACHE (0.0ms)[0m  [1m[34mSELECT  `categories`.* FROM `categories` WHERE `categories`.`category_id` = 1 LIMIT 1[0m  [["category_id", 1], ["LIMIT", 1]]
  [1m[36mCACHE (0.0ms)[0m  [1m[34mSELECT  `sub_categories`.* FROM `sub_categories` WHERE `sub_categories`.`sub_category_id` = 1 LIMIT 1[0m  [["sub_category_id", 1], ["LIMIT", 1]]
  [1m[36mCACHE (0.0ms)[0m  [1m[34mSELECT  `sellers`.* FROM `sellers` WHERE `sellers`.`seller_id` IS NULL LIMIT 1[0m  [["LIMIT", 1]]
  [1m[36mCategory Load (0.5ms)[0m  [1m[34mSELECT  `categories`.* FROM `categories` WHERE `categories`.`category_id` = 3 LIMIT 1[0m
  [1m[36mSubCategory Load (0.3ms)[0m  [1m[34mSELECT  `sub_categories`.* FROM `sub_categories` WHERE `sub_categories`.`sub_category_id` = 9 LIMIT 1[0m
  [1m[36mCACHE (0.0ms)[0m  [1m[34mSELECT  `sellers`.* FROM `sellers` WHERE `sellers`.`seller_id` IS NULL LIMIT 1[0m  [["LIMIT", 1]]
  [1m[36mCACHE (0.0ms)[0m  [1m[34mSELECT  `categories`.* FROM `categories` WHERE `categories`.`category_id` = 3 LIMIT 1[0m  [["category_id", 3], ["LIMIT", 1]]
  [1m[36mCACHE (0.0ms)[0m  [1m[34mSELECT  `sub_categories`.* FROM `sub_categories` WHERE `sub_categories`.`sub_category_id` = 9 LIMIT 1[0m  [["sub_category_id", 9], ["LIMIT", 1]]
  [1m[36mCACHE (0.0ms)[0m  [1m[34mSELECT  `sellers`.* FROM `sellers` WHERE `sellers`.`seller_id` IS NULL LIMIT 1[0m  [["LIMIT", 1]]
  [1m[36mCACHE (0.0ms)[0m  [1m[34mSELECT  `categories`.* FROM `categories` WHERE `categories`.`category_id` = 3 LIMIT 1[0m  [["category_id", 3], ["LIMIT", 1]]
  [1m[36mSubCategory Load (0.5ms)[0m  [1m[34mSELECT  `sub_categories`.* FROM `sub_categories` WHERE `sub_categories`.`sub_category_id` = 3 LIMIT 1[0m
  [1m[36mCACHE (0.0ms)[0m  [1m[34mSELECT  `sellers`.* FROM `sellers` WHERE `sellers`.`seller_id` IS NULL LIMIT 1[0m  [["LIMIT", 1]]
  [1m[36mCACHE (0.0ms)[0m  [1m[34mSELECT  `categories`.* FROM `categories` WHERE `categories`.`category_id` = 1 LIMIT 1[0m  [["category_id", 1], ["LIMIT", 1]]
  [1m[36mSubCategory Load (0.4ms)[0m  [1m[34mSELECT  `sub_categories`.* FROM `sub_categories` WHERE `sub_categories`.`sub_category_id` = 2 LIMIT 1[0m
  [1m[36mCACHE (0.0ms)[0m  [1m[34mSELECT  `sellers`.* FROM `sellers` WHERE `sellers`.`seller_id` IS NULL LIMIT 1[0m  [["LIMIT", 1]]
  Rendered items/index.html.erb within layouts/standard (51.8ms)
  [1m[36mUser Load (0.5ms)[0m  [1m[34mSELECT  `users`.* FROM `users` WHERE `users`.`user_id` = 'usman2897' LIMIT 1[0m
Completed 200 OK in 95ms (Views: 77.7ms | ActiveRecord: 4.3ms)


Started GET "/items/6" for 127.0.0.1 at 2017-05-21 10:01:43 +0530
Processing by ItemsController#show as HTML
  Parameters: {"id"=>"6"}
  [1m[36mItem Load (3.2ms)[0m  [1m[34mSELECT  `items`.* FROM `items` WHERE `items`.`item_id` = 6 LIMIT 1[0m
  [1m[36mSeller Load (0.5ms)[0m  [1m[34mSELECT  `sellers`.* FROM `sellers` WHERE `sellers`.`seller_id` IS NULL LIMIT 1[0m
  [1m[36mCACHE (0.0ms)[0m  [1m[34mSELECT  `items`.* FROM `items` WHERE `items`.`item_id` = 6 LIMIT 1[0m  [["item_id", 6], ["LIMIT", 1]]
  [1m[36mCategory Load (0.7ms)[0m  [1m[34mSELECT  `categories`.* FROM `categories` WHERE `categories`.`category_id` = 1 LIMIT 1[0m
  [1m[36mSubCategory Load (0.6ms)[0m  [1m[34mSELECT  `sub_categories`.* FROM `sub_categories` WHERE `sub_categories`.`sub_category_id` = 2 LIMIT 1[0m
  Rendering items/show.html.erb within layouts/standard
  [1m[36mCACHE (0.0ms)[0m  [1m[34mSELECT  `sellers`.* FROM `sellers` WHERE `sellers`.`seller_id` IS NULL LIMIT 1[0m  [["LIMIT", 1]]
  Rendered items/show.html.erb within layouts/standard (5.7ms)
  [1m[36mUser Load (0.6ms)[0m  [1m[34mSELECT  `users`.* FROM `users` WHERE `users`.`user_id` = 'usman2897' LIMIT 1[0m
Completed 200 OK in 52ms (Views: 37.0ms | ActiveRecord: 5.6ms)


Started GET "/orders/new?item=6" for 127.0.0.1 at 2017-05-21 10:01:44 +0530
Processing by OrdersController#new as HTML
  Parameters: {"item"=>"6"}
  [1m[36mItem Load (0.5ms)[0m  [1m[34mSELECT  `items`.* FROM `items` WHERE `items`.`item_id` = 6 LIMIT 1[0m
  Rendering orders/new.html.erb within layouts/application
  [1m[36mUser Load (0.5ms)[0m  [1m[34mSELECT  `users`.* FROM `users` WHERE `users`.`user_id` = 'usman2897' LIMIT 1[0m
  Rendered orders/_form.html.erb (6.1ms)
  Rendered orders/new.html.erb within layouts/application (7.9ms)
Completed 200 OK in 47ms (Views: 29.4ms | ActiveRecord: 1.0ms)


Started POST "/orders" for 127.0.0.1 at 2017-05-21 10:01:48 +0530
Processing by OrdersController#create as HTML
  Parameters: {"utf8"=>"✓", "authenticity_token"=>"znYQq+zvLyAkhsjDz95rr846fb1ZzWfEHuWuaUvB8UBdLlGEgBatQCIONmTIboPAybcIzXqJ8b0f61zBY7sW3w==", "order"=>{"item_id"=>"6", "ordered_quantity"=>"1", "total_price"=>"25000.0"}, "commit"=>"Create Order"}
  [1m[36mUser Load (0.6ms)[0m  [1m[34mSELECT  `users`.* FROM `users` WHERE `users`.`user_id` = 'usman2897' LIMIT 1[0m
  [1m[35m (1.1ms)[0m  [1m[35mBEGIN[0m
  [1m[36mCACHE (0.0ms)[0m  [1m[34mSELECT  `users`.* FROM `users` WHERE `users`.`user_id` = 'usman2897' LIMIT 1[0m  [["user_id", "usman2897"], ["LIMIT", 1]]
  [1m[36mItem Load (0.6ms)[0m  [1m[34mSELECT  `items`.* FROM `items` WHERE `items`.`item_id` = 6 LIMIT 1[0m
  [1m[35mSQL (0.5ms)[0m  [1m[32mINSERT INTO `orders` (`user_id`, `item_id`, `ordered_quantity`, `total_price`) VALUES ('usman2897', 6, 1, 25000.0)[0m
  [1m[35m (84.3ms)[0m  [1m[35mCOMMIT[0m
Redirected to http://localhost:3000/orders
Completed 302 Found in 106ms (ActiveRecord: 87.0ms)


Started GET "/orders" for 127.0.0.1 at 2017-05-21 10:01:48 +0530
Processing by OrdersController#index as HTML
  Rendering orders/index.html.erb within layouts/application
  [1m[36mOrder Load (0.5ms)[0m  [1m[34mSELECT `orders`.* FROM `orders`[0m
  Rendered orders/index.html.erb within layouts/application (4.4ms)
Completed 500 Internal Server Error in 8ms (ActiveRecord: 0.5ms)


  
ActionView::Template::Error (No route matches {:action=>"show", :controller=>"orders", :id=>nil} missing required keys: [:id]):
    22:         <td><%= order.item_id %></td>
    23:         <td><%= order.ordered_quantity %></td>
    24:         <td><%= order.total_price %></td>
    25:         <td><%= link_to 'Show', order %></td>
    26:         <td><%= link_to 'Edit', edit_order_path(order) %></td>
    27:         <td><%= link_to 'Destroy', order, method: :delete, data: { confirm: 'Are you sure?' } %></td>
    28:       </tr>
  
app/views/orders/index.html.erb:25:in `block in _app_views_orders_index_html_erb__3567204694572316426_70253188882760'
app/views/orders/index.html.erb:18:in `_app_views_orders_index_html_erb__3567204694572316426_70253188882760'
  Rendering /home/usman/.rbenv/versions/2.4.0/lib/ruby/gems/2.4.0/gems/actionpack-5.0.3/lib/action_dispatch/middleware/templates/rescues/template_error.html.erb within rescues/layout
  Rendering /home/usman/.rbenv/versions/2.4.0/lib/ruby/gems/2.4.0/gems/actionpack-5.0.3/lib/action_dispatch/middleware/templates/rescues/_source.html.erb
  Rendered /home/usman/.rbenv/versions/2.4.0/lib/ruby/gems/2.4.0/gems/actionpack-5.0.3/lib/action_dispatch/middleware/templates/rescues/_source.html.erb (7.6ms)
  Rendering /home/usman/.rbenv/versions/2.4.0/lib/ruby/gems/2.4.0/gems/actionpack-5.0.3/lib/action_dispatch/middleware/templates/rescues/_trace.html.erb
  Rendered /home/usman/.rbenv/versions/2.4.0/lib/ruby/gems/2.4.0/gems/actionpack-5.0.3/lib/action_dispatch/middleware/templates/rescues/_trace.html.erb (3.8ms)
  Rendering /home/usman/.rbenv/versions/2.4.0/lib/ruby/gems/2.4.0/gems/actionpack-5.0.3/lib/action_dispatch/middleware/templates/rescues/_request_and_response.html.erb
  Rendered /home/usman/.rbenv/versions/2.4.0/lib/ruby/gems/2.4.0/gems/actionpack-5.0.3/lib/action_dispatch/middleware/templates/rescues/_request_and_response.html.erb (1.2ms)
  Rendered /home/usman/.rbenv/versions/2.4.0/lib/ruby/gems/2.4.0/gems/actionpack-5.0.3/lib/action_dispatch/middleware/templates/rescues/template_error.html.erb within rescues/layout (32.2ms)
Started GET "/orders/myorders" for 127.0.0.1 at 2017-05-21 10:02:48 +0530
Processing by OrdersController#myorders as HTML
  Rendering orders/myorders.html.erb within layouts/application
  Rendered orders/myorders.html.erb within layouts/application (1.3ms)
Completed 500 Internal Server Error in 12ms (ActiveRecord: 0.0ms)


  
SyntaxError (/home/usman/Projects/rails-project/flickon/app/views/orders/myorders.html.erb:3: syntax error, unexpected '<', expecting keyword_end
    <p>
     ^
/home/usman/Projects/rails-project/flickon/app/views/orders/myorders.html.erb:4: syntax error, unexpected tSYMBEG, expecting keyword_do or '{' or '('
        <strong>Order:</strong>
                      ^
/home/usman/Projects/rails-project/flickon/app/views/orders/myorders.html.erb:5: syntax error, unexpected '<'
        <%= order.order_id 
         ^
/home/usman/Projects/rails-project/flickon/app/views/orders/myorders.html.erb:26: syntax error, unexpected keyword_ensure, expecting end-of-input
          ensure
                ^):
  
app/views/orders/myorders.html.erb:3: syntax error, unexpected '<', expecting keyword_end
app/views/orders/myorders.html.erb:4: syntax error, unexpected tSYMBEG, expecting keyword_do or '{' or '('
app/views/orders/myorders.html.erb:5: syntax error, unexpected '<'
app/views/orders/myorders.html.erb:26: syntax error, unexpected keyword_ensure, expecting end-of-input
  Rendering /home/usman/.rbenv/versions/2.4.0/lib/ruby/gems/2.4.0/gems/actionpack-5.0.3/lib/action_dispatch/middleware/templates/rescues/diagnostics.html.erb within rescues/layout
  Rendering /home/usman/.rbenv/versions/2.4.0/lib/ruby/gems/2.4.0/gems/actionpack-5.0.3/lib/action_dispatch/middleware/templates/rescues/_source.html.erb
  Rendered /home/usman/.rbenv/versions/2.4.0/lib/ruby/gems/2.4.0/gems/actionpack-5.0.3/lib/action_dispatch/middleware/templates/rescues/_source.html.erb (7.6ms)
  Rendering /home/usman/.rbenv/versions/2.4.0/lib/ruby/gems/2.4.0/gems/actionpack-5.0.3/lib/action_dispatch/middleware/templates/rescues/_trace.html.erb
  Rendered /home/usman/.rbenv/versions/2.4.0/lib/ruby/gems/2.4.0/gems/actionpack-5.0.3/lib/action_dispatch/middleware/templates/rescues/_trace.html.erb (3.2ms)
  Rendering /home/usman/.rbenv/versions/2.4.0/lib/ruby/gems/2.4.0/gems/actionpack-5.0.3/lib/action_dispatch/middleware/templates/rescues/_request_and_response.html.erb
  Rendered /home/usman/.rbenv/versions/2.4.0/lib/ruby/gems/2.4.0/gems/actionpack-5.0.3/lib/action_dispatch/middleware/templates/rescues/_request_and_response.html.erb (1.3ms)
  Rendered /home/usman/.rbenv/versions/2.4.0/lib/ruby/gems/2.4.0/gems/actionpack-5.0.3/lib/action_dispatch/middleware/templates/rescues/diagnostics.html.erb within rescues/layout (31.8ms)
Started GET "/orders/myorders" for 127.0.0.1 at 2017-05-21 10:03:04 +0530
Processing by OrdersController#myorders as HTML
  Rendering orders/myorders.html.erb within layouts/application
  [1m[36mOrder Load (1.0ms)[0m  [1m[34mSELECT `orders`.* FROM `orders` WHERE `orders`.`userid` IS NULL[0m
  Rendered orders/myorders.html.erb within layouts/application (4.2ms)
Completed 500 Internal Server Error in 8ms (ActiveRecord: 1.0ms)


  
ActionView::Template::Error (Mysql2::Error: Unknown column 'orders.userid' in 'where clause': SELECT `orders`.* FROM `orders` WHERE `orders`.`userid` IS NULL):
    1: <% @orders.each do |order| %>
    2:     <% item = Item.find(order.item_id) %>
    3:     <p>
    4:         <strong>Order:</strong>
  
app/views/orders/myorders.html.erb:1:in `_app_views_orders_myorders_html_erb___2494129876056733524_70253218372760'
  Rendering /home/usman/.rbenv/versions/2.4.0/lib/ruby/gems/2.4.0/gems/actionpack-5.0.3/lib/action_dispatch/middleware/templates/rescues/template_error.html.erb within rescues/layout
  Rendering /home/usman/.rbenv/versions/2.4.0/lib/ruby/gems/2.4.0/gems/actionpack-5.0.3/lib/action_dispatch/middleware/templates/rescues/_source.html.erb
  Rendered /home/usman/.rbenv/versions/2.4.0/lib/ruby/gems/2.4.0/gems/actionpack-5.0.3/lib/action_dispatch/middleware/templates/rescues/_source.html.erb (17.1ms)
  Rendering /home/usman/.rbenv/versions/2.4.0/lib/ruby/gems/2.4.0/gems/actionpack-5.0.3/lib/action_dispatch/middleware/templates/rescues/_trace.html.erb
  Rendered /home/usman/.rbenv/versions/2.4.0/lib/ruby/gems/2.4.0/gems/actionpack-5.0.3/lib/action_dispatch/middleware/templates/rescues/_trace.html.erb (3.8ms)
  Rendering /home/usman/.rbenv/versions/2.4.0/lib/ruby/gems/2.4.0/gems/actionpack-5.0.3/lib/action_dispatch/middleware/templates/rescues/_request_and_response.html.erb
  Rendered /home/usman/.rbenv/versions/2.4.0/lib/ruby/gems/2.4.0/gems/actionpack-5.0.3/lib/action_dispatch/middleware/templates/rescues/_request_and_response.html.erb (1.5ms)
  Rendered /home/usman/.rbenv/versions/2.4.0/lib/ruby/gems/2.4.0/gems/actionpack-5.0.3/lib/action_dispatch/middleware/templates/rescues/template_error.html.erb within rescues/layout (43.9ms)
Started GET "/orders/myorders" for 127.0.0.1 at 2017-05-21 10:04:51 +0530
Processing by OrdersController#myorders as HTML
  Rendering orders/myorders.html.erb within layouts/application
  [1m[36mOrder Load (0.7ms)[0m  [1m[34mSELECT `orders`.* FROM `orders` WHERE `orders`.`userid` IS NULL[0m
  Rendered orders/myorders.html.erb within layouts/application (3.2ms)
Completed 500 Internal Server Error in 12ms (ActiveRecord: 0.7ms)


  
ActionView::Template::Error (Mysql2::Error: Unknown column 'orders.userid' in 'where clause': SELECT `orders`.* FROM `orders` WHERE `orders`.`userid` IS NULL):
    1: <% @orders.each do |order| %>
    2:     <% item = Item.find(order.item_id) %>
    3:     <p>
    4:         <strong>Order:</strong>
  
app/views/orders/myorders.html.erb:1:in `_app_views_orders_myorders_html_erb___2494129876056733524_70253216719280'
  Rendering /home/usman/.rbenv/versions/2.4.0/lib/ruby/gems/2.4.0/gems/actionpack-5.0.3/lib/action_dispatch/middleware/templates/rescues/template_error.html.erb within rescues/layout
  Rendering /home/usman/.rbenv/versions/2.4.0/lib/ruby/gems/2.4.0/gems/actionpack-5.0.3/lib/action_dispatch/middleware/templates/rescues/_source.html.erb
  Rendered /home/usman/.rbenv/versions/2.4.0/lib/ruby/gems/2.4.0/gems/actionpack-5.0.3/lib/action_dispatch/middleware/templates/rescues/_source.html.erb (7.4ms)
  Rendering /home/usman/.rbenv/versions/2.4.0/lib/ruby/gems/2.4.0/gems/actionpack-5.0.3/lib/action_dispatch/middleware/templates/rescues/_trace.html.erb
  Rendered /home/usman/.rbenv/versions/2.4.0/lib/ruby/gems/2.4.0/gems/actionpack-5.0.3/lib/action_dispatch/middleware/templates/rescues/_trace.html.erb (2.7ms)
  Rendering /home/usman/.rbenv/versions/2.4.0/lib/ruby/gems/2.4.0/gems/actionpack-5.0.3/lib/action_dispatch/middleware/templates/rescues/_request_and_response.html.erb
  Rendered /home/usman/.rbenv/versions/2.4.0/lib/ruby/gems/2.4.0/gems/actionpack-5.0.3/lib/action_dispatch/middleware/templates/rescues/_request_and_response.html.erb (0.9ms)
  Rendered /home/usman/.rbenv/versions/2.4.0/lib/ruby/gems/2.4.0/gems/actionpack-5.0.3/lib/action_dispatch/middleware/templates/rescues/template_error.html.erb within rescues/layout (29.7ms)
Started GET "/orders/myorders" for 127.0.0.1 at 2017-05-21 10:05:18 +0530
Processing by OrdersController#myorders as HTML
  Rendering orders/myorders.html.erb within layouts/application
  [1m[36mOrder Load (1.0ms)[0m  [1m[34mSELECT `orders`.* FROM `orders` WHERE `orders`.`userid` IS NULL[0m
  Rendered orders/myorders.html.erb within layouts/application (4.7ms)
Completed 500 Internal Server Error in 15ms (ActiveRecord: 1.0ms)


  
ActionView::Template::Error (Mysql2::Error: Unknown column 'orders.userid' in 'where clause': SELECT `orders`.* FROM `orders` WHERE `orders`.`userid` IS NULL):
    1: <% @orders.each do |order| %>
    2:     <% item = Item.find(order.item_id) %>
    3:     <p>
    4:         <strong>Order:</strong>
  
app/views/orders/myorders.html.erb:1:in `_app_views_orders_myorders_html_erb___2494129876056733524_70253195986620'
  Rendering /home/usman/.rbenv/versions/2.4.0/lib/ruby/gems/2.4.0/gems/actionpack-5.0.3/lib/action_dispatch/middleware/templates/rescues/template_error.html.erb within rescues/layout
  Rendering /home/usman/.rbenv/versions/2.4.0/lib/ruby/gems/2.4.0/gems/actionpack-5.0.3/lib/action_dispatch/middleware/templates/rescues/_source.html.erb
  Rendered /home/usman/.rbenv/versions/2.4.0/lib/ruby/gems/2.4.0/gems/actionpack-5.0.3/lib/action_dispatch/middleware/templates/rescues/_source.html.erb (9.4ms)
  Rendering /home/usman/.rbenv/versions/2.4.0/lib/ruby/gems/2.4.0/gems/actionpack-5.0.3/lib/action_dispatch/middleware/templates/rescues/_trace.html.erb
  Rendered /home/usman/.rbenv/versions/2.4.0/lib/ruby/gems/2.4.0/gems/actionpack-5.0.3/lib/action_dispatch/middleware/templates/rescues/_trace.html.erb (3.5ms)
  Rendering /home/usman/.rbenv/versions/2.4.0/lib/ruby/gems/2.4.0/gems/actionpack-5.0.3/lib/action_dispatch/middleware/templates/rescues/_request_and_response.html.erb
  Rendered /home/usman/.rbenv/versions/2.4.0/lib/ruby/gems/2.4.0/gems/actionpack-5.0.3/lib/action_dispatch/middleware/templates/rescues/_request_and_response.html.erb (1.5ms)
  Rendered /home/usman/.rbenv/versions/2.4.0/lib/ruby/gems/2.4.0/gems/actionpack-5.0.3/lib/action_dispatch/middleware/templates/rescues/template_error.html.erb within rescues/layout (35.4ms)
Started GET "/orders/myorders" for 127.0.0.1 at 2017-05-21 10:06:06 +0530
Processing by OrdersController#myorders as HTML
  [1m[36mUser Load (0.3ms)[0m  [1m[34mSELECT  `users`.* FROM `users` WHERE `users`.`user_id` = 'usman2897' LIMIT 1[0m
  Rendering orders/myorders.html.erb within layouts/application
  [1m[36mOrder Load (0.7ms)[0m  [1m[34mSELECT `orders`.* FROM `orders` WHERE `orders`.`userid` = 'usman2897'[0m
  Rendered orders/myorders.html.erb within layouts/application (4.6ms)
Completed 500 Internal Server Error in 32ms (ActiveRecord: 3.5ms)


  
ActionView::Template::Error (Mysql2::Error: Unknown column 'orders.userid' in 'where clause': SELECT `orders`.* FROM `orders` WHERE `orders`.`userid` = 'usman2897'):
    1: <% @orders.each do |order| %>
    2:     <% item = Item.find(order.item_id) %>
    3:     <p>
    4:         <strong>Order:</strong>
  
app/views/orders/myorders.html.erb:1:in `_app_views_orders_myorders_html_erb___2494129876056733524_70253250753500'
  Rendering /home/usman/.rbenv/versions/2.4.0/lib/ruby/gems/2.4.0/gems/actionpack-5.0.3/lib/action_dispatch/middleware/templates/rescues/template_error.html.erb within rescues/layout
  Rendering /home/usman/.rbenv/versions/2.4.0/lib/ruby/gems/2.4.0/gems/actionpack-5.0.3/lib/action_dispatch/middleware/templates/rescues/_source.html.erb
  Rendered /home/usman/.rbenv/versions/2.4.0/lib/ruby/gems/2.4.0/gems/actionpack-5.0.3/lib/action_dispatch/middleware/templates/rescues/_source.html.erb (8.5ms)
  Rendering /home/usman/.rbenv/versions/2.4.0/lib/ruby/gems/2.4.0/gems/actionpack-5.0.3/lib/action_dispatch/middleware/templates/rescues/_trace.html.erb
  Rendered /home/usman/.rbenv/versions/2.4.0/lib/ruby/gems/2.4.0/gems/actionpack-5.0.3/lib/action_dispatch/middleware/templates/rescues/_trace.html.erb (3.8ms)
  Rendering /home/usman/.rbenv/versions/2.4.0/lib/ruby/gems/2.4.0/gems/actionpack-5.0.3/lib/action_dispatch/middleware/templates/rescues/_request_and_response.html.erb
  Rendered /home/usman/.rbenv/versions/2.4.0/lib/ruby/gems/2.4.0/gems/actionpack-5.0.3/lib/action_dispatch/middleware/templates/rescues/_request_and_response.html.erb (1.5ms)
  Rendered /home/usman/.rbenv/versions/2.4.0/lib/ruby/gems/2.4.0/gems/actionpack-5.0.3/lib/action_dispatch/middleware/templates/rescues/template_error.html.erb within rescues/layout (38.2ms)
Started GET "/orders/myorders" for 127.0.0.1 at 2017-05-21 10:06:22 +0530
Processing by OrdersController#myorders as HTML
  [1m[36mUser Load (0.6ms)[0m  [1m[34mSELECT  `users`.* FROM `users` WHERE `users`.`user_id` = 'usman2897' LIMIT 1[0m
  Rendering orders/myorders.html.erb within layouts/application
  [1m[36mOrder Load (0.5ms)[0m  [1m[34mSELECT `orders`.* FROM `orders` WHERE `orders`.`user_id` = 'usman2897'[0m
  [1m[36mItem Load (0.4ms)[0m  [1m[34mSELECT  `items`.* FROM `items` WHERE `items`.`item_id` = 6 LIMIT 1[0m
  Rendered orders/myorders.html.erb within layouts/application (34.4ms)
Completed 500 Internal Server Error in 61ms (ActiveRecord: 3.1ms)


  
ActionView::Template::Error (No route matches {:action=>"edit", :controller=>"orders", :id=>nil} missing required keys: [:id]):
    20:         <%= order.total_price %>
    21:     </p>
    22: 
    23:     <%= link_to 'Edit', edit_order_path(@order) %> |
    24:     <%= link_to 'Back', orders_path %>
    25: <% end %>
  
app/views/orders/myorders.html.erb:23:in `block in _app_views_orders_myorders_html_erb___2494129876056733524_70253197175080'
app/views/orders/myorders.html.erb:1:in `_app_views_orders_myorders_html_erb___2494129876056733524_70253197175080'
  Rendering /home/usman/.rbenv/versions/2.4.0/lib/ruby/gems/2.4.0/gems/actionpack-5.0.3/lib/action_dispatch/middleware/templates/rescues/template_error.html.erb within rescues/layout
  Rendering /home/usman/.rbenv/versions/2.4.0/lib/ruby/gems/2.4.0/gems/actionpack-5.0.3/lib/action_dispatch/middleware/templates/rescues/_source.html.erb
  Rendered /home/usman/.rbenv/versions/2.4.0/lib/ruby/gems/2.4.0/gems/actionpack-5.0.3/lib/action_dispatch/middleware/templates/rescues/_source.html.erb (10.2ms)
  Rendering /home/usman/.rbenv/versions/2.4.0/lib/ruby/gems/2.4.0/gems/actionpack-5.0.3/lib/action_dispatch/middleware/templates/rescues/_trace.html.erb
  Rendered /home/usman/.rbenv/versions/2.4.0/lib/ruby/gems/2.4.0/gems/actionpack-5.0.3/lib/action_dispatch/middleware/templates/rescues/_trace.html.erb (3.6ms)
  Rendering /home/usman/.rbenv/versions/2.4.0/lib/ruby/gems/2.4.0/gems/actionpack-5.0.3/lib/action_dispatch/middleware/templates/rescues/_request_and_response.html.erb
  Rendered /home/usman/.rbenv/versions/2.4.0/lib/ruby/gems/2.4.0/gems/actionpack-5.0.3/lib/action_dispatch/middleware/templates/rescues/_request_and_response.html.erb (1.5ms)
  Rendered /home/usman/.rbenv/versions/2.4.0/lib/ruby/gems/2.4.0/gems/actionpack-5.0.3/lib/action_dispatch/middleware/templates/rescues/template_error.html.erb within rescues/layout (39.1ms)
Started GET "/orders/myorders" for 127.0.0.1 at 2017-05-21 10:06:51 +0530
Processing by OrdersController#myorders as HTML
  [1m[36mUser Load (0.6ms)[0m  [1m[34mSELECT  `users`.* FROM `users` WHERE `users`.`user_id` = 'usman2897' LIMIT 1[0m
  Rendering orders/myorders.html.erb within layouts/application
  [1m[36mOrder Load (0.7ms)[0m  [1m[34mSELECT `orders`.* FROM `orders` WHERE `orders`.`user_id` = 'usman2897'[0m
  [1m[36mItem Load (0.6ms)[0m  [1m[34mSELECT  `items`.* FROM `items` WHERE `items`.`item_id` = 6 LIMIT 1[0m
  [1m[36mCACHE (0.0ms)[0m  [1m[34mSELECT  `items`.* FROM `items` WHERE `items`.`item_id` = 6 LIMIT 1[0m  [["item_id", 6], ["LIMIT", 1]]
  [1m[36mItem Load (0.8ms)[0m  [1m[34mSELECT  `items`.* FROM `items` WHERE `items`.`item_id` = 2 LIMIT 1[0m
  [1m[36mCACHE (0.1ms)[0m  [1m[34mSELECT  `items`.* FROM `items` WHERE `items`.`item_id` = 6 LIMIT 1[0m  [["item_id", 6], ["LIMIT", 1]]
  [1m[36mCACHE (0.0ms)[0m  [1m[34mSELECT  `items`.* FROM `items` WHERE `items`.`item_id` = 6 LIMIT 1[0m  [["item_id", 6], ["LIMIT", 1]]
  [1m[36mCACHE (0.0ms)[0m  [1m[34mSELECT  `items`.* FROM `items` WHERE `items`.`item_id` = 6 LIMIT 1[0m  [["item_id", 6], ["LIMIT", 1]]
  [1m[36mCACHE (0.0ms)[0m  [1m[34mSELECT  `items`.* FROM `items` WHERE `items`.`item_id` = 6 LIMIT 1[0m  [["item_id", 6], ["LIMIT", 1]]
  [1m[36mCACHE (0.0ms)[0m  [1m[34mSELECT  `items`.* FROM `items` WHERE `items`.`item_id` = 6 LIMIT 1[0m  [["item_id", 6], ["LIMIT", 1]]
  [1m[36mCACHE (0.0ms)[0m  [1m[34mSELECT  `items`.* FROM `items` WHERE `items`.`item_id` = 6 LIMIT 1[0m  [["item_id", 6], ["LIMIT", 1]]
  [1m[36mCACHE (0.0ms)[0m  [1m[34mSELECT  `items`.* FROM `items` WHERE `items`.`item_id` = 6 LIMIT 1[0m  [["item_id", 6], ["LIMIT", 1]]
  [1m[36mCACHE (0.0ms)[0m  [1m[34mSELECT  `items`.* FROM `items` WHERE `items`.`item_id` = 6 LIMIT 1[0m  [["item_id", 6], ["LIMIT", 1]]
  [1m[36mCACHE (0.0ms)[0m  [1m[34mSELECT  `items`.* FROM `items` WHERE `items`.`item_id` = 6 LIMIT 1[0m  [["item_id", 6], ["LIMIT", 1]]
  Rendered orders/myorders.html.erb within layouts/application (16.5ms)
Completed 200 OK in 52ms (Views: 44.4ms | ActiveRecord: 3.0ms)


Started GET "/users/login" for 127.0.0.1 at 2017-05-21 10:28:41 +0530
Processing by UsersController#login as HTML
  Rendering users/login.html.erb within layouts/application
  Rendered users/login.html.erb within layouts/application (13.3ms)
Completed 200 OK in 40ms (Views: 28.9ms | ActiveRecord: 0.0ms)


Started GET "/items" for 127.0.0.1 at 2017-05-21 10:28:51 +0530
Processing by ItemsController#index as HTML
  Rendering items/index.html.erb within layouts/standard
  [1m[36mItem Load (0.8ms)[0m  [1m[34mSELECT `items`.* FROM `items` WHERE (quantity > 0)[0m
  [1m[36mCategory Load (0.4ms)[0m  [1m[34mSELECT  `categories`.* FROM `categories` WHERE `categories`.`category_id` = 1 LIMIT 1[0m
  [1m[36mSubCategory Load (0.4ms)[0m  [1m[34mSELECT  `sub_categories`.* FROM `sub_categories` WHERE `sub_categories`.`sub_category_id` = 1 LIMIT 1[0m
  [1m[36mSeller Load (0.4ms)[0m  [1m[34mSELECT  `sellers`.* FROM `sellers` WHERE `sellers`.`seller_id` IS NULL LIMIT 1[0m
  [1m[36mCACHE (0.0ms)[0m  [1m[34mSELECT  `categories`.* FROM `categories` WHERE `categories`.`category_id` = 1 LIMIT 1[0m  [["category_id", 1], ["LIMIT", 1]]
  [1m[36mCACHE (0.0ms)[0m  [1m[34mSELECT  `sub_categories`.* FROM `sub_categories` WHERE `sub_categories`.`sub_category_id` = 1 LIMIT 1[0m  [["sub_category_id", 1], ["LIMIT", 1]]
  [1m[36mCACHE (0.0ms)[0m  [1m[34mSELECT  `sellers`.* FROM `sellers` WHERE `sellers`.`seller_id` IS NULL LIMIT 1[0m  [["LIMIT", 1]]
  [1m[36mCategory Load (0.5ms)[0m  [1m[34mSELECT  `categories`.* FROM `categories` WHERE `categories`.`category_id` = 3 LIMIT 1[0m
  [1m[36mSubCategory Load (0.3ms)[0m  [1m[34mSELECT  `sub_categories`.* FROM `sub_categories` WHERE `sub_categories`.`sub_category_id` = 9 LIMIT 1[0m
  [1m[36mCACHE (0.0ms)[0m  [1m[34mSELECT  `sellers`.* FROM `sellers` WHERE `sellers`.`seller_id` IS NULL LIMIT 1[0m  [["LIMIT", 1]]
  [1m[36mCACHE (0.0ms)[0m  [1m[34mSELECT  `categories`.* FROM `categories` WHERE `categories`.`category_id` = 3 LIMIT 1[0m  [["category_id", 3], ["LIMIT", 1]]
  [1m[36mCACHE (0.0ms)[0m  [1m[34mSELECT  `sub_categories`.* FROM `sub_categories` WHERE `sub_categories`.`sub_category_id` = 9 LIMIT 1[0m  [["sub_category_id", 9], ["LIMIT", 1]]
  [1m[36mCACHE (0.0ms)[0m  [1m[34mSELECT  `sellers`.* FROM `sellers` WHERE `sellers`.`seller_id` IS NULL LIMIT 1[0m  [["LIMIT", 1]]
  [1m[36mCACHE (0.0ms)[0m  [1m[34mSELECT  `categories`.* FROM `categories` WHERE `categories`.`category_id` = 3 LIMIT 1[0m  [["category_id", 3], ["LIMIT", 1]]
  [1m[36mSubCategory Load (0.5ms)[0m  [1m[34mSELECT  `sub_categories`.* FROM `sub_categories` WHERE `sub_categories`.`sub_category_id` = 3 LIMIT 1[0m
  [1m[36mCACHE (0.0ms)[0m  [1m[34mSELECT  `sellers`.* FROM `sellers` WHERE `sellers`.`seller_id` IS NULL LIMIT 1[0m  [["LIMIT", 1]]
  [1m[36mCACHE (0.0ms)[0m  [1m[34mSELECT  `categories`.* FROM `categories` WHERE `categories`.`category_id` = 1 LIMIT 1[0m  [["category_id", 1], ["LIMIT", 1]]
  [1m[36mSubCategory Load (0.4ms)[0m  [1m[34mSELECT  `sub_categories`.* FROM `sub_categories` WHERE `sub_categories`.`sub_category_id` = 2 LIMIT 1[0m
  [1m[36mCACHE (0.0ms)[0m  [1m[34mSELECT  `sellers`.* FROM `sellers` WHERE `sellers`.`seller_id` IS NULL LIMIT 1[0m  [["LIMIT", 1]]
  Rendered items/index.html.erb within layouts/standard (45.8ms)
  [1m[36mUser Load (0.6ms)[0m  [1m[34mSELECT  `users`.* FROM `users` WHERE `users`.`user_id` = 'usman2897' LIMIT 1[0m
Completed 200 OK in 71ms (Views: 62.0ms | ActiveRecord: 7.2ms)


Started GET "/users/login" for 127.0.0.1 at 2017-05-21 10:31:52 +0530
Processing by UsersController#login as HTML
  [1m[36mUser Load (0.6ms)[0m  [1m[34mSELECT  `users`.* FROM `users` WHERE `users`.`user_id` = 'usman2897' LIMIT 1[0m
Redirected to http://localhost:3000/items
Completed 302 Found in 16ms (ActiveRecord: 0.6ms)


Started GET "/items" for 127.0.0.1 at 2017-05-21 10:31:52 +0530
Processing by ItemsController#index as HTML
  Rendering items/index.html.erb within layouts/standard
  [1m[36mItem Load (0.6ms)[0m  [1m[34mSELECT `items`.* FROM `items` WHERE (quantity > 0)[0m
  [1m[36mCategory Load (0.5ms)[0m  [1m[34mSELECT  `categories`.* FROM `categories` WHERE `categories`.`category_id` = 1 LIMIT 1[0m
  [1m[36mSubCategory Load (0.4ms)[0m  [1m[34mSELECT  `sub_categories`.* FROM `sub_categories` WHERE `sub_categories`.`sub_category_id` = 1 LIMIT 1[0m
  [1m[36mSeller Load (0.4ms)[0m  [1m[34mSELECT  `sellers`.* FROM `sellers` WHERE `sellers`.`seller_id` IS NULL LIMIT 1[0m
  [1m[36mCACHE (0.0ms)[0m  [1m[34mSELECT  `categories`.* FROM `categories` WHERE `categories`.`category_id` = 1 LIMIT 1[0m  [["category_id", 1], ["LIMIT", 1]]
  [1m[36mCACHE (0.0ms)[0m  [1m[34mSELECT  `sub_categories`.* FROM `sub_categories` WHERE `sub_categories`.`sub_category_id` = 1 LIMIT 1[0m  [["sub_category_id", 1], ["LIMIT", 1]]
  [1m[36mCACHE (0.0ms)[0m  [1m[34mSELECT  `sellers`.* FROM `sellers` WHERE `sellers`.`seller_id` IS NULL LIMIT 1[0m  [["LIMIT", 1]]
  [1m[36mCategory Load (0.5ms)[0m  [1m[34mSELECT  `categories`.* FROM `categories` WHERE `categories`.`category_id` = 3 LIMIT 1[0m
  [1m[36mSubCategory Load (0.4ms)[0m  [1m[34mSELECT  `sub_categories`.* FROM `sub_categories` WHERE `sub_categories`.`sub_category_id` = 9 LIMIT 1[0m
  [1m[36mCACHE (0.0ms)[0m  [1m[34mSELECT  `sellers`.* FROM `sellers` WHERE `sellers`.`seller_id` IS NULL LIMIT 1[0m  [["LIMIT", 1]]
  [1m[36mCACHE (0.0ms)[0m  [1m[34mSELECT  `categories`.* FROM `categories` WHERE `categories`.`category_id` = 3 LIMIT 1[0m  [["category_id", 3], ["LIMIT", 1]]
  [1m[36mCACHE (0.0ms)[0m  [1m[34mSELECT  `sub_categories`.* FROM `sub_categories` WHERE `sub_categories`.`sub_category_id` = 9 LIMIT 1[0m  [["sub_category_id", 9], ["LIMIT", 1]]
  [1m[36mCACHE (0.0ms)[0m  [1m[34mSELECT  `sellers`.* FROM `sellers` WHERE `sellers`.`seller_id` IS NULL LIMIT 1[0m  [["LIMIT", 1]]
  [1m[36mCACHE (0.0ms)[0m  [1m[34mSELECT  `categories`.* FROM `categories` WHERE `categories`.`category_id` = 3 LIMIT 1[0m  [["category_id", 3], ["LIMIT", 1]]
  [1m[36mSubCategory Load (0.5ms)[0m  [1m[34mSELECT  `sub_categories`.* FROM `sub_categories` WHERE `sub_categories`.`sub_category_id` = 3 LIMIT 1[0m
  [1m[36mCACHE (0.0ms)[0m  [1m[34mSELECT  `sellers`.* FROM `sellers` WHERE `sellers`.`seller_id` IS NULL LIMIT 1[0m  [["LIMIT", 1]]
  [1m[36mCACHE (0.0ms)[0m  [1m[34mSELECT  `categories`.* FROM `categories` WHERE `categories`.`category_id` = 1 LIMIT 1[0m  [["category_id", 1], ["LIMIT", 1]]
  [1m[36mSubCategory Load (0.4ms)[0m  [1m[34mSELECT  `sub_categories`.* FROM `sub_categories` WHERE `sub_categories`.`sub_category_id` = 2 LIMIT 1[0m
  [1m[36mCACHE (0.0ms)[0m  [1m[34mSELECT  `sellers`.* FROM `sellers` WHERE `sellers`.`seller_id` IS NULL LIMIT 1[0m  [["LIMIT", 1]]
  Rendered items/index.html.erb within layouts/standard (72.4ms)
  [1m[36mUser Load (0.5ms)[0m  [1m[34mSELECT  `users`.* FROM `users` WHERE `users`.`user_id` = 'usman2897' LIMIT 1[0m
Completed 200 OK in 105ms (Views: 82.9ms | ActiveRecord: 9.5ms)


Started GET "/users/logout" for 127.0.0.1 at 2017-05-21 10:31:55 +0530
Processing by UsersController#logout as HTML
Redirected to http://localhost:3000/users/login
Completed 302 Found in 1ms (ActiveRecord: 0.0ms)


Started GET "/users/login" for 127.0.0.1 at 2017-05-21 10:31:55 +0530
Processing by UsersController#login as HTML
  [1m[36mUser Load (0.5ms)[0m  [1m[34mSELECT  `users`.* FROM `users` WHERE `users`.`user_id` IS NULL LIMIT 1[0m
  [1m[36mSeller Load (0.3ms)[0m  [1m[34mSELECT  `sellers`.* FROM `sellers` WHERE `sellers`.`seller_id` IS NULL LIMIT 1[0m
  Rendering users/login.html.erb within layouts/application
  Rendered users/login.html.erb within layouts/application (2.5ms)
Completed 200 OK in 28ms (Views: 24.2ms | ActiveRecord: 0.8ms)


Started POST "/users/loggedin" for 127.0.0.1 at 2017-05-21 10:32:07 +0530
Processing by UsersController#loggedin as HTML
  Parameters: {"utf8"=>"✓", "authenticity_token"=>"KJVqEFDCIDc3u3pT7WiaIKBWkmeguLPjzPz1UkxwwweKxOHjOv8lSDMzv1WBn4pEalK6BXs3sdX32Rn5VqIh9w==", "users"=>{"user_id"=>"usman2897", "password"=>"[FILTERED]"}, "commit"=>"Login"}
  [1m[36mUser Load (0.5ms)[0m  [1m[34mSELECT  `users`.* FROM `users` WHERE (LOWER(user_id) = 'usman2897') LIMIT 1[0m
Redirected to http://localhost:3000/items
Completed 302 Found in 91ms (ActiveRecord: 0.5ms)


Started GET "/items" for 127.0.0.1 at 2017-05-21 10:32:07 +0530
Processing by ItemsController#index as HTML
  Rendering items/index.html.erb within layouts/standard
  [1m[36mItem Load (0.6ms)[0m  [1m[34mSELECT `items`.* FROM `items` WHERE (quantity > 0)[0m
  [1m[36mCategory Load (0.5ms)[0m  [1m[34mSELECT  `categories`.* FROM `categories` WHERE `categories`.`category_id` = 1 LIMIT 1[0m
  [1m[36mSubCategory Load (2.3ms)[0m  [1m[34mSELECT  `sub_categories`.* FROM `sub_categories` WHERE `sub_categories`.`sub_category_id` = 1 LIMIT 1[0m
  [1m[36mSeller Load (0.6ms)[0m  [1m[34mSELECT  `sellers`.* FROM `sellers` WHERE `sellers`.`seller_id` IS NULL LIMIT 1[0m
  [1m[36mCACHE (0.0ms)[0m  [1m[34mSELECT  `categories`.* FROM `categories` WHERE `categories`.`category_id` = 1 LIMIT 1[0m  [["category_id", 1], ["LIMIT", 1]]
  [1m[36mCACHE (0.0ms)[0m  [1m[34mSELECT  `sub_categories`.* FROM `sub_categories` WHERE `sub_categories`.`sub_category_id` = 1 LIMIT 1[0m  [["sub_category_id", 1], ["LIMIT", 1]]
  [1m[36mCACHE (0.0ms)[0m  [1m[34mSELECT  `sellers`.* FROM `sellers` WHERE `sellers`.`seller_id` IS NULL LIMIT 1[0m  [["LIMIT", 1]]
  [1m[36mCategory Load (0.5ms)[0m  [1m[34mSELECT  `categories`.* FROM `categories` WHERE `categories`.`category_id` = 3 LIMIT 1[0m
  [1m[36mSubCategory Load (0.4ms)[0m  [1m[34mSELECT  `sub_categories`.* FROM `sub_categories` WHERE `sub_categories`.`sub_category_id` = 9 LIMIT 1[0m
  [1m[36mCACHE (0.0ms)[0m  [1m[34mSELECT  `sellers`.* FROM `sellers` WHERE `sellers`.`seller_id` IS NULL LIMIT 1[0m  [["LIMIT", 1]]
  [1m[36mCACHE (0.0ms)[0m  [1m[34mSELECT  `categories`.* FROM `categories` WHERE `categories`.`category_id` = 3 LIMIT 1[0m  [["category_id", 3], ["LIMIT", 1]]
  [1m[36mCACHE (0.0ms)[0m  [1m[34mSELECT  `sub_categories`.* FROM `sub_categories` WHERE `sub_categories`.`sub_category_id` = 9 LIMIT 1[0m  [["sub_category_id", 9], ["LIMIT", 1]]
  [1m[36mCACHE (0.0ms)[0m  [1m[34mSELECT  `sellers`.* FROM `sellers` WHERE `sellers`.`seller_id` IS NULL LIMIT 1[0m  [["LIMIT", 1]]
  [1m[36mCACHE (0.0ms)[0m  [1m[34mSELECT  `categories`.* FROM `categories` WHERE `categories`.`category_id` = 3 LIMIT 1[0m  [["category_id", 3], ["LIMIT", 1]]
  [1m[36mSubCategory Load (0.5ms)[0m  [1m[34mSELECT  `sub_categories`.* FROM `sub_categories` WHERE `sub_categories`.`sub_category_id` = 3 LIMIT 1[0m
  [1m[36mCACHE (0.0ms)[0m  [1m[34mSELECT  `sellers`.* FROM `sellers` WHERE `sellers`.`seller_id` IS NULL LIMIT 1[0m  [["LIMIT", 1]]
  [1m[36mCACHE (0.0ms)[0m  [1m[34mSELECT  `categories`.* FROM `categories` WHERE `categories`.`category_id` = 1 LIMIT 1[0m  [["category_id", 1], ["LIMIT", 1]]
  [1m[36mSubCategory Load (0.6ms)[0m  [1m[34mSELECT  `sub_categories`.* FROM `sub_categories` WHERE `sub_categories`.`sub_category_id` = 2 LIMIT 1[0m
  [1m[36mCACHE (0.0ms)[0m  [1m[34mSELECT  `sellers`.* FROM `sellers` WHERE `sellers`.`seller_id` IS NULL LIMIT 1[0m  [["LIMIT", 1]]
  Rendered items/index.html.erb within layouts/standard (29.1ms)
  [1m[36mUser Load (0.5ms)[0m  [1m[34mSELECT  `users`.* FROM `users` WHERE `users`.`user_id` = 'usman2897' LIMIT 1[0m
Completed 200 OK in 83ms (Views: 74.0ms | ActiveRecord: 6.6ms)


Started GET "/items" for 127.0.0.1 at 2017-05-21 10:32:24 +0530
Processing by ItemsController#index as HTML
  Rendering items/index.html.erb within layouts/standard
  [1m[36mItem Load (0.7ms)[0m  [1m[34mSELECT `items`.* FROM `items` WHERE (quantity > 0)[0m
  [1m[36mCategory Load (0.6ms)[0m  [1m[34mSELECT  `categories`.* FROM `categories` WHERE `categories`.`category_id` = 1 LIMIT 1[0m
  [1m[36mSubCategory Load (0.6ms)[0m  [1m[34mSELECT  `sub_categories`.* FROM `sub_categories` WHERE `sub_categories`.`sub_category_id` = 1 LIMIT 1[0m
  [1m[36mSeller Load (0.6ms)[0m  [1m[34mSELECT  `sellers`.* FROM `sellers` WHERE `sellers`.`seller_id` IS NULL LIMIT 1[0m
  [1m[36mCACHE (0.0ms)[0m  [1m[34mSELECT  `categories`.* FROM `categories` WHERE `categories`.`category_id` = 1 LIMIT 1[0m  [["category_id", 1], ["LIMIT", 1]]
  [1m[36mCACHE (0.0ms)[0m  [1m[34mSELECT  `sub_categories`.* FROM `sub_categories` WHERE `sub_categories`.`sub_category_id` = 1 LIMIT 1[0m  [["sub_category_id", 1], ["LIMIT", 1]]
  [1m[36mCACHE (0.0ms)[0m  [1m[34mSELECT  `sellers`.* FROM `sellers` WHERE `sellers`.`seller_id` IS NULL LIMIT 1[0m  [["LIMIT", 1]]
  [1m[36mCategory Load (0.6ms)[0m  [1m[34mSELECT  `categories`.* FROM `categories` WHERE `categories`.`category_id` = 3 LIMIT 1[0m
  [1m[36mSubCategory Load (0.5ms)[0m  [1m[34mSELECT  `sub_categories`.* FROM `sub_categories` WHERE `sub_categories`.`sub_category_id` = 9 LIMIT 1[0m
  [1m[36mCACHE (0.0ms)[0m  [1m[34mSELECT  `sellers`.* FROM `sellers` WHERE `sellers`.`seller_id` IS NULL LIMIT 1[0m  [["LIMIT", 1]]
  [1m[36mCACHE (0.0ms)[0m  [1m[34mSELECT  `categories`.* FROM `categories` WHERE `categories`.`category_id` = 3 LIMIT 1[0m  [["category_id", 3], ["LIMIT", 1]]
  [1m[36mCACHE (0.0ms)[0m  [1m[34mSELECT  `sub_categories`.* FROM `sub_categories` WHERE `sub_categories`.`sub_category_id` = 9 LIMIT 1[0m  [["sub_category_id", 9], ["LIMIT", 1]]
  [1m[36mCACHE (0.0ms)[0m  [1m[34mSELECT  `sellers`.* FROM `sellers` WHERE `sellers`.`seller_id` IS NULL LIMIT 1[0m  [["LIMIT", 1]]
  [1m[36mCACHE (0.0ms)[0m  [1m[34mSELECT  `categories`.* FROM `categories` WHERE `categories`.`category_id` = 3 LIMIT 1[0m  [["category_id", 3], ["LIMIT", 1]]
  [1m[36mSubCategory Load (0.5ms)[0m  [1m[34mSELECT  `sub_categories`.* FROM `sub_categories` WHERE `sub_categories`.`sub_category_id` = 3 LIMIT 1[0m
  [1m[36mCACHE (0.0ms)[0m  [1m[34mSELECT  `sellers`.* FROM `sellers` WHERE `sellers`.`seller_id` IS NULL LIMIT 1[0m  [["LIMIT", 1]]
  [1m[36mCACHE (0.0ms)[0m  [1m[34mSELECT  `categories`.* FROM `categories` WHERE `categories`.`category_id` = 1 LIMIT 1[0m  [["category_id", 1], ["LIMIT", 1]]
  [1m[36mSubCategory Load (0.6ms)[0m  [1m[34mSELECT  `sub_categories`.* FROM `sub_categories` WHERE `sub_categories`.`sub_category_id` = 2 LIMIT 1[0m
  [1m[36mCACHE (0.0ms)[0m  [1m[34mSELECT  `sellers`.* FROM `sellers` WHERE `sellers`.`seller_id` IS NULL LIMIT 1[0m  [["LIMIT", 1]]
  Rendered items/index.html.erb within layouts/standard (33.0ms)
  [1m[36mUser Load (0.6ms)[0m  [1m[34mSELECT  `users`.* FROM `users` WHERE `users`.`user_id` = 'usman2897' LIMIT 1[0m
Completed 200 OK in 75ms (Views: 66.4ms | ActiveRecord: 5.6ms)


Started GET "/items" for 127.0.0.1 at 2017-05-21 10:34:08 +0530
Processing by ItemsController#index as HTML
  Rendering items/index.html.erb within layouts/standard
  [1m[36mItem Load (0.6ms)[0m  [1m[34mSELECT `items`.* FROM `items` WHERE (quantity > 0)[0m
  [1m[36mCategory Load (0.5ms)[0m  [1m[34mSELECT  `categories`.* FROM `categories` WHERE `categories`.`category_id` = 1 LIMIT 1[0m
  [1m[36mSubCategory Load (0.4ms)[0m  [1m[34mSELECT  `sub_categories`.* FROM `sub_categories` WHERE `sub_categories`.`sub_category_id` = 1 LIMIT 1[0m
  [1m[36mSeller Load (0.3ms)[0m  [1m[34mSELECT  `sellers`.* FROM `sellers` WHERE `sellers`.`seller_id` IS NULL LIMIT 1[0m
  [1m[36mCACHE (0.0ms)[0m  [1m[34mSELECT  `categories`.* FROM `categories` WHERE `categories`.`category_id` = 1 LIMIT 1[0m  [["category_id", 1], ["LIMIT", 1]]
  [1m[36mCACHE (0.0ms)[0m  [1m[34mSELECT  `sub_categories`.* FROM `sub_categories` WHERE `sub_categories`.`sub_category_id` = 1 LIMIT 1[0m  [["sub_category_id", 1], ["LIMIT", 1]]
  [1m[36mCACHE (0.0ms)[0m  [1m[34mSELECT  `sellers`.* FROM `sellers` WHERE `sellers`.`seller_id` IS NULL LIMIT 1[0m  [["LIMIT", 1]]
  [1m[36mCategory Load (0.4ms)[0m  [1m[34mSELECT  `categories`.* FROM `categories` WHERE `categories`.`category_id` = 3 LIMIT 1[0m
  [1m[36mSubCategory Load (0.3ms)[0m  [1m[34mSELECT  `sub_categories`.* FROM `sub_categories` WHERE `sub_categories`.`sub_category_id` = 9 LIMIT 1[0m
  [1m[36mCACHE (0.0ms)[0m  [1m[34mSELECT  `sellers`.* FROM `sellers` WHERE `sellers`.`seller_id` IS NULL LIMIT 1[0m  [["LIMIT", 1]]
  [1m[36mCACHE (0.0ms)[0m  [1m[34mSELECT  `categories`.* FROM `categories` WHERE `categories`.`category_id` = 3 LIMIT 1[0m  [["category_id", 3], ["LIMIT", 1]]
  [1m[36mCACHE (0.0ms)[0m  [1m[34mSELECT  `sub_categories`.* FROM `sub_categories` WHERE `sub_categories`.`sub_category_id` = 9 LIMIT 1[0m  [["sub_category_id", 9], ["LIMIT", 1]]
  [1m[36mCACHE (0.9ms)[0m  [1m[34mSELECT  `sellers`.* FROM `sellers` WHERE `sellers`.`seller_id` IS NULL LIMIT 1[0m  [["LIMIT", 1]]
  [1m[36mCACHE (0.0ms)[0m  [1m[34mSELECT  `categories`.* FROM `categories` WHERE `categories`.`category_id` = 3 LIMIT 1[0m  [["category_id", 3], ["LIMIT", 1]]
  [1m[36mSubCategory Load (0.6ms)[0m  [1m[34mSELECT  `sub_categories`.* FROM `sub_categories` WHERE `sub_categories`.`sub_category_id` = 3 LIMIT 1[0m
  [1m[36mCACHE (0.0ms)[0m  [1m[34mSELECT  `sellers`.* FROM `sellers` WHERE `sellers`.`seller_id` IS NULL LIMIT 1[0m  [["LIMIT", 1]]
  [1m[36mCACHE (0.0ms)[0m  [1m[34mSELECT  `categories`.* FROM `categories` WHERE `categories`.`category_id` = 1 LIMIT 1[0m  [["category_id", 1], ["LIMIT", 1]]
  [1m[36mSubCategory Load (0.4ms)[0m  [1m[34mSELECT  `sub_categories`.* FROM `sub_categories` WHERE `sub_categories`.`sub_category_id` = 2 LIMIT 1[0m
  [1m[36mCACHE (0.0ms)[0m  [1m[34mSELECT  `sellers`.* FROM `sellers` WHERE `sellers`.`seller_id` IS NULL LIMIT 1[0m  [["LIMIT", 1]]
  Rendered items/index.html.erb within layouts/standard (27.5ms)
  [1m[36mUser Load (0.5ms)[0m  [1m[34mSELECT  `users`.* FROM `users` WHERE `users`.`user_id` = 'usman2897' LIMIT 1[0m
Completed 200 OK in 69ms (Views: 61.3ms | ActiveRecord: 5.1ms)


Started GET "/items" for 127.0.0.1 at 2017-05-21 10:34:10 +0530
Processing by ItemsController#index as HTML
  Rendering items/index.html.erb within layouts/standard
  [1m[36mItem Load (0.5ms)[0m  [1m[34mSELECT `items`.* FROM `items` WHERE (quantity > 0)[0m
  [1m[36mCategory Load (0.4ms)[0m  [1m[34mSELECT  `categories`.* FROM `categories` WHERE `categories`.`category_id` = 1 LIMIT 1[0m
  [1m[36mSubCategory Load (0.4ms)[0m  [1m[34mSELECT  `sub_categories`.* FROM `sub_categories` WHERE `sub_categories`.`sub_category_id` = 1 LIMIT 1[0m
  [1m[36mSeller Load (0.3ms)[0m  [1m[34mSELECT  `sellers`.* FROM `sellers` WHERE `sellers`.`seller_id` IS NULL LIMIT 1[0m
  [1m[36mCACHE (0.0ms)[0m  [1m[34mSELECT  `categories`.* FROM `categories` WHERE `categories`.`category_id` = 1 LIMIT 1[0m  [["category_id", 1], ["LIMIT", 1]]
  [1m[36mCACHE (0.0ms)[0m  [1m[34mSELECT  `sub_categories`.* FROM `sub_categories` WHERE `sub_categories`.`sub_category_id` = 1 LIMIT 1[0m  [["sub_category_id", 1], ["LIMIT", 1]]
  [1m[36mCACHE (0.0ms)[0m  [1m[34mSELECT  `sellers`.* FROM `sellers` WHERE `sellers`.`seller_id` IS NULL LIMIT 1[0m  [["LIMIT", 1]]
  [1m[36mCategory Load (0.5ms)[0m  [1m[34mSELECT  `categories`.* FROM `categories` WHERE `categories`.`category_id` = 3 LIMIT 1[0m
  [1m[36mSubCategory Load (0.3ms)[0m  [1m[34mSELECT  `sub_categories`.* FROM `sub_categories` WHERE `sub_categories`.`sub_category_id` = 9 LIMIT 1[0m
  [1m[36mCACHE (0.0ms)[0m  [1m[34mSELECT  `sellers`.* FROM `sellers` WHERE `sellers`.`seller_id` IS NULL LIMIT 1[0m  [["LIMIT", 1]]
  [1m[36mCACHE (0.0ms)[0m  [1m[34mSELECT  `categories`.* FROM `categories` WHERE `categories`.`category_id` = 3 LIMIT 1[0m  [["category_id", 3], ["LIMIT", 1]]
  [1m[36mCACHE (0.0ms)[0m  [1m[34mSELECT  `sub_categories`.* FROM `sub_categories` WHERE `sub_categories`.`sub_category_id` = 9 LIMIT 1[0m  [["sub_category_id", 9], ["LIMIT", 1]]
  [1m[36mCACHE (0.0ms)[0m  [1m[34mSELECT  `sellers`.* FROM `sellers` WHERE `sellers`.`seller_id` IS NULL LIMIT 1[0m  [["LIMIT", 1]]
  [1m[36mCACHE (0.0ms)[0m  [1m[34mSELECT  `categories`.* FROM `categories` WHERE `categories`.`category_id` = 3 LIMIT 1[0m  [["category_id", 3], ["LIMIT", 1]]
  [1m[36mSubCategory Load (0.5ms)[0m  [1m[34mSELECT  `sub_categories`.* FROM `sub_categories` WHERE `sub_categories`.`sub_category_id` = 3 LIMIT 1[0m
  [1m[36mCACHE (0.0ms)[0m  [1m[34mSELECT  `sellers`.* FROM `sellers` WHERE `sellers`.`seller_id` IS NULL LIMIT 1[0m  [["LIMIT", 1]]
  [1m[36mCACHE (0.1ms)[0m  [1m[34mSELECT  `categories`.* FROM `categories` WHERE `categories`.`category_id` = 1 LIMIT 1[0m  [["category_id", 1], ["LIMIT", 1]]
  [1m[36mSubCategory Load (0.4ms)[0m  [1m[34mSELECT  `sub_categories`.* FROM `sub_categories` WHERE `sub_categories`.`sub_category_id` = 2 LIMIT 1[0m
  [1m[36mCACHE (0.0ms)[0m  [1m[34mSELECT  `sellers`.* FROM `sellers` WHERE `sellers`.`seller_id` IS NULL LIMIT 1[0m  [["LIMIT", 1]]
  Rendered items/index.html.erb within layouts/standard (20.5ms)
  [1m[36mUser Load (0.5ms)[0m  [1m[34mSELECT  `users`.* FROM `users` WHERE `users`.`user_id` = 'usman2897' LIMIT 1[0m
Completed 200 OK in 41ms (Views: 35.2ms | ActiveRecord: 4.2ms)


Started GET "/items" for 127.0.0.1 at 2017-05-21 10:35:50 +0530
Processing by ItemsController#index as HTML
  Rendering items/index.html.erb within layouts/standard
  [1m[36mItem Load (0.5ms)[0m  [1m[34mSELECT `items`.* FROM `items` WHERE (quantity > 0)[0m
  [1m[36mCategory Load (0.5ms)[0m  [1m[34mSELECT  `categories`.* FROM `categories` WHERE `categories`.`category_id` = 1 LIMIT 1[0m
  [1m[36mSubCategory Load (0.5ms)[0m  [1m[34mSELECT  `sub_categories`.* FROM `sub_categories` WHERE `sub_categories`.`sub_category_id` = 1 LIMIT 1[0m
  [1m[36mSeller Load (0.9ms)[0m  [1m[34mSELECT  `sellers`.* FROM `sellers` WHERE `sellers`.`seller_id` IS NULL LIMIT 1[0m
  [1m[36mCACHE (0.0ms)[0m  [1m[34mSELECT  `categories`.* FROM `categories` WHERE `categories`.`category_id` = 1 LIMIT 1[0m  [["category_id", 1], ["LIMIT", 1]]
  [1m[36mCACHE (0.0ms)[0m  [1m[34mSELECT  `sub_categories`.* FROM `sub_categories` WHERE `sub_categories`.`sub_category_id` = 1 LIMIT 1[0m  [["sub_category_id", 1], ["LIMIT", 1]]
  [1m[36mCACHE (0.0ms)[0m  [1m[34mSELECT  `sellers`.* FROM `sellers` WHERE `sellers`.`seller_id` IS NULL LIMIT 1[0m  [["LIMIT", 1]]
  [1m[36mCategory Load (0.5ms)[0m  [1m[34mSELECT  `categories`.* FROM `categories` WHERE `categories`.`category_id` = 3 LIMIT 1[0m
  [1m[36mSubCategory Load (0.4ms)[0m  [1m[34mSELECT  `sub_categories`.* FROM `sub_categories` WHERE `sub_categories`.`sub_category_id` = 9 LIMIT 1[0m
  [1m[36mCACHE (0.0ms)[0m  [1m[34mSELECT  `sellers`.* FROM `sellers` WHERE `sellers`.`seller_id` IS NULL LIMIT 1[0m  [["LIMIT", 1]]
  [1m[36mCACHE (0.0ms)[0m  [1m[34mSELECT  `categories`.* FROM `categories` WHERE `categories`.`category_id` = 3 LIMIT 1[0m  [["category_id", 3], ["LIMIT", 1]]
  [1m[36mCACHE (0.0ms)[0m  [1m[34mSELECT  `sub_categories`.* FROM `sub_categories` WHERE `sub_categories`.`sub_category_id` = 9 LIMIT 1[0m  [["sub_category_id", 9], ["LIMIT", 1]]
  [1m[36mCACHE (0.0ms)[0m  [1m[34mSELECT  `sellers`.* FROM `sellers` WHERE `sellers`.`seller_id` IS NULL LIMIT 1[0m  [["LIMIT", 1]]
  [1m[36mCACHE (0.0ms)[0m  [1m[34mSELECT  `categories`.* FROM `categories` WHERE `categories`.`category_id` = 3 LIMIT 1[0m  [["category_id", 3], ["LIMIT", 1]]
  [1m[36mSubCategory Load (1.0ms)[0m  [1m[34mSELECT  `sub_categories`.* FROM `sub_categories` WHERE `sub_categories`.`sub_category_id` = 3 LIMIT 1[0m
  [1m[36mCACHE (0.0ms)[0m  [1m[34mSELECT  `sellers`.* FROM `sellers` WHERE `sellers`.`seller_id` IS NULL LIMIT 1[0m  [["LIMIT", 1]]
  [1m[36mCACHE (0.0ms)[0m  [1m[34mSELECT  `categories`.* FROM `categories` WHERE `categories`.`category_id` = 1 LIMIT 1[0m  [["category_id", 1], ["LIMIT", 1]]
  [1m[36mSubCategory Load (0.5ms)[0m  [1m[34mSELECT  `sub_categories`.* FROM `sub_categories` WHERE `sub_categories`.`sub_category_id` = 2 LIMIT 1[0m
  [1m[36mCACHE (0.0ms)[0m  [1m[34mSELECT  `sellers`.* FROM `sellers` WHERE `sellers`.`seller_id` IS NULL LIMIT 1[0m  [["LIMIT", 1]]
  Rendered items/index.html.erb within layouts/standard (22.0ms)
  [1m[36mUser Load (0.5ms)[0m  [1m[34mSELECT  `users`.* FROM `users` WHERE `users`.`user_id` = 'usman2897' LIMIT 1[0m
Completed 200 OK in 41ms (Views: 34.6ms | ActiveRecord: 5.4ms)


Started GET "/users/logout" for 127.0.0.1 at 2017-05-21 10:35:53 +0530
Processing by UsersController#logout as HTML
Redirected to http://localhost:3000/users/login
Completed 302 Found in 1ms (ActiveRecord: 0.0ms)


Started GET "/users/login" for 127.0.0.1 at 2017-05-21 10:35:53 +0530
Processing by UsersController#login as HTML
  [1m[36mUser Load (0.4ms)[0m  [1m[34mSELECT  `users`.* FROM `users` WHERE `users`.`user_id` IS NULL LIMIT 1[0m
  [1m[36mSeller Load (0.3ms)[0m  [1m[34mSELECT  `sellers`.* FROM `sellers` WHERE `sellers`.`seller_id` IS NULL LIMIT 1[0m
  Rendering users/login.html.erb within layouts/application
  Rendered users/login.html.erb within layouts/application (1.7ms)
Completed 200 OK in 24ms (Views: 19.8ms | ActiveRecord: 0.6ms)


Started GET "/items" for 127.0.0.1 at 2017-05-21 10:54:00 +0530
Processing by ItemsController#index as HTML
  Rendering items/index.html.erb within layouts/standard
  [1m[36mItem Load (1.1ms)[0m  [1m[34mSELECT `items`.* FROM `items` WHERE (quantity > 0)[0m
  [1m[36mCategory Load (0.6ms)[0m  [1m[34mSELECT  `categories`.* FROM `categories` WHERE `categories`.`category_id` = 1 LIMIT 1[0m
  [1m[36mSubCategory Load (0.4ms)[0m  [1m[34mSELECT  `sub_categories`.* FROM `sub_categories` WHERE `sub_categories`.`sub_category_id` = 1 LIMIT 1[0m
  [1m[36mSeller Load (0.3ms)[0m  [1m[34mSELECT  `sellers`.* FROM `sellers` WHERE `sellers`.`seller_id` IS NULL LIMIT 1[0m
  [1m[36mCACHE (0.0ms)[0m  [1m[34mSELECT  `categories`.* FROM `categories` WHERE `categories`.`category_id` = 1 LIMIT 1[0m  [["category_id", 1], ["LIMIT", 1]]
  [1m[36mCACHE (0.0ms)[0m  [1m[34mSELECT  `sub_categories`.* FROM `sub_categories` WHERE `sub_categories`.`sub_category_id` = 1 LIMIT 1[0m  [["sub_category_id", 1], ["LIMIT", 1]]
  [1m[36mCACHE (0.0ms)[0m  [1m[34mSELECT  `sellers`.* FROM `sellers` WHERE `sellers`.`seller_id` IS NULL LIMIT 1[0m  [["LIMIT", 1]]
  [1m[36mCategory Load (0.4ms)[0m  [1m[34mSELECT  `categories`.* FROM `categories` WHERE `categories`.`category_id` = 3 LIMIT 1[0m
  [1m[36mSubCategory Load (0.4ms)[0m  [1m[34mSELECT  `sub_categories`.* FROM `sub_categories` WHERE `sub_categories`.`sub_category_id` = 9 LIMIT 1[0m
  [1m[36mCACHE (0.0ms)[0m  [1m[34mSELECT  `sellers`.* FROM `sellers` WHERE `sellers`.`seller_id` IS NULL LIMIT 1[0m  [["LIMIT", 1]]
  [1m[36mCACHE (0.0ms)[0m  [1m[34mSELECT  `categories`.* FROM `categories` WHERE `categories`.`category_id` = 3 LIMIT 1[0m  [["category_id", 3], ["LIMIT", 1]]
  [1m[36mCACHE (0.0ms)[0m  [1m[34mSELECT  `sub_categories`.* FROM `sub_categories` WHERE `sub_categories`.`sub_category_id` = 9 LIMIT 1[0m  [["sub_category_id", 9], ["LIMIT", 1]]
  [1m[36mCACHE (0.0ms)[0m  [1m[34mSELECT  `sellers`.* FROM `sellers` WHERE `sellers`.`seller_id` IS NULL LIMIT 1[0m  [["LIMIT", 1]]
  [1m[36mCACHE (0.0ms)[0m  [1m[34mSELECT  `categories`.* FROM `categories` WHERE `categories`.`category_id` = 3 LIMIT 1[0m  [["category_id", 3], ["LIMIT", 1]]
  [1m[36mSubCategory Load (0.6ms)[0m  [1m[34mSELECT  `sub_categories`.* FROM `sub_categories` WHERE `sub_categories`.`sub_category_id` = 3 LIMIT 1[0m
  [1m[36mCACHE (0.0ms)[0m  [1m[34mSELECT  `sellers`.* FROM `sellers` WHERE `sellers`.`seller_id` IS NULL LIMIT 1[0m  [["LIMIT", 1]]
  [1m[36mCACHE (0.0ms)[0m  [1m[34mSELECT  `categories`.* FROM `categories` WHERE `categories`.`category_id` = 1 LIMIT 1[0m  [["category_id", 1], ["LIMIT", 1]]
  [1m[36mSubCategory Load (0.5ms)[0m  [1m[34mSELECT  `sub_categories`.* FROM `sub_categories` WHERE `sub_categories`.`sub_category_id` = 2 LIMIT 1[0m
  [1m[36mCACHE (0.0ms)[0m  [1m[34mSELECT  `sellers`.* FROM `sellers` WHERE `sellers`.`seller_id` IS NULL LIMIT 1[0m  [["LIMIT", 1]]
  Rendered items/index.html.erb within layouts/standard (25.6ms)
  [1m[36mUser Load (0.3ms)[0m  [1m[34mSELECT  `users`.* FROM `users` WHERE `users`.`user_id` IS NULL LIMIT 1[0m
  [1m[36mCACHE (0.0ms)[0m  [1m[34mSELECT  `sellers`.* FROM `sellers` WHERE `sellers`.`seller_id` IS NULL LIMIT 1[0m  [["LIMIT", 1]]
Completed 200 OK in 48ms (Views: 41.3ms | ActiveRecord: 4.8ms)


Started GET "/sellers/login" for 127.0.0.1 at 2017-05-21 10:54:08 +0530
Processing by SellersController#login as HTML
  [1m[36mSeller Load (0.3ms)[0m  [1m[34mSELECT  `sellers`.* FROM `sellers` WHERE `sellers`.`seller_id` IS NULL LIMIT 1[0m
  Rendering sellers/login.html.erb within layouts/standard
  Rendered sellers/login.html.erb within layouts/standard (1.7ms)
  [1m[36mUser Load (0.4ms)[0m  [1m[34mSELECT  `users`.* FROM `users` WHERE `users`.`user_id` IS NULL LIMIT 1[0m
  [1m[36mCACHE (0.0ms)[0m  [1m[34mSELECT  `sellers`.* FROM `sellers` WHERE `sellers`.`seller_id` IS NULL LIMIT 1[0m  [["LIMIT", 1]]
Completed 200 OK in 52ms (Views: 32.7ms | ActiveRecord: 1.1ms)


Started POST "/sellers/loggedin" for 127.0.0.1 at 2017-05-21 10:54:21 +0530
Processing by SellersController#loggedin as HTML
  Parameters: {"utf8"=>"✓", "authenticity_token"=>"z2b6l43b3ndM/DKpzfbj+AxZqZnE2XqnJYBBZeg/UmJRO/KsDSXzmhTTcJxU2JBdFPVGxWrqRlfUfalmc7HFjA==", "sellers"=>{"seller_id"=>"someone", "password"=>"[FILTERED]"}, "commit"=>"Login"}
  [1m[36mSeller Load (0.5ms)[0m  [1m[34mSELECT  `sellers`.* FROM `sellers` WHERE (LOWER(seller_id) = 'someone') LIMIT 1[0m
Redirected to http://localhost:3000/items
Completed 302 Found in 94ms (ActiveRecord: 0.5ms)


Started GET "/items" for 127.0.0.1 at 2017-05-21 10:54:21 +0530
Processing by ItemsController#index as HTML
  Rendering items/index.html.erb within layouts/standard
  [1m[36mItem Load (0.5ms)[0m  [1m[34mSELECT `items`.* FROM `items` WHERE (quantity > 0)[0m
  [1m[36mCategory Load (0.4ms)[0m  [1m[34mSELECT  `categories`.* FROM `categories` WHERE `categories`.`category_id` = 1 LIMIT 1[0m
  [1m[36mSubCategory Load (0.3ms)[0m  [1m[34mSELECT  `sub_categories`.* FROM `sub_categories` WHERE `sub_categories`.`sub_category_id` = 1 LIMIT 1[0m
  [1m[36mSeller Load (0.3ms)[0m  [1m[34mSELECT  `sellers`.* FROM `sellers` WHERE `sellers`.`seller_id` = 'someone' LIMIT 1[0m
  [1m[36mCACHE (0.0ms)[0m  [1m[34mSELECT  `categories`.* FROM `categories` WHERE `categories`.`category_id` = 1 LIMIT 1[0m  [["category_id", 1], ["LIMIT", 1]]
  [1m[36mCACHE (0.0ms)[0m  [1m[34mSELECT  `sub_categories`.* FROM `sub_categories` WHERE `sub_categories`.`sub_category_id` = 1 LIMIT 1[0m  [["sub_category_id", 1], ["LIMIT", 1]]
  [1m[36mCategory Load (0.5ms)[0m  [1m[34mSELECT  `categories`.* FROM `categories` WHERE `categories`.`category_id` = 3 LIMIT 1[0m
  [1m[36mSubCategory Load (0.5ms)[0m  [1m[34mSELECT  `sub_categories`.* FROM `sub_categories` WHERE `sub_categories`.`sub_category_id` = 9 LIMIT 1[0m
  [1m[36mCACHE (0.0ms)[0m  [1m[34mSELECT  `categories`.* FROM `categories` WHERE `categories`.`category_id` = 3 LIMIT 1[0m  [["category_id", 3], ["LIMIT", 1]]
  [1m[36mCACHE (0.0ms)[0m  [1m[34mSELECT  `sub_categories`.* FROM `sub_categories` WHERE `sub_categories`.`sub_category_id` = 9 LIMIT 1[0m  [["sub_category_id", 9], ["LIMIT", 1]]
  [1m[36mCACHE (0.0ms)[0m  [1m[34mSELECT  `categories`.* FROM `categories` WHERE `categories`.`category_id` = 3 LIMIT 1[0m  [["category_id", 3], ["LIMIT", 1]]
  [1m[36mSubCategory Load (0.4ms)[0m  [1m[34mSELECT  `sub_categories`.* FROM `sub_categories` WHERE `sub_categories`.`sub_category_id` = 3 LIMIT 1[0m
  [1m[36mCACHE (0.0ms)[0m  [1m[34mSELECT  `categories`.* FROM `categories` WHERE `categories`.`category_id` = 1 LIMIT 1[0m  [["category_id", 1], ["LIMIT", 1]]
  [1m[36mSubCategory Load (0.4ms)[0m  [1m[34mSELECT  `sub_categories`.* FROM `sub_categories` WHERE `sub_categories`.`sub_category_id` = 2 LIMIT 1[0m
  Rendered items/index.html.erb within layouts/standard (16.3ms)
  [1m[36mUser Load (0.3ms)[0m  [1m[34mSELECT  `users`.* FROM `users` WHERE `users`.`user_id` IS NULL LIMIT 1[0m
Completed 200 OK in 36ms (Views: 30.7ms | ActiveRecord: 3.7ms)


Started GET "/sellers/login" for 127.0.0.1 at 2017-05-21 10:54:35 +0530
Processing by SellersController#login as HTML
  [1m[36mSeller Load (0.5ms)[0m  [1m[34mSELECT  `sellers`.* FROM `sellers` WHERE `sellers`.`seller_id` = 'someone' LIMIT 1[0m
Redirected to http://localhost:3000/items
Completed 302 Found in 3ms (ActiveRecord: 0.5ms)


Started GET "/items" for 127.0.0.1 at 2017-05-21 10:54:35 +0530
Processing by ItemsController#index as HTML
  Rendering items/index.html.erb within layouts/standard
  [1m[36mItem Load (0.5ms)[0m  [1m[34mSELECT `items`.* FROM `items` WHERE (quantity > 0)[0m
  [1m[36mCategory Load (0.5ms)[0m  [1m[34mSELECT  `categories`.* FROM `categories` WHERE `categories`.`category_id` = 1 LIMIT 1[0m
  [1m[36mSubCategory Load (0.7ms)[0m  [1m[34mSELECT  `sub_categories`.* FROM `sub_categories` WHERE `sub_categories`.`sub_category_id` = 1 LIMIT 1[0m
  [1m[36mSeller Load (0.5ms)[0m  [1m[34mSELECT  `sellers`.* FROM `sellers` WHERE `sellers`.`seller_id` = 'someone' LIMIT 1[0m
  [1m[36mCACHE (0.0ms)[0m  [1m[34mSELECT  `categories`.* FROM `categories` WHERE `categories`.`category_id` = 1 LIMIT 1[0m  [["category_id", 1], ["LIMIT", 1]]
  [1m[36mCACHE (0.0ms)[0m  [1m[34mSELECT  `sub_categories`.* FROM `sub_categories` WHERE `sub_categories`.`sub_category_id` = 1 LIMIT 1[0m  [["sub_category_id", 1], ["LIMIT", 1]]
  [1m[36mCategory Load (0.5ms)[0m  [1m[34mSELECT  `categories`.* FROM `categories` WHERE `categories`.`category_id` = 3 LIMIT 1[0m
  [1m[36mSubCategory Load (0.6ms)[0m  [1m[34mSELECT  `sub_categories`.* FROM `sub_categories` WHERE `sub_categories`.`sub_category_id` = 9 LIMIT 1[0m
  [1m[36mCACHE (0.0ms)[0m  [1m[34mSELECT  `categories`.* FROM `categories` WHERE `categories`.`category_id` = 3 LIMIT 1[0m  [["category_id", 3], ["LIMIT", 1]]
  [1m[36mCACHE (0.0ms)[0m  [1m[34mSELECT  `sub_categories`.* FROM `sub_categories` WHERE `sub_categories`.`sub_category_id` = 9 LIMIT 1[0m  [["sub_category_id", 9], ["LIMIT", 1]]
  [1m[36mCACHE (0.0ms)[0m  [1m[34mSELECT  `categories`.* FROM `categories` WHERE `categories`.`category_id` = 3 LIMIT 1[0m  [["category_id", 3], ["LIMIT", 1]]
  [1m[36mSubCategory Load (0.5ms)[0m  [1m[34mSELECT  `sub_categories`.* FROM `sub_categories` WHERE `sub_categories`.`sub_category_id` = 3 LIMIT 1[0m
  [1m[36mCACHE (0.0ms)[0m  [1m[34mSELECT  `categories`.* FROM `categories` WHERE `categories`.`category_id` = 1 LIMIT 1[0m  [["category_id", 1], ["LIMIT", 1]]
  [1m[36mSubCategory Load (0.5ms)[0m  [1m[34mSELECT  `sub_categories`.* FROM `sub_categories` WHERE `sub_categories`.`sub_category_id` = 2 LIMIT 1[0m
  Rendered items/index.html.erb within layouts/standard (19.8ms)
  [1m[36mUser Load (0.4ms)[0m  [1m[34mSELECT  `users`.* FROM `users` WHERE `users`.`user_id` IS NULL LIMIT 1[0m
Completed 200 OK in 49ms (Views: 42.5ms | ActiveRecord: 4.7ms)


Started GET "/sellers/logout" for 127.0.0.1 at 2017-05-21 10:54:42 +0530
Processing by SellersController#logout as HTML
Redirected to http://localhost:3000/sellers/login
Completed 302 Found in 1ms (ActiveRecord: 0.0ms)


Started GET "/sellers/login" for 127.0.0.1 at 2017-05-21 10:54:42 +0530
Processing by SellersController#login as HTML
  [1m[36mSeller Load (0.5ms)[0m  [1m[34mSELECT  `sellers`.* FROM `sellers` WHERE `sellers`.`seller_id` IS NULL LIMIT 1[0m
  Rendering sellers/login.html.erb within layouts/standard
  Rendered sellers/login.html.erb within layouts/standard (2.2ms)
  [1m[36mUser Load (0.4ms)[0m  [1m[34mSELECT  `users`.* FROM `users` WHERE `users`.`user_id` IS NULL LIMIT 1[0m
  [1m[36mCACHE (0.0ms)[0m  [1m[34mSELECT  `sellers`.* FROM `sellers` WHERE `sellers`.`seller_id` IS NULL LIMIT 1[0m  [["LIMIT", 1]]
Completed 200 OK in 26ms (Views: 21.6ms | ActiveRecord: 0.9ms)


Started GET "/items" for 127.0.0.1 at 2017-05-21 10:54:48 +0530
Processing by ItemsController#index as HTML
  Rendering items/index.html.erb within layouts/standard
  [1m[36mItem Load (0.7ms)[0m  [1m[34mSELECT `items`.* FROM `items` WHERE (quantity > 0)[0m
  [1m[36mCategory Load (0.5ms)[0m  [1m[34mSELECT  `categories`.* FROM `categories` WHERE `categories`.`category_id` = 1 LIMIT 1[0m
  [1m[36mSubCategory Load (0.6ms)[0m  [1m[34mSELECT  `sub_categories`.* FROM `sub_categories` WHERE `sub_categories`.`sub_category_id` = 1 LIMIT 1[0m
  [1m[36mSeller Load (0.4ms)[0m  [1m[34mSELECT  `sellers`.* FROM `sellers` WHERE `sellers`.`seller_id` IS NULL LIMIT 1[0m
  [1m[36mCACHE (0.0ms)[0m  [1m[34mSELECT  `categories`.* FROM `categories` WHERE `categories`.`category_id` = 1 LIMIT 1[0m  [["category_id", 1], ["LIMIT", 1]]
  [1m[36mCACHE (0.0ms)[0m  [1m[34mSELECT  `sub_categories`.* FROM `sub_categories` WHERE `sub_categories`.`sub_category_id` = 1 LIMIT 1[0m  [["sub_category_id", 1], ["LIMIT", 1]]
  [1m[36mCACHE (0.0ms)[0m  [1m[34mSELECT  `sellers`.* FROM `sellers` WHERE `sellers`.`seller_id` IS NULL LIMIT 1[0m  [["LIMIT", 1]]
  [1m[36mCategory Load (0.5ms)[0m  [1m[34mSELECT  `categories`.* FROM `categories` WHERE `categories`.`category_id` = 3 LIMIT 1[0m
  [1m[36mSubCategory Load (0.4ms)[0m  [1m[34mSELECT  `sub_categories`.* FROM `sub_categories` WHERE `sub_categories`.`sub_category_id` = 9 LIMIT 1[0m
  [1m[36mCACHE (0.1ms)[0m  [1m[34mSELECT  `sellers`.* FROM `sellers` WHERE `sellers`.`seller_id` IS NULL LIMIT 1[0m  [["LIMIT", 1]]
  [1m[36mCACHE (0.0ms)[0m  [1m[34mSELECT  `categories`.* FROM `categories` WHERE `categories`.`category_id` = 3 LIMIT 1[0m  [["category_id", 3], ["LIMIT", 1]]
  [1m[36mCACHE (0.0ms)[0m  [1m[34mSELECT  `sub_categories`.* FROM `sub_categories` WHERE `sub_categories`.`sub_category_id` = 9 LIMIT 1[0m  [["sub_category_id", 9], ["LIMIT", 1]]
  [1m[36mCACHE (0.0ms)[0m  [1m[34mSELECT  `sellers`.* FROM `sellers` WHERE `sellers`.`seller_id` IS NULL LIMIT 1[0m  [["LIMIT", 1]]
  [1m[36mCACHE (0.0ms)[0m  [1m[34mSELECT  `categories`.* FROM `categories` WHERE `categories`.`category_id` = 3 LIMIT 1[0m  [["category_id", 3], ["LIMIT", 1]]
  [1m[36mSubCategory Load (0.5ms)[0m  [1m[34mSELECT  `sub_categories`.* FROM `sub_categories` WHERE `sub_categories`.`sub_category_id` = 3 LIMIT 1[0m
  [1m[36mCACHE (0.0ms)[0m  [1m[34mSELECT  `sellers`.* FROM `sellers` WHERE `sellers`.`seller_id` IS NULL LIMIT 1[0m  [["LIMIT", 1]]
  [1m[36mCACHE (0.0ms)[0m  [1m[34mSELECT  `categories`.* FROM `categories` WHERE `categories`.`category_id` = 1 LIMIT 1[0m  [["category_id", 1], ["LIMIT", 1]]
  [1m[36mSubCategory Load (0.6ms)[0m  [1m[34mSELECT  `sub_categories`.* FROM `sub_categories` WHERE `sub_categories`.`sub_category_id` = 2 LIMIT 1[0m
  [1m[36mCACHE (0.0ms)[0m  [1m[34mSELECT  `sellers`.* FROM `sellers` WHERE `sellers`.`seller_id` IS NULL LIMIT 1[0m  [["LIMIT", 1]]
  Rendered items/index.html.erb within layouts/standard (25.2ms)
  [1m[36mUser Load (0.4ms)[0m  [1m[34mSELECT  `users`.* FROM `users` WHERE `users`.`user_id` IS NULL LIMIT 1[0m
  [1m[36mCACHE (0.0ms)[0m  [1m[34mSELECT  `sellers`.* FROM `sellers` WHERE `sellers`.`seller_id` IS NULL LIMIT 1[0m  [["LIMIT", 1]]
Completed 200 OK in 54ms (Views: 47.1ms | ActiveRecord: 5.0ms)


Started GET "/items/new" for 127.0.0.1 at 2017-05-21 11:01:59 +0530
  
SyntaxError (/home/usman/Projects/rails-project/flickon/app/controllers/items_controller.rb:94: syntax error, unexpected end-of-input, expecting keyword_end):
  
app/controllers/items_controller.rb:94: syntax error, unexpected end-of-input, expecting keyword_end
  Rendering /home/usman/.rbenv/versions/2.4.0/lib/ruby/gems/2.4.0/gems/actionpack-5.0.3/lib/action_dispatch/middleware/templates/rescues/diagnostics.html.erb within rescues/layout
  Rendering /home/usman/.rbenv/versions/2.4.0/lib/ruby/gems/2.4.0/gems/actionpack-5.0.3/lib/action_dispatch/middleware/templates/rescues/_source.html.erb
  Rendered /home/usman/.rbenv/versions/2.4.0/lib/ruby/gems/2.4.0/gems/actionpack-5.0.3/lib/action_dispatch/middleware/templates/rescues/_source.html.erb (4.7ms)
  Rendering /home/usman/.rbenv/versions/2.4.0/lib/ruby/gems/2.4.0/gems/actionpack-5.0.3/lib/action_dispatch/middleware/templates/rescues/_trace.html.erb
  Rendered /home/usman/.rbenv/versions/2.4.0/lib/ruby/gems/2.4.0/gems/actionpack-5.0.3/lib/action_dispatch/middleware/templates/rescues/_trace.html.erb (2.3ms)
  Rendering /home/usman/.rbenv/versions/2.4.0/lib/ruby/gems/2.4.0/gems/actionpack-5.0.3/lib/action_dispatch/middleware/templates/rescues/_request_and_response.html.erb
  Rendered /home/usman/.rbenv/versions/2.4.0/lib/ruby/gems/2.4.0/gems/actionpack-5.0.3/lib/action_dispatch/middleware/templates/rescues/_request_and_response.html.erb (1.5ms)
  Rendered /home/usman/.rbenv/versions/2.4.0/lib/ruby/gems/2.4.0/gems/actionpack-5.0.3/lib/action_dispatch/middleware/templates/rescues/diagnostics.html.erb within rescues/layout (29.8ms)
Started GET "/items/new" for 127.0.0.1 at 2017-05-21 11:02:15 +0530
Processing by ItemsController#new as HTML
  [1m[36mSeller Load (0.3ms)[0m  [1m[34mSELECT  `sellers`.* FROM `sellers` WHERE `sellers`.`seller_id` IS NULL LIMIT 1[0m
Redirected to http://localhost:3000/sellers/login
Completed 302 Found in 34ms (ActiveRecord: 2.4ms)


Started GET "/sellers/login" for 127.0.0.1 at 2017-05-21 11:02:15 +0530
Processing by SellersController#login as HTML
  [1m[36mSeller Load (0.3ms)[0m  [1m[34mSELECT  `sellers`.* FROM `sellers` WHERE `sellers`.`seller_id` IS NULL LIMIT 1[0m
  Rendering sellers/login.html.erb within layouts/standard
  Rendered sellers/login.html.erb within layouts/standard (2.2ms)
  [1m[36mUser Load (0.3ms)[0m  [1m[34mSELECT  `users`.* FROM `users` WHERE `users`.`user_id` IS NULL LIMIT 1[0m
  [1m[36mCACHE (0.0ms)[0m  [1m[34mSELECT  `sellers`.* FROM `sellers` WHERE `sellers`.`seller_id` IS NULL LIMIT 1[0m  [["LIMIT", 1]]
Completed 200 OK in 37ms (Views: 28.0ms | ActiveRecord: 2.4ms)


Started POST "/sellers/loggedin" for 127.0.0.1 at 2017-05-21 11:02:29 +0530
Processing by SellersController#loggedin as HTML
  Parameters: {"utf8"=>"✓", "authenticity_token"=>"n/8xsAdS61xW2rvPthZgjEXRXwa5YfgtkJvPgtbNuusBojmLh6zGsQ71+fovOBMpXX2wWhdSxN1hZieBTUMtBQ==", "sellers"=>{"seller_id"=>"someone", "password"=>"[FILTERED]"}, "commit"=>"Login"}
  [1m[36mSeller Load (0.6ms)[0m  [1m[34mSELECT  `sellers`.* FROM `sellers` WHERE (LOWER(seller_id) = 'someone') LIMIT 1[0m
No template found for SellersController#loggedin, rendering head :no_content
Completed 204 No Content in 105ms (ActiveRecord: 0.6ms)


Started GET "/sellers/login" for 127.0.0.1 at 2017-05-21 11:02:40 +0530
Processing by SellersController#login as HTML
  [1m[36mSeller Load (0.4ms)[0m  [1m[34mSELECT  `sellers`.* FROM `sellers` WHERE `sellers`.`seller_id` IS NULL LIMIT 1[0m
  Rendering sellers/login.html.erb within layouts/standard
  Rendered sellers/login.html.erb within layouts/standard (2.1ms)
  [1m[36mUser Load (0.3ms)[0m  [1m[34mSELECT  `users`.* FROM `users` WHERE `users`.`user_id` IS NULL LIMIT 1[0m
  [1m[36mCACHE (0.0ms)[0m  [1m[34mSELECT  `sellers`.* FROM `sellers` WHERE `sellers`.`seller_id` IS NULL LIMIT 1[0m  [["LIMIT", 1]]
Completed 200 OK in 29ms (Views: 25.4ms | ActiveRecord: 0.8ms)


Started POST "/sellers/loggedin" for 127.0.0.1 at 2017-05-21 11:02:43 +0530
Processing by SellersController#loggedin as HTML
  Parameters: {"utf8"=>"✓", "authenticity_token"=>"OC71Fqu+lu5/DQ9KqAVT5hf/jkZjEtNrl8ubzMIgrECmc/0tK0C7AyciTX8xKyBDD1NhGs0h75tmNnPPWa47rg==", "sellers"=>{"seller_id"=>"someone", "password"=>"[FILTERED]"}, "commit"=>"Login"}
  [1m[36mSeller Load (0.6ms)[0m  [1m[34mSELECT  `sellers`.* FROM `sellers` WHERE (LOWER(seller_id) = 'someone') LIMIT 1[0m
Redirected to http://localhost:3000/items
Completed 302 Found in 92ms (ActiveRecord: 0.6ms)


Started GET "/items" for 127.0.0.1 at 2017-05-21 11:02:43 +0530
Processing by ItemsController#index as HTML
  Rendering items/index.html.erb within layouts/standard
  [1m[36mItem Load (0.5ms)[0m  [1m[34mSELECT `items`.* FROM `items` WHERE (quantity > 0)[0m
  [1m[36mCategory Load (0.2ms)[0m  [1m[34mSELECT  `categories`.* FROM `categories` WHERE `categories`.`category_id` = 1 LIMIT 1[0m
  [1m[36mSubCategory Load (0.3ms)[0m  [1m[34mSELECT  `sub_categories`.* FROM `sub_categories` WHERE `sub_categories`.`sub_category_id` = 1 LIMIT 1[0m
  [1m[36mSeller Load (0.5ms)[0m  [1m[34mSELECT  `sellers`.* FROM `sellers` WHERE `sellers`.`seller_id` = 'someone' LIMIT 1[0m
  [1m[36mCACHE (0.0ms)[0m  [1m[34mSELECT  `categories`.* FROM `categories` WHERE `categories`.`category_id` = 1 LIMIT 1[0m  [["category_id", 1], ["LIMIT", 1]]
  [1m[36mCACHE (0.0ms)[0m  [1m[34mSELECT  `sub_categories`.* FROM `sub_categories` WHERE `sub_categories`.`sub_category_id` = 1 LIMIT 1[0m  [["sub_category_id", 1], ["LIMIT", 1]]
  [1m[36mCategory Load (0.4ms)[0m  [1m[34mSELECT  `categories`.* FROM `categories` WHERE `categories`.`category_id` = 3 LIMIT 1[0m
  [1m[36mSubCategory Load (0.4ms)[0m  [1m[34mSELECT  `sub_categories`.* FROM `sub_categories` WHERE `sub_categories`.`sub_category_id` = 9 LIMIT 1[0m
  [1m[36mCACHE (0.0ms)[0m  [1m[34mSELECT  `categories`.* FROM `categories` WHERE `categories`.`category_id` = 3 LIMIT 1[0m  [["category_id", 3], ["LIMIT", 1]]
  [1m[36mCACHE (0.0ms)[0m  [1m[34mSELECT  `sub_categories`.* FROM `sub_categories` WHERE `sub_categories`.`sub_category_id` = 9 LIMIT 1[0m  [["sub_category_id", 9], ["LIMIT", 1]]
  [1m[36mCACHE (0.0ms)[0m  [1m[34mSELECT  `categories`.* FROM `categories` WHERE `categories`.`category_id` = 3 LIMIT 1[0m  [["category_id", 3], ["LIMIT", 1]]
  [1m[36mSubCategory Load (0.5ms)[0m  [1m[34mSELECT  `sub_categories`.* FROM `sub_categories` WHERE `sub_categories`.`sub_category_id` = 3 LIMIT 1[0m
  [1m[36mCACHE (0.0ms)[0m  [1m[34mSELECT  `categories`.* FROM `categories` WHERE `categories`.`category_id` = 1 LIMIT 1[0m  [["category_id", 1], ["LIMIT", 1]]
  [1m[36mSubCategory Load (0.5ms)[0m  [1m[34mSELECT  `sub_categories`.* FROM `sub_categories` WHERE `sub_categories`.`sub_category_id` = 2 LIMIT 1[0m
  Rendered items/index.html.erb within layouts/standard (28.1ms)
  [1m[36mUser Load (0.4ms)[0m  [1m[34mSELECT  `users`.* FROM `users` WHERE `users`.`user_id` IS NULL LIMIT 1[0m
Completed 200 OK in 51ms (Views: 43.0ms | ActiveRecord: 5.9ms)


Started GET "/sellers/logout" for 127.0.0.1 at 2017-05-21 11:03:14 +0530
Processing by SellersController#logout as HTML
Redirected to http://localhost:3000/sellers/login
Completed 302 Found in 1ms (ActiveRecord: 0.0ms)


Started GET "/sellers/login" for 127.0.0.1 at 2017-05-21 11:03:14 +0530
Processing by SellersController#login as HTML
  [1m[36mSeller Load (0.4ms)[0m  [1m[34mSELECT  `sellers`.* FROM `sellers` WHERE `sellers`.`seller_id` IS NULL LIMIT 1[0m
  Rendering sellers/login.html.erb within layouts/standard
  Rendered sellers/login.html.erb within layouts/standard (1.9ms)
  [1m[36mUser Load (0.4ms)[0m  [1m[34mSELECT  `users`.* FROM `users` WHERE `users`.`user_id` IS NULL LIMIT 1[0m
  [1m[36mCACHE (0.0ms)[0m  [1m[34mSELECT  `sellers`.* FROM `sellers` WHERE `sellers`.`seller_id` IS NULL LIMIT 1[0m  [["LIMIT", 1]]
Completed 200 OK in 32ms (Views: 27.8ms | ActiveRecord: 0.9ms)


Started GET "/items/new" for 127.0.0.1 at 2017-05-21 11:03:29 +0530
Processing by ItemsController#new as HTML
  [1m[36mSeller Load (0.4ms)[0m  [1m[34mSELECT  `sellers`.* FROM `sellers` WHERE `sellers`.`seller_id` IS NULL LIMIT 1[0m
Redirected to http://localhost:3000/sellers/login
Completed 302 Found in 3ms (ActiveRecord: 0.4ms)


Started GET "/sellers/login" for 127.0.0.1 at 2017-05-21 11:03:29 +0530
Processing by SellersController#login as HTML
  [1m[36mSeller Load (0.4ms)[0m  [1m[34mSELECT  `sellers`.* FROM `sellers` WHERE `sellers`.`seller_id` IS NULL LIMIT 1[0m
  Rendering sellers/login.html.erb within layouts/standard
  Rendered sellers/login.html.erb within layouts/standard (2.0ms)
  [1m[36mUser Load (0.4ms)[0m  [1m[34mSELECT  `users`.* FROM `users` WHERE `users`.`user_id` IS NULL LIMIT 1[0m
  [1m[36mCACHE (0.0ms)[0m  [1m[34mSELECT  `sellers`.* FROM `sellers` WHERE `sellers`.`seller_id` IS NULL LIMIT 1[0m  [["LIMIT", 1]]
Completed 200 OK in 33ms (Views: 29.5ms | ActiveRecord: 0.8ms)


Started GET "/items" for 127.0.0.1 at 2017-05-21 11:03:39 +0530
Processing by ItemsController#index as HTML
  Rendering items/index.html.erb within layouts/standard
  [1m[36mItem Load (0.5ms)[0m  [1m[34mSELECT `items`.* FROM `items` WHERE (quantity > 0)[0m
  [1m[36mCategory Load (0.4ms)[0m  [1m[34mSELECT  `categories`.* FROM `categories` WHERE `categories`.`category_id` = 1 LIMIT 1[0m
  [1m[36mSubCategory Load (0.4ms)[0m  [1m[34mSELECT  `sub_categories`.* FROM `sub_categories` WHERE `sub_categories`.`sub_category_id` = 1 LIMIT 1[0m
  [1m[36mSeller Load (0.3ms)[0m  [1m[34mSELECT  `sellers`.* FROM `sellers` WHERE `sellers`.`seller_id` IS NULL LIMIT 1[0m
  [1m[36mCACHE (0.0ms)[0m  [1m[34mSELECT  `categories`.* FROM `categories` WHERE `categories`.`category_id` = 1 LIMIT 1[0m  [["category_id", 1], ["LIMIT", 1]]
  [1m[36mCACHE (0.1ms)[0m  [1m[34mSELECT  `sub_categories`.* FROM `sub_categories` WHERE `sub_categories`.`sub_category_id` = 1 LIMIT 1[0m  [["sub_category_id", 1], ["LIMIT", 1]]
  [1m[36mCACHE (0.0ms)[0m  [1m[34mSELECT  `sellers`.* FROM `sellers` WHERE `sellers`.`seller_id` IS NULL LIMIT 1[0m  [["LIMIT", 1]]
  [1m[36mCategory Load (0.4ms)[0m  [1m[34mSELECT  `categories`.* FROM `categories` WHERE `categories`.`category_id` = 3 LIMIT 1[0m
  [1m[36mSubCategory Load (0.4ms)[0m  [1m[34mSELECT  `sub_categories`.* FROM `sub_categories` WHERE `sub_categories`.`sub_category_id` = 9 LIMIT 1[0m
  [1m[36mCACHE (0.0ms)[0m  [1m[34mSELECT  `sellers`.* FROM `sellers` WHERE `sellers`.`seller_id` IS NULL LIMIT 1[0m  [["LIMIT", 1]]
  [1m[36mCACHE (0.0ms)[0m  [1m[34mSELECT  `categories`.* FROM `categories` WHERE `categories`.`category_id` = 3 LIMIT 1[0m  [["category_id", 3], ["LIMIT", 1]]
  [1m[36mCACHE (0.0ms)[0m  [1m[34mSELECT  `sub_categories`.* FROM `sub_categories` WHERE `sub_categories`.`sub_category_id` = 9 LIMIT 1[0m  [["sub_category_id", 9], ["LIMIT", 1]]
  [1m[36mCACHE (0.0ms)[0m  [1m[34mSELECT  `sellers`.* FROM `sellers` WHERE `sellers`.`seller_id` IS NULL LIMIT 1[0m  [["LIMIT", 1]]
  [1m[36mCACHE (0.0ms)[0m  [1m[34mSELECT  `categories`.* FROM `categories` WHERE `categories`.`category_id` = 3 LIMIT 1[0m  [["category_id", 3], ["LIMIT", 1]]
  [1m[36mSubCategory Load (0.5ms)[0m  [1m[34mSELECT  `sub_categories`.* FROM `sub_categories` WHERE `sub_categories`.`sub_category_id` = 3 LIMIT 1[0m
  [1m[36mCACHE (0.0ms)[0m  [1m[34mSELECT  `sellers`.* FROM `sellers` WHERE `sellers`.`seller_id` IS NULL LIMIT 1[0m  [["LIMIT", 1]]
  [1m[36mCACHE (0.1ms)[0m  [1m[34mSELECT  `categories`.* FROM `categories` WHERE `categories`.`category_id` = 1 LIMIT 1[0m  [["category_id", 1], ["LIMIT", 1]]
  [1m[36mSubCategory Load (0.5ms)[0m  [1m[34mSELECT  `sub_categories`.* FROM `sub_categories` WHERE `sub_categories`.`sub_category_id` = 2 LIMIT 1[0m
  [1m[36mCACHE (0.0ms)[0m  [1m[34mSELECT  `sellers`.* FROM `sellers` WHERE `sellers`.`seller_id` IS NULL LIMIT 1[0m  [["LIMIT", 1]]
  Rendered items/index.html.erb within layouts/standard (27.7ms)
  [1m[36mUser Load (0.5ms)[0m  [1m[34mSELECT  `users`.* FROM `users` WHERE `users`.`user_id` IS NULL LIMIT 1[0m
  [1m[36mCACHE (0.0ms)[0m  [1m[34mSELECT  `sellers`.* FROM `sellers` WHERE `sellers`.`seller_id` IS NULL LIMIT 1[0m  [["LIMIT", 1]]
Completed 200 OK in 54ms (Views: 48.1ms | ActiveRecord: 4.5ms)


Started GET "/items/6" for 127.0.0.1 at 2017-05-21 11:03:43 +0530
Processing by ItemsController#show as HTML
  Parameters: {"id"=>"6"}
  [1m[36mItem Load (0.6ms)[0m  [1m[34mSELECT  `items`.* FROM `items` WHERE `items`.`item_id` = 6 LIMIT 1[0m
  [1m[36mSeller Load (0.4ms)[0m  [1m[34mSELECT  `sellers`.* FROM `sellers` WHERE `sellers`.`seller_id` IS NULL LIMIT 1[0m
  [1m[36mCACHE (0.0ms)[0m  [1m[34mSELECT  `items`.* FROM `items` WHERE `items`.`item_id` = 6 LIMIT 1[0m  [["item_id", 6], ["LIMIT", 1]]
  [1m[36mCategory Load (0.5ms)[0m  [1m[34mSELECT  `categories`.* FROM `categories` WHERE `categories`.`category_id` = 1 LIMIT 1[0m
  [1m[36mSubCategory Load (0.5ms)[0m  [1m[34mSELECT  `sub_categories`.* FROM `sub_categories` WHERE `sub_categories`.`sub_category_id` = 2 LIMIT 1[0m
  Rendering items/show.html.erb within layouts/standard
  [1m[36mCACHE (0.0ms)[0m  [1m[34mSELECT  `sellers`.* FROM `sellers` WHERE `sellers`.`seller_id` IS NULL LIMIT 1[0m  [["LIMIT", 1]]
  Rendered items/show.html.erb within layouts/standard (3.0ms)
  [1m[36mUser Load (0.3ms)[0m  [1m[34mSELECT  `users`.* FROM `users` WHERE `users`.`user_id` IS NULL LIMIT 1[0m
  [1m[36mCACHE (0.0ms)[0m  [1m[34mSELECT  `sellers`.* FROM `sellers` WHERE `sellers`.`seller_id` IS NULL LIMIT 1[0m  [["LIMIT", 1]]
Completed 200 OK in 45ms (Views: 33.1ms | ActiveRecord: 2.4ms)


Started GET "/orders/new?item=6" for 127.0.0.1 at 2017-05-21 11:03:45 +0530
Processing by OrdersController#new as HTML
  Parameters: {"item"=>"6"}
  [1m[36mUser Load (0.4ms)[0m  [1m[34mSELECT  `users`.* FROM `users` WHERE `users`.`user_id` IS NULL LIMIT 1[0m
Redirected to http://localhost:3000/users/login
  [1m[36mItem Load (0.5ms)[0m  [1m[34mSELECT  `items`.* FROM `items` WHERE `items`.`item_id` = 6 LIMIT 1[0m
Completed 302 Found in 20ms (ActiveRecord: 2.8ms)


Started GET "/users/login" for 127.0.0.1 at 2017-05-21 11:03:45 +0530
Processing by UsersController#login as HTML
  [1m[36mUser Load (0.4ms)[0m  [1m[34mSELECT  `users`.* FROM `users` WHERE `users`.`user_id` IS NULL LIMIT 1[0m
  [1m[36mSeller Load (0.3ms)[0m  [1m[34mSELECT  `sellers`.* FROM `sellers` WHERE `sellers`.`seller_id` IS NULL LIMIT 1[0m
  Rendering users/login.html.erb within layouts/application
  Rendered users/login.html.erb within layouts/application (1.7ms)
Completed 200 OK in 29ms (Views: 19.5ms | ActiveRecord: 1.1ms)


Started GET "/users/login" for 127.0.0.1 at 2017-05-21 11:12:21 +0530
Processing by UsersController#login as HTML
  [1m[36mUser Load (0.4ms)[0m  [1m[34mSELECT  `users`.* FROM `users` WHERE `users`.`user_id` IS NULL LIMIT 1[0m
  [1m[36mSeller Load (0.7ms)[0m  [1m[34mSELECT  `sellers`.* FROM `sellers` WHERE `sellers`.`seller_id` IS NULL LIMIT 1[0m
  Rendering users/login.html.erb within layouts/application
  Rendered users/login.html.erb within layouts/application (1.6ms)
Completed 200 OK in 24ms (Views: 18.9ms | ActiveRecord: 1.1ms)


Started GET "/users/login" for 127.0.0.1 at 2017-05-21 11:12:38 +0530
Processing by UsersController#login as HTML
  [1m[36mUser Load (0.4ms)[0m  [1m[34mSELECT  `users`.* FROM `users` WHERE `users`.`user_id` IS NULL LIMIT 1[0m
  [1m[36mSeller Load (0.3ms)[0m  [1m[34mSELECT  `sellers`.* FROM `sellers` WHERE `sellers`.`seller_id` IS NULL LIMIT 1[0m
  Rendering users/login.html.erb within layouts/application
  Rendered users/login.html.erb within layouts/application (1.9ms)
Completed 200 OK in 29ms (Views: 24.1ms | ActiveRecord: 0.6ms)


Started GET "/users/login" for 127.0.0.1 at 2017-05-21 11:12:39 +0530
Processing by UsersController#login as HTML
  [1m[36mUser Load (0.4ms)[0m  [1m[34mSELECT  `users`.* FROM `users` WHERE `users`.`user_id` IS NULL LIMIT 1[0m
  [1m[36mSeller Load (0.3ms)[0m  [1m[34mSELECT  `sellers`.* FROM `sellers` WHERE `sellers`.`seller_id` IS NULL LIMIT 1[0m
  Rendering users/login.html.erb within layouts/application
  Rendered users/login.html.erb within layouts/application (1.8ms)
Completed 200 OK in 25ms (Views: 20.3ms | ActiveRecord: 0.7ms)


Started GET "/users/login" for 127.0.0.1 at 2017-05-21 11:13:14 +0530
  [1m[36mActiveRecord::SchemaMigration Load (0.5ms)[0m  [1m[34mSELECT `schema_migrations`.* FROM `schema_migrations`[0m
Processing by UsersController#login as HTML
  [1m[36mUser Load (0.5ms)[0m  [1m[34mSELECT  `users`.* FROM `users` WHERE `users`.`user_id` IS NULL LIMIT 1[0m
  [1m[36mSeller Load (0.5ms)[0m  [1m[34mSELECT  `sellers`.* FROM `sellers` WHERE `sellers`.`seller_id` IS NULL LIMIT 1[0m
  Rendering users/login.html.erb within layouts/application
  Rendered users/login.html.erb within layouts/application (15.2ms)
Completed 200 OK in 245ms (Views: 199.0ms | ActiveRecord: 4.2ms)


Started GET "/sellers/login" for 127.0.0.1 at 2017-05-21 11:13:40 +0530
Processing by SellersController#login as HTML
  [1m[36mSeller Load (0.5ms)[0m  [1m[34mSELECT  `sellers`.* FROM `sellers` WHERE `sellers`.`seller_id` IS NULL LIMIT 1[0m
  Rendering sellers/login.html.erb within layouts/standard
  Rendered sellers/login.html.erb within layouts/standard (2.7ms)
  [1m[36mUser Load (0.5ms)[0m  [1m[34mSELECT  `users`.* FROM `users` WHERE `users`.`user_id` IS NULL LIMIT 1[0m
  [1m[36mCACHE (0.0ms)[0m  [1m[34mSELECT  `sellers`.* FROM `sellers` WHERE `sellers`.`seller_id` IS NULL LIMIT 1[0m  [["LIMIT", 1]]
Completed 200 OK in 46ms (Views: 33.5ms | ActiveRecord: 2.0ms)


Started GET "/sellers/login" for 127.0.0.1 at 2017-05-21 11:14:25 +0530
Processing by SellersController#login as HTML
  [1m[36mSeller Load (0.5ms)[0m  [1m[34mSELECT  `sellers`.* FROM `sellers` WHERE `sellers`.`seller_id` IS NULL LIMIT 1[0m
  Rendering sellers/login.html.erb within layouts/standard
  Rendered sellers/login.html.erb within layouts/standard (3.4ms)
  [1m[36mUser Load (0.4ms)[0m  [1m[34mSELECT  `users`.* FROM `users` WHERE `users`.`user_id` IS NULL LIMIT 1[0m
  [1m[36mCACHE (0.0ms)[0m  [1m[34mSELECT  `sellers`.* FROM `sellers` WHERE `sellers`.`seller_id` IS NULL LIMIT 1[0m  [["LIMIT", 1]]
Completed 200 OK in 53ms (Views: 36.0ms | ActiveRecord: 1.0ms)


Started GET "/users/login" for 127.0.0.1 at 2017-05-21 11:14:35 +0530
Processing by UsersController#login as HTML
  [1m[36mUser Load (0.6ms)[0m  [1m[34mSELECT  `users`.* FROM `users` WHERE `users`.`user_id` IS NULL LIMIT 1[0m
  [1m[36mSeller Load (0.7ms)[0m  [1m[34mSELECT  `sellers`.* FROM `sellers` WHERE `sellers`.`seller_id` IS NULL LIMIT 1[0m
  Rendering users/login.html.erb within layouts/standard
  Rendered users/login.html.erb within layouts/standard (1.7ms)
  [1m[36mCACHE (0.0ms)[0m  [1m[34mSELECT  `users`.* FROM `users` WHERE `users`.`user_id` IS NULL LIMIT 1[0m  [["LIMIT", 1]]
  [1m[36mCACHE (0.1ms)[0m  [1m[34mSELECT  `sellers`.* FROM `sellers` WHERE `sellers`.`seller_id` IS NULL LIMIT 1[0m  [["LIMIT", 1]]
Completed 200 OK in 47ms (Views: 29.8ms | ActiveRecord: 3.1ms)


Started POST "/users/loggedin" for 127.0.0.1 at 2017-05-21 11:14:53 +0530
Processing by UsersController#loggedin as HTML
  Parameters: {"utf8"=>"✓", "authenticity_token"=>"4HHNNf/x5TrV2E/QoQMu7F4tC5ayuORRB0LhCQC+m35+LMUOfw/I1433DeU4LV1JRoHkyhyL2KH2vwkKmzAMkA==", "users"=>{"user_id"=>"usman2897", "password"=>"[FILTERED]"}, "commit"=>"Login"}
  [1m[36mUser Load (0.8ms)[0m  [1m[34mSELECT  `users`.* FROM `users` WHERE (LOWER(user_id) = 'usman2897') LIMIT 1[0m
Redirected to http://localhost:3000/items
Completed 302 Found in 99ms (ActiveRecord: 0.8ms)


Started GET "/items" for 127.0.0.1 at 2017-05-21 11:14:53 +0530
Processing by ItemsController#index as HTML
  Rendering items/index.html.erb within layouts/standard
  [1m[36mItem Load (0.9ms)[0m  [1m[34mSELECT `items`.* FROM `items` WHERE (quantity > 0)[0m
  [1m[36mCategory Load (0.5ms)[0m  [1m[34mSELECT  `categories`.* FROM `categories` WHERE `categories`.`category_id` = 1 LIMIT 1[0m
  [1m[36mSubCategory Load (0.5ms)[0m  [1m[34mSELECT  `sub_categories`.* FROM `sub_categories` WHERE `sub_categories`.`sub_category_id` = 1 LIMIT 1[0m
  [1m[36mSeller Load (0.4ms)[0m  [1m[34mSELECT  `sellers`.* FROM `sellers` WHERE `sellers`.`seller_id` IS NULL LIMIT 1[0m
  [1m[36mCACHE (0.0ms)[0m  [1m[34mSELECT  `categories`.* FROM `categories` WHERE `categories`.`category_id` = 1 LIMIT 1[0m  [["category_id", 1], ["LIMIT", 1]]
  [1m[36mCACHE (0.0ms)[0m  [1m[34mSELECT  `sub_categories`.* FROM `sub_categories` WHERE `sub_categories`.`sub_category_id` = 1 LIMIT 1[0m  [["sub_category_id", 1], ["LIMIT", 1]]
  [1m[36mCACHE (0.0ms)[0m  [1m[34mSELECT  `sellers`.* FROM `sellers` WHERE `sellers`.`seller_id` IS NULL LIMIT 1[0m  [["LIMIT", 1]]
  [1m[36mCategory Load (0.6ms)[0m  [1m[34mSELECT  `categories`.* FROM `categories` WHERE `categories`.`category_id` = 3 LIMIT 1[0m
  [1m[36mSubCategory Load (0.5ms)[0m  [1m[34mSELECT  `sub_categories`.* FROM `sub_categories` WHERE `sub_categories`.`sub_category_id` = 9 LIMIT 1[0m
  [1m[36mCACHE (0.0ms)[0m  [1m[34mSELECT  `sellers`.* FROM `sellers` WHERE `sellers`.`seller_id` IS NULL LIMIT 1[0m  [["LIMIT", 1]]
  [1m[36mCACHE (0.0ms)[0m  [1m[34mSELECT  `categories`.* FROM `categories` WHERE `categories`.`category_id` = 3 LIMIT 1[0m  [["category_id", 3], ["LIMIT", 1]]
  [1m[36mCACHE (0.0ms)[0m  [1m[34mSELECT  `sub_categories`.* FROM `sub_categories` WHERE `sub_categories`.`sub_category_id` = 9 LIMIT 1[0m  [["sub_category_id", 9], ["LIMIT", 1]]
  [1m[36mCACHE (0.0ms)[0m  [1m[34mSELECT  `sellers`.* FROM `sellers` WHERE `sellers`.`seller_id` IS NULL LIMIT 1[0m  [["LIMIT", 1]]
  [1m[36mCACHE (0.0ms)[0m  [1m[34mSELECT  `categories`.* FROM `categories` WHERE `categories`.`category_id` = 3 LIMIT 1[0m  [["category_id", 3], ["LIMIT", 1]]
  [1m[36mSubCategory Load (0.6ms)[0m  [1m[34mSELECT  `sub_categories`.* FROM `sub_categories` WHERE `sub_categories`.`sub_category_id` = 3 LIMIT 1[0m
  [1m[36mCACHE (0.0ms)[0m  [1m[34mSELECT  `sellers`.* FROM `sellers` WHERE `sellers`.`seller_id` IS NULL LIMIT 1[0m  [["LIMIT", 1]]
  [1m[36mCACHE (0.0ms)[0m  [1m[34mSELECT  `categories`.* FROM `categories` WHERE `categories`.`category_id` = 1 LIMIT 1[0m  [["category_id", 1], ["LIMIT", 1]]
  [1m[36mSubCategory Load (0.5ms)[0m  [1m[34mSELECT  `sub_categories`.* FROM `sub_categories` WHERE `sub_categories`.`sub_category_id` = 2 LIMIT 1[0m
  [1m[36mCACHE (0.0ms)[0m  [1m[34mSELECT  `sellers`.* FROM `sellers` WHERE `sellers`.`seller_id` IS NULL LIMIT 1[0m  [["LIMIT", 1]]
  Rendered items/index.html.erb within layouts/standard (73.1ms)
  [1m[36mUser Load (0.5ms)[0m  [1m[34mSELECT  `users`.* FROM `users` WHERE `users`.`user_id` = 'usman2897' LIMIT 1[0m
Completed 200 OK in 123ms (Views: 96.3ms | ActiveRecord: 9.7ms)


